{"type":"FeatureCollection","metadata":{"carrier":"T-Mobile","source":"FCC National Broadband Map (Broadband Data Collection), provider-reported mobile broadband coverage, H3 res-9 hexagon files","source_url":"https://broadbandmap.fcc.gov/data-download/nationwide-data","filing":"As of December 31, 2025 (BDC filing; downloaded 2026-09-26, files bdc_{12,13,37,45}_*_mobile_broadband_h3_D25)","meaning":"Shaded = the carrier reports neither 4G LTE (5/1 Mbps) nor 5G-NR (7/1 Mbps) coverage, outdoor stationary","processing":"Within 5 mi of the driving route and 3 mi of each stop; land only (US Census TIGER 2024 county minus area-water); gaps under 0.5 km2 dropped; simplified ~60 m","caveat":"FCC provider-reported coverage; real signal can be worse."},"features":[{"type":"Feature","properties":{"sqmi":80.19},"geometry":{"type":"Polygon","coordinates":[[[-80.91264,32.67393],[-80.91077,32.67338],[-80.91028,32.67163],[-80.90605,32.66879],[-80.90556,32.66704],[-80.90694,32.66583],[-80.90881,32.66638],[-80.91019,32.66517],[-80.9097,32.66342],[-80.91109,32.66221],[-80.9106,32.66046],[-80.91198,32.65926],[-80.91621,32.6621],[-80.9176,32.66089],[-80.91711,32.65914],[-80.91849,32.65794],[-80.918,32.65618],[-80.91938,32.65498],[-80.91889,32.65323],[-80.91702,32.65268],[-80.91564,32.65389],[-80.91613,32.65564],[-80.91474,32.65685],[-80.90962,32.65696],[-80.90913,32.65521],[-80.91051,32.654],[-80.91238,32.65455],[-80.91377,32.65334],[-80.91328,32.65159],[-80.90904,32.64875],[-80.90855,32.647],[-80.90994,32.64579],[-80.90945,32.64404],[-80.91083,32.64284],[-80.91034,32.64109],[-80.90847,32.64054],[-80.90709,32.64175],[-80.90757,32.6435],[-80.90619,32.6447],[-80.90668,32.64646],[-80.9053,32.64766],[-80.90343,32.64712],[-80.90294,32.64537],[-80.90432,32.64416],[-80.90383,32.64241],[-80.90196,32.64186],[-80.90147,32.64011],[-80.90285,32.63891],[-80.90472,32.63945],[-80.90611,32.63825],[-80.90798,32.63879],[-80.90936,32.63758],[-80.90887,32.63583],[-80.907,32.63529],[-80.90651,32.63354],[-80.90789,32.63233],[-80.9074,32.63058],[-80.90553,32.63004],[-80.90504,32.62828],[-80.90642,32.62708],[-80.90593,32.62533],[-80.90732,32.62412],[-80.90919,32.62467],[-80.91057,32.62346],[-80.91008,32.62171],[-80.91146,32.6205],[-80.91333,32.62105],[-80.91472,32.61984],[-80.91423,32.61809],[-80.91561,32.61688],[-80.91984,32.61972],[-80.92033,32.62147],[-80.9222,32.62202],[-80.92269,32.62377],[-80.92456,32.62431],[-80.92594,32.62311],[-80.92545,32.62136],[-80.92358,32.62081],[-80.92309,32.61906],[-80.92448,32.61785],[-80.92635,32.6184],[-80.92684,32.62015],[-80.92871,32.62069],[-80.93009,32.61949],[-80.9296,32.61774],[-80.92773,32.61719],[-80.92724,32.61544],[-80.92862,32.61423],[-80.93049,32.61478],[-80.93098,32.61653],[-80.93285,32.61707],[-80.93424,32.61587],[-80.93375,32.61412],[-80.93513,32.61291],[-80.93464,32.61116],[-80.93602,32.60995],[-80.93553,32.6082],[-80.93691,32.60699],[-80.93878,32.60754],[-80.93927,32.60929],[-80.94115,32.60983],[-80.94253,32.60862],[-80.94204,32.60687],[-80.94342,32.60567],[-80.94529,32.60621],[-80.94667,32.605],[-80.94618,32.60325],[-80.94756,32.60204],[-80.94944,32.60259],[-80.95082,32.60138],[-80.95033,32.59963],[-80.95171,32.59842],[-80.95122,32.59667],[-80.94935,32.59613],[-80.94886,32.59437],[-80.95024,32.59317],[-80.95211,32.59371],[-80.9526,32.59546],[-80.95447,32.59601],[-80.95586,32.5948],[-80.95537,32.59305],[-80.95349,32.5925],[-80.953,32.59075],[-80.94788,32.59087],[-80.94739,32.58912],[-80.94877,32.58791],[-80.94828,32.58616],[-80.94641,32.58562],[-80.94592,32.58387],[-80.9473,32.58266],[-80.94681,32.58091],[-80.94494,32.58036],[-80.94445,32.57861],[-80.94583,32.5774],[-80.95006,32.58024],[-80.95144,32.57904],[-80.95332,32.57958],[-80.9547,32.57837],[-80.95893,32.58121],[-80.96031,32.58],[-80.96219,32.58055],[-80.96268,32.5823],[-80.96455,32.58284],[-80.96593,32.58163],[-80.96544,32.57988],[-80.96682,32.57867],[-80.96633,32.57692],[-80.9612,32.57704],[-80.96071,32.57529],[-80.95884,32.57475],[-80.95835,32.573],[-80.95973,32.57179],[-80.96161,32.57233],[-80.96299,32.57112],[-80.9625,32.56937],[-80.96388,32.56816],[-80.96339,32.56641],[-80.96477,32.5652],[-80.96428,32.56345],[-80.96566,32.56224],[-80.96517,32.56049],[-80.9633,32.55995],[-80.96281,32.5582],[-80.96419,32.55699],[-80.9637,32.55524],[-80.96508,32.55403],[-80.96695,32.55457],[-80.96833,32.55336],[-80.97021,32.55391],[-80.97159,32.5527],[-80.97346,32.55324],[-80.97484,32.55203],[-80.97435,32.55028],[-80.97248,32.54974],[-80.97199,32.54799],[-80.96775,32.54515],[-80.96726,32.5434],[-80.96864,32.54219],[-80.96815,32.54044],[-80.96303,32.54056],[-80.96254,32.53881],[-80.96392,32.5376],[-80.96579,32.53814],[-80.96717,32.53693],[-80.96668,32.53518],[-80.96806,32.53397],[-80.96994,32.53452],[-80.97132,32.53331],[-80.97083,32.53156],[-80.96896,32.53101],[-80.96757,32.53222],[-80.96245,32.53234],[-80.96196,32.53059],[-80.96334,32.52938],[-80.96285,32.52763],[-80.96423,32.52642],[-80.9661,32.52697],[-80.96659,32.52872],[-80.96847,32.52926],[-80.96985,32.52805],[-80.97172,32.52859],[-80.9731,32.52739],[-80.97497,32.52793],[-80.97546,32.52968],[-80.97408,32.53089],[-80.97457,32.53264],[-80.97319,32.53385],[-80.97368,32.5356],[-80.97555,32.53615],[-80.97693,32.53494],[-80.97644,32.53318],[-80.97782,32.53198],[-80.98206,32.53481],[-80.98344,32.5336],[-80.98531,32.53415],[-80.98669,32.53294],[-80.9862,32.53119],[-80.98758,32.52998],[-80.99271,32.52985],[-80.99409,32.52864],[-80.9936,32.52689],[-80.99173,32.52635],[-80.99123,32.5246],[-80.99262,32.52339],[-80.99449,32.52393],[-80.99587,32.52272],[-80.99774,32.52326],[-80.99912,32.52206],[-81.00099,32.5226],[-81.00238,32.52139],[-81.00188,32.51964],[-81.00327,32.51843],[-81.00514,32.51897],[-81.00652,32.51776],[-81.00603,32.51601],[-81.00741,32.5148],[-81.00928,32.51534],[-81.01066,32.51413],[-81.01017,32.51238],[-81.01155,32.51117],[-81.01106,32.50942],[-81.01244,32.50821],[-81.01195,32.50645],[-81.01008,32.50591],[-81.00959,32.50416],[-81.01097,32.50295],[-81.01048,32.5012],[-81.01186,32.49999],[-81.01373,32.50053],[-81.01511,32.49932],[-81.01462,32.49757],[-81.016,32.49636],[-81.01551,32.49461],[-81.01689,32.4934],[-81.01876,32.49394],[-81.01926,32.49569],[-81.02438,32.49556],[-81.02487,32.49732],[-81.02674,32.49786],[-81.02813,32.49665],[-81.02763,32.4949],[-81.02902,32.49369],[-81.03414,32.49356],[-81.03463,32.49531],[-81.03651,32.49585],[-81.03789,32.49464],[-81.0374,32.49289],[-81.03878,32.49168],[-81.03828,32.48993],[-81.03641,32.48939],[-81.03592,32.48763],[-81.0373,32.48642],[-81.03681,32.48467],[-81.03819,32.48346],[-81.04006,32.484],[-81.04144,32.48279],[-81.04095,32.48104],[-81.04233,32.47983],[-81.04184,32.47807],[-81.04322,32.47686],[-81.04273,32.47511],[-81.04411,32.4739],[-81.04362,32.47215],[-81.03849,32.47228],[-81.03711,32.47349],[-81.03761,32.47524],[-81.03622,32.47645],[-81.0311,32.47658],[-81.03061,32.47482],[-81.03199,32.47361],[-81.0315,32.47186],[-81.02637,32.47199],[-81.02588,32.47024],[-81.02165,32.4674],[-81.02115,32.46565],[-81.02253,32.46444],[-81.02204,32.46268],[-81.02342,32.46147],[-81.02293,32.45972],[-81.02106,32.45918],[-81.02057,32.45743],[-81.02195,32.45622],[-81.02146,32.45446],[-81.02284,32.45325],[-81.02471,32.4538],[-81.02609,32.45258],[-81.0256,32.45083],[-81.02698,32.44962],[-81.02885,32.45016],[-81.02934,32.45192],[-81.02796,32.45313],[-81.02845,32.45488],[-81.03033,32.45542],[-81.03171,32.45421],[-81.03358,32.45475],[-81.03496,32.45354],[-81.03447,32.45179],[-81.03585,32.45058],[-81.03772,32.45112],[-81.03821,32.45287],[-81.03683,32.45408],[-81.03732,32.45583],[-81.04156,32.45867],[-81.04294,32.45746],[-81.04245,32.45571],[-81.04058,32.45516],[-81.04008,32.45341],[-81.04147,32.4522],[-81.04334,32.45274],[-81.04472,32.45153],[-81.04659,32.45207],[-81.04797,32.45086],[-81.04984,32.4514],[-81.05122,32.45019],[-81.05073,32.44844],[-81.05211,32.44723],[-81.05399,32.44777],[-81.05537,32.44656],[-81.05487,32.4448],[-81.05625,32.44359],[-81.05576,32.44184],[-81.05714,32.44063],[-81.05665,32.43887],[-81.05241,32.43604],[-81.05192,32.43429],[-81.05005,32.43375],[-81.04956,32.43199],[-81.05094,32.43078],[-81.05281,32.43132],[-81.0533,32.43308],[-81.05518,32.43362],[-81.05656,32.43241],[-81.05606,32.43065],[-81.05744,32.42944],[-81.05695,32.42769],[-81.05833,32.42648],[-81.05784,32.42472],[-81.05922,32.42351],[-81.05873,32.42176],[-81.06011,32.42055],[-81.05962,32.41879],[-81.05538,32.41596],[-81.054,32.41717],[-81.05449,32.41892],[-81.05311,32.42014],[-81.05124,32.4196],[-81.05075,32.41784],[-81.05213,32.41663],[-81.05164,32.41488],[-81.04651,32.41501],[-81.04602,32.41326],[-81.04415,32.41271],[-81.04277,32.41393],[-81.03854,32.41109],[-81.03805,32.40934],[-81.03943,32.40813],[-81.0413,32.40867],[-81.04268,32.40746],[-81.04219,32.4057],[-81.04031,32.40516],[-81.03982,32.40341],[-81.0412,32.4022],[-81.04307,32.40274],[-81.04445,32.40153],[-81.04396,32.39978],[-81.04534,32.39856],[-81.04485,32.39681],[-81.04298,32.39627],[-81.04249,32.39452],[-81.04387,32.39331],[-81.04338,32.39155],[-81.04151,32.39101],[-81.04013,32.39222],[-81.03826,32.39168],[-81.03688,32.39289],[-81.035,32.39235],[-81.03451,32.3906],[-81.03264,32.39006],[-81.03215,32.38831],[-81.03353,32.3871],[-81.0354,32.38764],[-81.03678,32.38643],[-81.03629,32.38467],[-81.03767,32.38346],[-81.03718,32.38171],[-81.03856,32.3805],[-81.03807,32.37874],[-81.03945,32.37753],[-81.03896,32.37578],[-81.04034,32.37457],[-81.04546,32.37443],[-81.04595,32.37619],[-81.04782,32.37673],[-81.04831,32.37848],[-81.04693,32.37969],[-81.04742,32.38145],[-81.04929,32.38199],[-81.05067,32.38077],[-81.05018,32.37902],[-81.05156,32.37781],[-81.05343,32.37835],[-81.05392,32.3801],[-81.05905,32.37997],[-81.05954,32.38172],[-81.06141,32.38226],[-81.06279,32.38105],[-81.0623,32.3793],[-81.06368,32.37809],[-81.06319,32.37633],[-81.06457,32.37512],[-81.0688,32.37795],[-81.07018,32.37674],[-81.06969,32.37499],[-81.07107,32.37378],[-81.07294,32.37432],[-81.07343,32.37607],[-81.07205,32.37728],[-81.07254,32.37903],[-81.07442,32.37957],[-81.0758,32.37836],[-81.0753,32.37661],[-81.07668,32.3754],[-81.07856,32.37594],[-81.07905,32.37769],[-81.07767,32.3789],[-81.07816,32.38065],[-81.08003,32.3812],[-81.08141,32.37998],[-81.08092,32.37823],[-81.0823,32.37702],[-81.08417,32.37756],[-81.08555,32.37634],[-81.08506,32.37459],[-81.08644,32.37338],[-81.08595,32.37162],[-81.08733,32.37041],[-81.08683,32.36866],[-81.08496,32.36812],[-81.08358,32.36933],[-81.08407,32.37108],[-81.0827,32.3723],[-81.08082,32.37176],[-81.08033,32.37],[-81.08171,32.36879],[-81.08122,32.36704],[-81.07935,32.3665],[-81.07885,32.36475],[-81.07373,32.36488],[-81.07324,32.36313],[-81.07462,32.36191],[-81.07649,32.36245],[-81.07787,32.36124],[-81.07974,32.36178],[-81.08112,32.36057],[-81.08063,32.35881],[-81.08201,32.3576],[-81.08388,32.35814],[-81.08526,32.35693],[-81.08477,32.35517],[-81.0829,32.35463],[-81.0824,32.35288],[-81.07817,32.35005],[-81.07768,32.34829],[-81.07906,32.34708],[-81.07857,32.34533],[-81.07669,32.34479],[-81.0762,32.34304],[-81.07108,32.34317],[-81.07059,32.34142],[-81.06635,32.33858],[-81.06586,32.33683],[-81.06724,32.33562],[-81.06911,32.33616],[-81.0696,32.33791],[-81.07148,32.33845],[-81.07286,32.33724],[-81.07236,32.33548],[-81.07374,32.33427],[-81.07325,32.33252],[-81.07463,32.3313],[-81.07414,32.32955],[-81.07552,32.32834],[-81.07503,32.32658],[-81.07641,32.32537],[-81.07828,32.32591],[-81.07966,32.3247],[-81.08153,32.32524],[-81.08291,32.32402],[-81.08478,32.32456],[-81.08616,32.32335],[-81.08566,32.32159],[-81.08704,32.32038],[-81.09217,32.32025],[-81.09266,32.322],[-81.09453,32.32254],[-81.09502,32.32429],[-81.09689,32.32483],[-81.09827,32.32362],[-81.10014,32.32416],[-81.10152,32.32294],[-81.10576,32.32577],[-81.10714,32.32456],[-81.10901,32.3251],[-81.11039,32.32389],[-81.1099,32.32213],[-81.11128,32.32092],[-81.11315,32.32146],[-81.11453,32.32024],[-81.11404,32.31849],[-81.11541,32.31728],[-81.11492,32.31552],[-81.1163,32.31431],[-81.12142,32.31417],[-81.1228,32.31296],[-81.12231,32.3112],[-81.12044,32.31066],[-81.11906,32.31188],[-81.11719,32.31134],[-81.11581,32.31255],[-81.11157,32.30972],[-81.11108,32.30797],[-81.11246,32.30675],[-81.11669,32.30959],[-81.11807,32.30837],[-81.11758,32.30662],[-81.11896,32.3054],[-81.11847,32.30365],[-81.1166,32.30311],[-81.11522,32.30433],[-81.11335,32.30379],[-81.11285,32.30203],[-81.11423,32.30082],[-81.11374,32.29907],[-81.11512,32.29785],[-81.11699,32.29839],[-81.11748,32.30014],[-81.11935,32.30068],[-81.11985,32.30244],[-81.12172,32.30297],[-81.12231,32.30718],[-81.12491,32.30973],[-81.12498,32.31174],[-81.12588,32.31237],[-81.12564,32.31531],[-81.12686,32.31801],[-81.1264,32.31251],[-81.12528,32.30975],[-81.12863,32.30723],[-81.13265,32.30872],[-81.12996,32.31113],[-81.12928,32.31355],[-81.13122,32.31952],[-81.13026,32.3255],[-81.13084,32.32688],[-81.13206,32.32717],[-81.13376,32.32463],[-81.13534,32.32451],[-81.13765,32.32859],[-81.13499,32.33018],[-81.13253,32.33455],[-81.12871,32.33599],[-81.12799,32.33805],[-81.12892,32.34179],[-81.13385,32.34386],[-81.13376,32.34543],[-81.13431,32.34819],[-81.13484,32.34918],[-81.13551,32.3493],[-81.13422,32.34613],[-81.13624,32.34707],[-81.13641,32.3491],[-81.13503,32.35032],[-81.13552,32.35207],[-81.13414,32.35329],[-81.13464,32.35504],[-81.13326,32.35625],[-81.13375,32.35801],[-81.13237,32.35922],[-81.1305,32.35868],[-81.12912,32.3599],[-81.12961,32.36165],[-81.12823,32.36286],[-81.12872,32.36462],[-81.12734,32.36583],[-81.12784,32.36758],[-81.12646,32.3688],[-81.12695,32.37055],[-81.12557,32.37177],[-81.12606,32.37352],[-81.12468,32.37473],[-81.12518,32.37649],[-81.1238,32.3777],[-81.12192,32.37716],[-81.12054,32.37837],[-81.12104,32.38013],[-81.11966,32.38134],[-81.12015,32.38309],[-81.11877,32.38431],[-81.11926,32.38606],[-81.11788,32.38728],[-81.11837,32.38903],[-81.11699,32.39024],[-81.11749,32.392],[-81.11611,32.39321],[-81.11423,32.39267],[-81.11285,32.39388],[-81.11335,32.39564],[-81.11197,32.39685],[-81.11246,32.3986],[-81.11108,32.39981],[-81.11157,32.40157],[-81.11019,32.40278],[-81.11068,32.40453],[-81.1093,32.40575],[-81.1098,32.4075],[-81.10842,32.40871],[-81.10654,32.40817],[-81.10516,32.40939],[-81.10565,32.41114],[-81.10427,32.41235],[-81.10477,32.41411],[-81.10339,32.41532],[-81.10388,32.41707],[-81.1025,32.41828],[-81.10299,32.42004],[-81.10161,32.42125],[-81.1021,32.423],[-81.10072,32.42422],[-81.10122,32.42597],[-81.09984,32.42718],[-81.09796,32.42664],[-81.09658,32.42785],[-81.09707,32.42961],[-81.09569,32.43082],[-81.09619,32.43257],[-81.09481,32.43378],[-81.0953,32.43554],[-81.09392,32.43675],[-81.09441,32.4385],[-81.09303,32.43972],[-81.09352,32.44147],[-81.09214,32.44268],[-81.09027,32.44214],[-81.08889,32.44335],[-81.08938,32.44511],[-81.088,32.44632],[-81.08849,32.44807],[-81.08711,32.44928],[-81.0876,32.45104],[-81.08622,32.45225],[-81.08435,32.45171],[-81.08297,32.45292],[-81.08346,32.45467],[-81.08208,32.45588],[-81.08257,32.45764],[-81.08119,32.45885],[-81.07932,32.45831],[-81.07794,32.45952],[-81.07843,32.46127],[-81.07705,32.46248],[-81.07754,32.46424],[-81.07616,32.46545],[-81.07665,32.4672],[-81.07527,32.46841],[-81.07576,32.47016],[-81.07438,32.47138],[-81.07488,32.47313],[-81.07349,32.47434],[-81.07162,32.4738],[-81.07024,32.47501],[-81.07073,32.47676],[-81.06935,32.47798],[-81.06984,32.47973],[-81.06846,32.48094],[-81.06895,32.48269],[-81.06757,32.4839],[-81.06807,32.48566],[-81.06668,32.48687],[-81.06481,32.48633],[-81.06343,32.48754],[-81.06392,32.48929],[-81.06254,32.4905],[-81.06303,32.49225],[-81.06165,32.49346],[-81.05978,32.49292],[-81.0584,32.49413],[-81.05889,32.49589],[-81.05751,32.4971],[-81.058,32.49885],[-81.05662,32.50006],[-81.05711,32.50181],[-81.05573,32.50302],[-81.05622,32.50478],[-81.05484,32.50599],[-81.05533,32.50774],[-81.05721,32.50828],[-81.0577,32.51003],[-81.05632,32.51124],[-81.05681,32.513],[-81.05543,32.51421],[-81.05592,32.51596],[-81.05454,32.51717],[-81.05503,32.51892],[-81.05365,32.52013],[-81.05414,32.52189],[-81.05276,32.5231],[-81.05325,32.52485],[-81.05187,32.52606],[-81.05236,32.52781],[-81.05098,32.52902],[-81.05147,32.53077],[-81.05009,32.53198],[-81.05058,32.53374],[-81.0492,32.53495],[-81.04969,32.5367],[-81.04831,32.53791],[-81.04644,32.53737],[-81.04506,32.53858],[-81.04555,32.54033],[-81.04417,32.54154],[-81.04466,32.54329],[-81.04328,32.5445],[-81.04377,32.54625],[-81.04239,32.54746],[-81.04288,32.54922],[-81.0415,32.55043],[-81.04199,32.55218],[-81.04061,32.55339],[-81.03873,32.55285],[-81.03735,32.55406],[-81.03784,32.55581],[-81.03646,32.55702],[-81.03695,32.55877],[-81.03557,32.55998],[-81.03606,32.56173],[-81.03468,32.56294],[-81.03517,32.56469],[-81.03379,32.5659],[-81.03428,32.56766],[-81.0329,32.56887],[-81.03339,32.57062],[-81.03201,32.57183],[-81.03014,32.57128],[-81.02876,32.57249],[-81.02925,32.57425],[-81.02787,32.57545],[-81.02836,32.57721],[-81.02698,32.57842],[-81.02747,32.58017],[-81.02608,32.58138],[-81.02658,32.58313],[-81.02519,32.58434],[-81.02569,32.58609],[-81.0243,32.5873],[-81.02243,32.58676],[-81.02105,32.58797],[-81.02154,32.58972],[-81.02016,32.59093],[-81.02065,32.59268],[-81.01927,32.59389],[-81.01976,32.59564],[-81.01838,32.59685],[-81.01887,32.5986],[-81.01749,32.59981],[-81.01561,32.59927],[-81.01423,32.60047],[-81.01472,32.60223],[-81.01334,32.60344],[-81.01383,32.60519],[-81.01245,32.6064],[-81.01294,32.60815],[-81.01156,32.60936],[-81.00968,32.60881],[-81.0083,32.61002],[-81.00879,32.61177],[-81.00741,32.61298],[-81.0079,32.61473],[-81.00652,32.61594],[-81.00465,32.6154],[-81.00326,32.61661],[-81.00375,32.61836],[-81.00237,32.61957],[-81.00286,32.62132],[-81.00148,32.62253],[-80.99635,32.62265],[-80.99497,32.62385],[-80.99546,32.62561],[-80.99408,32.62681],[-80.99457,32.62857],[-80.99319,32.62977],[-80.99131,32.62923],[-80.98993,32.63044],[-80.98806,32.62989],[-80.98667,32.6311],[-80.98716,32.63285],[-80.98578,32.63406],[-80.98627,32.63581],[-80.98489,32.63702],[-80.98538,32.63877],[-80.984,32.63998],[-80.98212,32.63944],[-80.98074,32.64064],[-80.98123,32.64239],[-80.97985,32.6436],[-80.97798,32.64306],[-80.97659,32.64427],[-80.97709,32.64602],[-80.9757,32.64722],[-80.97057,32.64734],[-80.96919,32.64855],[-80.96968,32.6503],[-80.9683,32.65151],[-80.96642,32.65096],[-80.96504,32.65217],[-80.96553,32.65392],[-80.96415,32.65513],[-80.96464,32.65688],[-80.96326,32.65809],[-80.96139,32.65754],[-80.96,32.65875],[-80.96049,32.6605],[-80.95911,32.66171],[-80.9596,32.66346],[-80.95822,32.66467],[-80.95634,32.66412],[-80.95496,32.66533],[-80.95545,32.66708],[-80.95407,32.66829],[-80.95456,32.67004],[-80.95318,32.67125],[-80.9513,32.6707],[-80.94992,32.67191],[-80.95041,32.67366],[-80.94903,32.67486],[-80.94716,32.67432],[-80.94577,32.67553],[-80.94626,32.67728],[-80.94488,32.67848],[-80.94537,32.68023],[-80.94399,32.68144],[-80.93886,32.68156],[-80.93748,32.68276],[-80.93797,32.68451],[-80.93658,32.68572],[-80.93235,32.68288],[-80.93186,32.68113],[-80.93324,32.67992],[-80.93275,32.67817],[-80.93088,32.67763],[-80.92949,32.67883],[-80.92526,32.67599],[-80.92388,32.6772],[-80.922,32.67665],[-80.92062,32.67786],[-80.91875,32.67731],[-80.91826,32.67556],[-80.91964,32.67436],[-80.92151,32.6749],[-80.9229,32.67369],[-80.92241,32.67194],[-80.92379,32.67074],[-80.92566,32.67128],[-80.92704,32.67008],[-80.92892,32.67062],[-80.9303,32.66942],[-80.93217,32.66996],[-80.93355,32.66875],[-80.93543,32.6693],[-80.93681,32.66809],[-80.93868,32.66864],[-80.94007,32.66743],[-80.93958,32.66568],[-80.94096,32.66447],[-80.94047,32.66272],[-80.94185,32.66152],[-80.94136,32.65977],[-80.93949,32.65922],[-80.9381,32.66043],[-80.9386,32.66218],[-80.93721,32.66338],[-80.93298,32.66054],[-80.93159,32.66175],[-80.93208,32.6635],[-80.9307,32.66471],[-80.93119,32.66646],[-80.92981,32.66766],[-80.92794,32.66712],[-80.92655,32.66833],[-80.92468,32.66778],[-80.9233,32.66899],[-80.92143,32.66844],[-80.92004,32.66965],[-80.91817,32.6691],[-80.91679,32.67031],[-80.91728,32.67206],[-80.9159,32.67327],[-80.91402,32.67272],[-80.91264,32.67393]],[[-80.91155,32.62696],[-80.90968,32.62642],[-80.9083,32.62762],[-80.90878,32.62937],[-80.91066,32.62992],[-80.91204,32.62871],[-80.91155,32.62696]],[[-80.91244,32.624],[-80.91293,32.62576],[-80.91805,32.62564],[-80.91944,32.62443],[-80.91895,32.62268],[-80.91382,32.6228],[-80.91244,32.624]],[[-80.92068,32.64731],[-80.92117,32.64906],[-80.91978,32.65027],[-80.92027,32.65202],[-80.92451,32.65486],[-80.92589,32.65366],[-80.9254,32.6519],[-80.92353,32.65136],[-80.92304,32.64961],[-80.92442,32.6484],[-80.92393,32.64665],[-80.92206,32.64611],[-80.92157,32.64436],[-80.91644,32.64447],[-80.91506,32.64568],[-80.91555,32.64743],[-80.91417,32.64864],[-80.91466,32.65039],[-80.91653,32.65093],[-80.91791,32.64973],[-80.91742,32.64797],[-80.9188,32.64677],[-80.92068,32.64731]],[[-80.92839,32.63186],[-80.92652,32.63132],[-80.92514,32.63253],[-80.92563,32.63428],[-80.9275,32.63482],[-80.92888,32.63361],[-80.92839,32.63186]],[[-80.93156,32.62474],[-80.93107,32.62299],[-80.9292,32.62245],[-80.92782,32.62365],[-80.92831,32.6254],[-80.93018,32.62595],[-80.93156,32.62474]],[[-80.94064,32.67564],[-80.94015,32.67389],[-80.93828,32.67335],[-80.93779,32.6716],[-80.93592,32.67105],[-80.93453,32.67226],[-80.93266,32.67171],[-80.93128,32.67292],[-80.93177,32.67467],[-80.9369,32.67455],[-80.93739,32.6763],[-80.93926,32.67685],[-80.94064,32.67564]],[[-80.93522,32.61937],[-80.93334,32.61882],[-80.93196,32.62003],[-80.93245,32.62178],[-80.93432,32.62233],[-80.93571,32.62112],[-80.93522,32.61937]],[[-80.94025,32.61279],[-80.93838,32.61225],[-80.937,32.61345],[-80.93749,32.6152],[-80.93936,32.61575],[-80.94074,32.61454],[-80.94025,32.61279]],[[-80.94765,32.60851],[-80.94814,32.61026],[-80.94676,32.61146],[-80.94725,32.61322],[-80.94912,32.61376],[-80.95051,32.61255],[-80.95002,32.6108],[-80.9514,32.60959],[-80.95091,32.60784],[-80.94904,32.6073],[-80.94765,32.60851]],[[-80.95644,32.60301],[-80.95594,32.60126],[-80.95407,32.60072],[-80.95269,32.60192],[-80.95318,32.60368],[-80.95505,32.60422],[-80.95644,32.60301]],[[-80.96067,32.60585],[-80.96116,32.6076],[-80.9654,32.61044],[-80.96678,32.60923],[-80.96629,32.60748],[-80.96205,32.60464],[-80.96067,32.60585]],[[-80.97101,32.54448],[-80.97288,32.54503],[-80.97426,32.54382],[-80.97377,32.54207],[-80.97515,32.54086],[-80.97466,32.53911],[-80.97279,32.53856],[-80.97141,32.53977],[-80.9719,32.54152],[-80.97052,32.54273],[-80.97101,32.54448]],[[-80.98353,32.54007],[-80.98166,32.53953],[-80.98028,32.54073],[-80.98077,32.54249],[-80.97938,32.5437],[-80.97988,32.54545],[-80.98175,32.54599],[-80.98313,32.54478],[-80.98264,32.54303],[-80.98402,32.54182],[-80.98589,32.54236],[-80.98638,32.54412],[-80.985,32.54532],[-80.98549,32.54708],[-80.98411,32.54829],[-80.98224,32.54774],[-80.98086,32.54895],[-80.98135,32.5507],[-80.98322,32.55125],[-80.98371,32.553],[-80.98233,32.55421],[-80.98282,32.55596],[-80.98469,32.5565],[-80.98518,32.55825],[-80.9838,32.55946],[-80.98429,32.56121],[-80.98291,32.56242],[-80.9834,32.56417],[-80.98202,32.56538],[-80.98251,32.56713],[-80.98438,32.56768],[-80.98576,32.56647],[-80.98527,32.56472],[-80.98665,32.56351],[-80.98853,32.56405],[-80.98991,32.56284],[-80.98942,32.56109],[-80.9908,32.55988],[-80.99031,32.55813],[-80.99169,32.55692],[-80.9912,32.55517],[-80.98607,32.55529],[-80.98558,32.55354],[-80.98696,32.55233],[-80.98884,32.55287],[-80.99022,32.55167],[-80.98973,32.54991],[-80.98785,32.54937],[-80.98736,32.54762],[-80.98875,32.54641],[-80.98825,32.54466],[-80.98964,32.54345],[-80.98914,32.5417],[-80.98491,32.53886],[-80.98353,32.54007]],[[-80.99386,32.5329],[-80.98726,32.53428],[-80.98802,32.53638],[-80.99305,32.53544],[-80.99386,32.5329]],[[-80.99592,32.54092],[-80.994,32.54078],[-80.99319,32.5433],[-80.99159,32.54406],[-80.99308,32.54454],[-80.99263,32.5486],[-80.99127,32.54926],[-80.99214,32.55029],[-80.99338,32.55022],[-80.99436,32.54853],[-80.99592,32.54092]],[[-80.99941,32.55235],[-80.99176,32.55167],[-80.99309,32.55503],[-80.99358,32.55322],[-80.9965,32.55357],[-80.99941,32.55235]],[[-80.99832,32.53148],[-80.99645,32.53094],[-80.99507,32.53215],[-80.99556,32.5339],[-80.99743,32.53444],[-80.99881,32.53323],[-80.99832,32.53148]],[[-80.99964,32.59678],[-80.99966,32.59617],[-80.99592,32.59848],[-80.99766,32.59898],[-80.99964,32.59678]],[[-80.99918,32.55909],[-81.00056,32.55788],[-81.00007,32.55613],[-80.9982,32.55559],[-80.99682,32.5568],[-80.99731,32.55855],[-80.99918,32.55909]],[[-81.00265,32.54078],[-81.00452,32.54133],[-81.00591,32.54012],[-81.00541,32.53837],[-81.00118,32.53553],[-80.9998,32.53674],[-81.00029,32.53849],[-80.99891,32.5397],[-80.9994,32.54145],[-81.00127,32.54199],[-81.00265,32.54078]],[[-81.01426,32.5699],[-81.01564,32.56869],[-81.01515,32.56694],[-81.01653,32.56573],[-81.01604,32.56398],[-81.01091,32.5641],[-81.00953,32.56531],[-81.01002,32.56706],[-81.00864,32.56827],[-81.00913,32.57003],[-81.01426,32.5699]],[[-81.01429,32.53933],[-81.01241,32.53878],[-81.01103,32.53999],[-81.01152,32.54175],[-81.0134,32.54229],[-81.01478,32.54108],[-81.01429,32.53933]],[[-81.01272,32.5276],[-81.01134,32.52881],[-81.01183,32.53057],[-81.0137,32.53111],[-81.01508,32.5299],[-81.01459,32.52815],[-81.01272,32.5276]],[[-81.01726,32.51926],[-81.01864,32.51805],[-81.01815,32.5163],[-81.01953,32.51509],[-81.01904,32.51334],[-81.01717,32.5128],[-81.01579,32.51401],[-81.01628,32.51576],[-81.0149,32.51697],[-81.01303,32.51642],[-81.01165,32.51763],[-81.01214,32.51939],[-81.01401,32.51993],[-81.01539,32.51872],[-81.01726,32.51926]],[[-81.0207,32.53153],[-81.02021,32.52977],[-81.01834,32.52923],[-81.01696,32.53044],[-81.01745,32.53219],[-81.01932,32.53274],[-81.0207,32.53153]],[[-81.02073,32.50095],[-81.02024,32.49919],[-81.01837,32.49865],[-81.01698,32.49986],[-81.01748,32.50161],[-81.01935,32.50216],[-81.02073,32.50095]],[[-81.0204,32.54271],[-81.01902,32.54392],[-81.01951,32.54567],[-81.01813,32.54688],[-81.01862,32.54863],[-81.02049,32.54917],[-81.02187,32.54796],[-81.02138,32.54621],[-81.02276,32.545],[-81.02227,32.54325],[-81.0204,32.54271]],[[-81.03791,32.46405],[-81.03978,32.4646],[-81.04116,32.46338],[-81.04067,32.46163],[-81.0388,32.46109],[-81.03742,32.4623],[-81.03791,32.46405]],[[-81.04065,32.49222],[-81.04114,32.49397],[-81.04538,32.49681],[-81.04676,32.4956],[-81.04627,32.49385],[-81.04203,32.49101],[-81.04065,32.49222]],[[-81.05151,32.4696],[-81.05338,32.47014],[-81.05476,32.46893],[-81.05427,32.46718],[-81.05003,32.46434],[-81.04865,32.46555],[-81.04914,32.4673],[-81.04776,32.46851],[-81.04825,32.47027],[-81.05013,32.47081],[-81.05151,32.4696]],[[-81.05368,32.45895],[-81.05181,32.45841],[-81.05132,32.45666],[-81.04945,32.45612],[-81.04807,32.45733],[-81.04856,32.45908],[-81.05043,32.45962],[-81.05092,32.46138],[-81.05279,32.46192],[-81.05418,32.46071],[-81.05368,32.45895]],[[-81.05546,32.45303],[-81.05684,32.45181],[-81.05635,32.45006],[-81.05448,32.44952],[-81.0531,32.45073],[-81.05359,32.45248],[-81.05546,32.45303]],[[-81.06227,32.4405],[-81.0604,32.43996],[-81.05902,32.44117],[-81.05951,32.44292],[-81.06138,32.44346],[-81.06276,32.44225],[-81.06227,32.4405]],[[-81.06109,32.42405],[-81.06159,32.42581],[-81.06021,32.42702],[-81.0607,32.42877],[-81.06257,32.42931],[-81.06395,32.4281],[-81.06346,32.42635],[-81.06484,32.42513],[-81.06435,32.42338],[-81.06247,32.42284],[-81.06109,32.42405]],[[-81.06436,32.39278],[-81.06485,32.39453],[-81.06672,32.39507],[-81.0681,32.39386],[-81.06761,32.39211],[-81.06574,32.39157],[-81.06436,32.39278]],[[-81.06603,32.41098],[-81.06465,32.41219],[-81.06514,32.41395],[-81.06701,32.41449],[-81.06839,32.41327],[-81.0679,32.41152],[-81.06603,32.41098]],[[-81.06631,32.43039],[-81.06493,32.4316],[-81.06543,32.43336],[-81.0673,32.4339],[-81.06868,32.43269],[-81.06819,32.43093],[-81.06631,32.43039]],[[-81.06957,32.42972],[-81.07144,32.43026],[-81.07282,32.42905],[-81.07233,32.4273],[-81.07046,32.42676],[-81.06908,32.42797],[-81.06957,32.42972]],[[-81.07157,32.4449],[-81.07327,32.44359],[-81.07154,32.44249],[-81.07084,32.44421],[-81.07157,32.4449]],[[-81.07696,32.42541],[-81.07647,32.42366],[-81.0746,32.42312],[-81.07322,32.42433],[-81.07371,32.42609],[-81.07558,32.42663],[-81.07696,32.42541]],[[-81.07903,32.4389],[-81.0809,32.43944],[-81.08228,32.43822],[-81.08179,32.43647],[-81.07992,32.43593],[-81.07854,32.43714],[-81.07903,32.4389]],[[-81.08438,32.32928],[-81.08625,32.32982],[-81.08763,32.32861],[-81.08714,32.32685],[-81.08202,32.32699],[-81.08064,32.3282],[-81.08113,32.32996],[-81.07975,32.33117],[-81.08024,32.33292],[-81.08211,32.33346],[-81.08349,32.33225],[-81.083,32.3305],[-81.08438,32.32928]],[[-81.08231,32.34641],[-81.08418,32.34695],[-81.08556,32.34573],[-81.08507,32.34398],[-81.0832,32.34344],[-81.08182,32.34465],[-81.08231,32.34641]],[[-81.08437,32.35989],[-81.08299,32.36111],[-81.08349,32.36286],[-81.08536,32.3634],[-81.08674,32.36219],[-81.08625,32.36043],[-81.08437,32.35989]],[[-81.09747,32.39428],[-81.09797,32.39603],[-81.09984,32.39657],[-81.10033,32.39833],[-81.1022,32.39887],[-81.10359,32.39765],[-81.10309,32.3959],[-81.10447,32.39469],[-81.10635,32.39523],[-81.10773,32.39402],[-81.10723,32.39226],[-81.10536,32.39172],[-81.10398,32.39294],[-81.09974,32.3901],[-81.09999,32.38751],[-81.10101,32.38773],[-81.10053,32.38627],[-81.0999,32.3868],[-81.10029,32.38544],[-81.09969,32.38618],[-81.10074,32.38425],[-81.09955,32.3838],[-81.09879,32.38391],[-81.09934,32.38866],[-81.09738,32.38781],[-81.09495,32.38298],[-81.09295,32.38463],[-81.09465,32.38584],[-81.09363,32.38673],[-81.09176,32.38619],[-81.09127,32.38444],[-81.08939,32.3839],[-81.08801,32.38511],[-81.08851,32.38686],[-81.09274,32.38969],[-81.09324,32.39145],[-81.09747,32.39428]],[[-81.08997,32.32575],[-81.08999,32.32578],[-81.08942,32.32058],[-81.08997,32.32575]],[[-81.09118,32.33423],[-81.09102,32.3335],[-81.09147,32.33616],[-81.09009,32.33737],[-81.09059,32.33913],[-81.09571,32.33899],[-81.09709,32.33778],[-81.0966,32.33603],[-81.09236,32.33319],[-81.09118,32.33423]],[[-81.09035,32.33361],[-81.09081,32.33541],[-81.09055,32.33346],[-81.09035,32.33361]],[[-81.09926,32.37971],[-81.09752,32.38032],[-81.09759,32.38293],[-81.09934,32.38294],[-81.09926,32.37971]],[[-81.09878,32.38658],[-81.09857,32.38441],[-81.09753,32.38352],[-81.09878,32.38658]],[[-81.10064,32.32591],[-81.09926,32.32712],[-81.09975,32.32888],[-81.10162,32.32942],[-81.103,32.3282],[-81.10251,32.32645],[-81.10064,32.32591]],[[-81.1029,32.33254],[-81.1018,32.33193],[-81.1027,32.33272],[-81.10269,32.33363],[-81.1029,32.33254]],[[-81.10419,32.33364],[-81.10428,32.3338],[-81.10456,32.3337],[-81.10419,32.33364]],[[-81.10753,32.35046],[-81.10566,32.34992],[-81.10428,32.35113],[-81.10477,32.35288],[-81.10664,32.35342],[-81.10802,32.35221],[-81.10753,32.35046]],[[-81.10552,32.33477],[-81.10473,32.33388],[-81.10461,32.33519],[-81.10552,32.33477]],[[-81.1229,32.31943],[-81.12428,32.31822],[-81.12379,32.31646],[-81.12192,32.31592],[-81.12054,32.31714],[-81.12103,32.31889],[-81.1229,32.31943]]]}},{"type":"Feature","properties":{"sqmi":79.35},"geometry":{"type":"Polygon","coordinates":[[[-79.48379,33.17658],[-79.47874,33.17662],[-79.47828,33.17489],[-79.47966,33.17371],[-79.48471,33.17368],[-79.48609,33.1725],[-79.48563,33.17077],[-79.48379,33.1702],[-79.48333,33.16846],[-79.4792,33.16559],[-79.47874,33.16385],[-79.48012,33.16268],[-79.47966,33.16095],[-79.47783,33.16038],[-79.47645,33.16155],[-79.47691,33.16329],[-79.47553,33.16446],[-79.47369,33.16389],[-79.47323,33.16216],[-79.47461,33.16098],[-79.47186,33.15694],[-79.47324,33.15577],[-79.47278,33.15403],[-79.47416,33.15286],[-79.47599,33.15343],[-79.47737,33.15226],[-79.47691,33.15052],[-79.47508,33.14995],[-79.47048,33.15173],[-79.46635,33.14886],[-79.46498,33.15003],[-79.45993,33.15007],[-79.45855,33.15124],[-79.45901,33.15298],[-79.45763,33.15415],[-79.45809,33.15589],[-79.45671,33.15706],[-79.45488,33.15649],[-79.45442,33.15476],[-79.4558,33.15358],[-79.45534,33.15185],[-79.45029,33.15189],[-79.44983,33.15015],[-79.45121,33.14898],[-79.45075,33.14724],[-79.44892,33.14667],[-79.44846,33.14494],[-79.44984,33.14376],[-79.44938,33.14203],[-79.45397,33.14025],[-79.4558,33.14082],[-79.45718,33.13965],[-79.45902,33.14021],[-79.46039,33.13904],[-79.45994,33.1373],[-79.46131,33.13613],[-79.46636,33.13609],[-79.46774,33.13492],[-79.46728,33.13318],[-79.46866,33.13201],[-79.4682,33.13027],[-79.46958,33.1291],[-79.46912,33.12736],[-79.4705,33.12619],[-79.47463,33.12906],[-79.476,33.12789],[-79.47784,33.12846],[-79.47922,33.12728],[-79.47876,33.12555],[-79.48013,33.12437],[-79.48197,33.12494],[-79.48335,33.12377],[-79.48289,33.12203],[-79.48427,33.12086],[-79.48381,33.11912],[-79.48518,33.11795],[-79.48473,33.11621],[-79.4861,33.11504],[-79.48565,33.1133],[-79.48702,33.11213],[-79.49207,33.11209],[-79.49253,33.11383],[-79.49437,33.11439],[-79.49574,33.11322],[-79.49528,33.11148],[-79.49666,33.11031],[-79.4985,33.11087],[-79.49987,33.1097],[-79.49942,33.10796],[-79.50079,33.10679],[-79.50033,33.10505],[-79.50171,33.10388],[-79.50355,33.10444],[-79.50814,33.10266],[-79.50997,33.10323],[-79.51135,33.10206],[-79.51089,33.10032],[-79.51227,33.09915],[-79.51411,33.09971],[-79.51548,33.09854],[-79.51502,33.0968],[-79.5164,33.09563],[-79.51824,33.09619],[-79.51961,33.09502],[-79.51916,33.09328],[-79.51502,33.09041],[-79.51457,33.08867],[-79.51916,33.08689],[-79.52329,33.08976],[-79.52466,33.08859],[-79.52191,33.08455],[-79.52329,33.08337],[-79.52283,33.08163],[-79.5242,33.08046],[-79.52375,33.07872],[-79.52512,33.07755],[-79.52466,33.07581],[-79.52283,33.07525],[-79.52145,33.07642],[-79.51961,33.07586],[-79.51916,33.07412],[-79.52053,33.07294],[-79.52007,33.07121],[-79.52145,33.07003],[-79.52558,33.0729],[-79.52604,33.07464],[-79.52788,33.0752],[-79.52925,33.07403],[-79.52879,33.07229],[-79.53017,33.07112],[-79.5343,33.07398],[-79.53568,33.07281],[-79.53522,33.07107],[-79.5366,33.0699],[-79.53843,33.07046],[-79.54119,33.0745],[-79.53981,33.07568],[-79.53798,33.07511],[-79.5366,33.07629],[-79.53706,33.07803],[-79.53568,33.0792],[-79.53384,33.07863],[-79.53247,33.07981],[-79.53522,33.08385],[-79.53706,33.08441],[-79.54165,33.08263],[-79.54119,33.08089],[-79.54257,33.07972],[-79.54762,33.07968],[-79.549,33.0785],[-79.54854,33.07676],[-79.54991,33.07559],[-79.55405,33.07846],[-79.55451,33.08019],[-79.55634,33.08076],[-79.56094,33.07898],[-79.56277,33.07954],[-79.56415,33.07837],[-79.56369,33.07663],[-79.56507,33.07545],[-79.56691,33.07602],[-79.56828,33.07484],[-79.57242,33.07771],[-79.5738,33.07654],[-79.57334,33.0748],[-79.57471,33.07362],[-79.57655,33.07419],[-79.57793,33.07301],[-79.58206,33.07588],[-79.58252,33.07762],[-79.58436,33.07818],[-79.58482,33.07992],[-79.58345,33.08109],[-79.58391,33.08283],[-79.58896,33.08279],[-79.59034,33.08161],[-79.58988,33.07987],[-79.59125,33.0787],[-79.59309,33.07926],[-79.59447,33.07809],[-79.59861,33.08096],[-79.59907,33.08269],[-79.60091,33.08326],[-79.60137,33.085],[-79.60321,33.08556],[-79.60459,33.08439],[-79.60412,33.08265],[-79.6055,33.08147],[-79.60964,33.08434],[-79.61102,33.08316],[-79.61286,33.08373],[-79.61332,33.08547],[-79.61838,33.08542],[-79.61884,33.08716],[-79.62068,33.08772],[-79.62114,33.08946],[-79.62528,33.09233],[-79.62666,33.09115],[-79.62619,33.08941],[-79.62757,33.08824],[-79.62711,33.0865],[-79.62849,33.08532],[-79.63355,33.08528],[-79.63401,33.08702],[-79.63585,33.08758],[-79.63723,33.0864],[-79.63676,33.08466],[-79.63814,33.08349],[-79.63768,33.08175],[-79.63906,33.08057],[-79.6386,33.07883],[-79.64319,33.07705],[-79.64273,33.07531],[-79.63859,33.07244],[-79.63813,33.0707],[-79.63951,33.06953],[-79.64365,33.07239],[-79.64411,33.07413],[-79.64595,33.0747],[-79.64733,33.07352],[-79.64686,33.07178],[-79.64824,33.0706],[-79.6533,33.07055],[-79.65468,33.06938],[-79.65422,33.06764],[-79.64916,33.06769],[-79.6487,33.06595],[-79.65007,33.06477],[-79.64961,33.06303],[-79.65099,33.06186],[-79.65053,33.06012],[-79.65191,33.05894],[-79.65144,33.0572],[-79.6496,33.05664],[-79.64914,33.0549],[-79.64409,33.05495],[-79.64362,33.05321],[-79.645,33.05203],[-79.64454,33.05029],[-79.64913,33.04851],[-79.64867,33.04677],[-79.64683,33.0462],[-79.64637,33.04446],[-79.64775,33.04329],[-79.64729,33.04155],[-79.64315,33.03868],[-79.64177,33.03986],[-79.64223,33.0416],[-79.64407,33.04216],[-79.64453,33.0439],[-79.64315,33.04508],[-79.64131,33.04451],[-79.64085,33.04277],[-79.63901,33.04221],[-79.63855,33.04047],[-79.63993,33.0393],[-79.63947,33.03756],[-79.64085,33.03638],[-79.64038,33.03464],[-79.64176,33.03346],[-79.6413,33.03172],[-79.64589,33.02993],[-79.64773,33.0305],[-79.64911,33.02932],[-79.64865,33.02758],[-79.64681,33.02702],[-79.64635,33.02528],[-79.64772,33.0241],[-79.64956,33.02467],[-79.65003,33.02641],[-79.65187,33.02697],[-79.65324,33.02579],[-79.65278,33.02405],[-79.65416,33.02288],[-79.6537,33.02114],[-79.65507,33.01996],[-79.65691,33.02052],[-79.65829,33.01934],[-79.65783,33.01761],[-79.65921,33.01643],[-79.66104,33.01699],[-79.66242,33.01581],[-79.66196,33.01407],[-79.66334,33.0129],[-79.66288,33.01116],[-79.66425,33.00998],[-79.66379,33.00824],[-79.66838,33.00645],[-79.67253,33.00931],[-79.6739,33.00814],[-79.67344,33.0064],[-79.6716,33.00583],[-79.67114,33.00409],[-79.67252,33.00292],[-79.67205,33.00118],[-79.67665,32.99938],[-79.67849,32.99995],[-79.67895,33.00169],[-79.68142,33.00171],[-79.68263,33.00375],[-79.69512,33.00399],[-79.69843,33.00289],[-79.70125,33.00017],[-79.70097,32.99563],[-79.70239,32.99446],[-79.70192,32.99272],[-79.70093,32.99242],[-79.70149,32.99072],[-79.70318,32.99208],[-79.70399,32.9952],[-79.70589,32.99605],[-79.71572,32.99234],[-79.70878,32.99075],[-79.70862,32.98759],[-79.70697,32.98627],[-79.70898,32.98485],[-79.71123,32.98495],[-79.71513,32.98776],[-79.71938,32.98848],[-79.72053,32.98746],[-79.72031,32.98601],[-79.72214,32.9861],[-79.72335,32.98429],[-79.72633,32.98583],[-79.72959,32.98419],[-79.72827,32.987],[-79.72989,32.98843],[-79.73272,32.98826],[-79.73463,32.98676],[-79.73428,32.98499],[-79.73577,32.98257],[-79.73729,32.98222],[-79.73883,32.98352],[-79.74271,32.98172],[-79.74417,32.98332],[-79.74603,32.98144],[-79.72932,32.96583],[-79.72437,32.96578],[-79.71758,32.9725],[-79.71676,32.97629],[-79.71539,32.97727],[-79.71277,32.96731],[-79.71066,32.96699],[-79.71181,32.97213],[-79.71173,32.97797],[-79.71068,32.98254],[-79.7093,32.98319],[-79.70742,32.97753],[-79.70553,32.97726],[-79.70348,32.97951],[-79.70184,32.97666],[-79.69798,32.97687],[-79.69914,32.97588],[-79.69867,32.97414],[-79.69362,32.9742],[-79.69315,32.97246],[-79.69453,32.97128],[-79.69407,32.96954],[-79.69544,32.96836],[-79.69959,32.97122],[-79.70096,32.97004],[-79.7005,32.9683],[-79.70188,32.96713],[-79.70142,32.96539],[-79.69727,32.96252],[-79.6959,32.9637],[-79.69636,32.96544],[-79.69498,32.96662],[-79.68993,32.96667],[-79.68946,32.96493],[-79.69084,32.96376],[-79.69038,32.96202],[-79.69176,32.96084],[-79.69129,32.9591],[-79.69267,32.95792],[-79.69681,32.96078],[-79.69819,32.9596],[-79.70003,32.96016],[-79.7014,32.95899],[-79.70094,32.95725],[-79.70232,32.95607],[-79.70186,32.95433],[-79.70323,32.95315],[-79.70507,32.95371],[-79.70553,32.95545],[-79.71059,32.95539],[-79.71105,32.95713],[-79.71289,32.9577],[-79.71427,32.95652],[-79.71381,32.95478],[-79.71519,32.9536],[-79.71703,32.95416],[-79.71749,32.9559],[-79.71611,32.95708],[-79.71657,32.95882],[-79.71841,32.95938],[-79.71979,32.9582],[-79.71933,32.95646],[-79.72071,32.95528],[-79.72255,32.95584],[-79.72301,32.95758],[-79.72163,32.95876],[-79.72209,32.9605],[-79.7175,32.9623],[-79.71796,32.96404],[-79.72302,32.96398],[-79.7244,32.9628],[-79.72394,32.96106],[-79.72531,32.95989],[-79.72946,32.96275],[-79.73083,32.96157],[-79.73267,32.96213],[-79.73314,32.96387],[-79.7382,32.96381],[-79.73866,32.96555],[-79.7405,32.96612],[-79.74096,32.96786],[-79.74281,32.96842],[-79.7474,32.96662],[-79.74694,32.96488],[-79.74279,32.96202],[-79.74233,32.96028],[-79.74692,32.95848],[-79.74646,32.95674],[-79.74784,32.95556],[-79.74968,32.95612],[-79.75427,32.95432],[-79.75612,32.95488],[-79.75658,32.95662],[-79.7552,32.9578],[-79.75567,32.95954],[-79.75107,32.96134],[-79.75153,32.96308],[-79.75338,32.96364],[-79.75797,32.96185],[-79.75751,32.9601],[-79.75889,32.95893],[-79.75842,32.95718],[-79.7598,32.956],[-79.76395,32.95887],[-79.76532,32.95769],[-79.76486,32.95595],[-79.76624,32.95477],[-79.77038,32.95763],[-79.77085,32.95937],[-79.77269,32.95993],[-79.77315,32.96167],[-79.775,32.96223],[-79.77959,32.96043],[-79.77913,32.95869],[-79.78051,32.95751],[-79.78557,32.95745],[-79.78695,32.95627],[-79.78648,32.95453],[-79.78786,32.95335],[-79.78739,32.95161],[-79.78877,32.95043],[-79.79292,32.95329],[-79.7943,32.95211],[-79.79383,32.95037],[-79.79521,32.94919],[-79.79705,32.94975],[-79.79752,32.95149],[-79.79614,32.95267],[-79.79661,32.95441],[-79.79523,32.95559],[-79.79569,32.95734],[-79.79432,32.95852],[-79.79478,32.96026],[-79.79018,32.96206],[-79.79065,32.9638],[-79.78927,32.96498],[-79.78973,32.96672],[-79.78836,32.9679],[-79.78882,32.96964],[-79.78744,32.97082],[-79.78791,32.97256],[-79.78331,32.97436],[-79.78378,32.9761],[-79.7824,32.97728],[-79.78286,32.97902],[-79.77826,32.98082],[-79.77873,32.98256],[-79.77735,32.98374],[-79.77782,32.98548],[-79.77644,32.98666],[-79.77459,32.9861],[-79.77322,32.98728],[-79.77368,32.98902],[-79.7723,32.9902],[-79.77046,32.98964],[-79.76908,32.99082],[-79.76955,32.99256],[-79.76817,32.99374],[-79.76633,32.99318],[-79.76495,32.99436],[-79.76541,32.9961],[-79.76404,32.99727],[-79.76219,32.99671],[-79.76082,32.99789],[-79.76128,32.99963],[-79.7599,33.00081],[-79.75687,33.00049],[-79.75715,33.00317],[-79.75577,33.00435],[-79.75623,33.00609],[-79.75485,33.00727],[-79.75301,33.00671],[-79.75163,33.00789],[-79.7521,33.00963],[-79.75072,33.01081],[-79.74888,33.01024],[-79.7475,33.01142],[-79.74796,33.01316],[-79.74659,33.01434],[-79.74474,33.01378],[-79.74337,33.01496],[-79.74383,33.0167],[-79.74245,33.01788],[-79.74061,33.01732],[-79.73923,33.01849],[-79.7397,33.02023],[-79.73832,33.02141],[-79.73648,33.02085],[-79.7351,33.02203],[-79.73556,33.02377],[-79.73418,33.02495],[-79.73234,33.02439],[-79.73096,33.02556],[-79.73143,33.0273],[-79.73005,33.02848],[-79.72499,33.02854],[-79.72361,33.02971],[-79.72407,33.03145],[-79.71948,33.03325],[-79.71994,33.03499],[-79.71856,33.03617],[-79.71903,33.03791],[-79.71765,33.03908],[-79.71811,33.04082],[-79.71351,33.04262],[-79.71398,33.04436],[-79.7126,33.04553],[-79.71306,33.04727],[-79.71168,33.04845],[-79.71215,33.05019],[-79.71077,33.05137],[-79.71123,33.05311],[-79.70985,33.05429],[-79.70801,33.05372],[-79.70755,33.05198],[-79.70571,33.05142],[-79.70433,33.0526],[-79.70479,33.05434],[-79.70341,33.05552],[-79.70388,33.05726],[-79.7025,33.05843],[-79.70296,33.06017],[-79.7048,33.06074],[-79.70527,33.06248],[-79.70389,33.06365],[-79.70205,33.06309],[-79.70067,33.06427],[-79.70113,33.06601],[-79.69975,33.06718],[-79.69791,33.06662],[-79.69653,33.0678],[-79.69239,33.06493],[-79.69101,33.06611],[-79.69147,33.06785],[-79.69009,33.06903],[-79.69056,33.07077],[-79.6924,33.07133],[-79.69286,33.07307],[-79.69148,33.07425],[-79.69195,33.07599],[-79.69057,33.07716],[-79.69103,33.0789],[-79.68965,33.08008],[-79.68781,33.07952],[-79.68643,33.08069],[-79.6869,33.08243],[-79.68552,33.08361],[-79.68368,33.08305],[-79.6823,33.08422],[-79.68276,33.08596],[-79.68138,33.08714],[-79.67632,33.08719],[-79.67494,33.08836],[-79.67541,33.0901],[-79.67403,33.09128],[-79.67219,33.09072],[-79.67081,33.09189],[-79.67127,33.09363],[-79.66989,33.09481],[-79.66483,33.09486],[-79.66345,33.09603],[-79.66392,33.09777],[-79.66254,33.09895],[-79.6607,33.09838],[-79.6561,33.10017],[-79.65426,33.09961],[-79.65288,33.10078],[-79.65334,33.10252],[-79.65196,33.1037],[-79.65012,33.10314],[-79.64874,33.10431],[-79.6469,33.10375],[-79.64553,33.10492],[-79.64368,33.10436],[-79.64231,33.10553],[-79.64047,33.10497],[-79.63909,33.10615],[-79.63725,33.10558],[-79.63587,33.10676],[-79.63403,33.10619],[-79.63265,33.10737],[-79.63081,33.10681],[-79.62943,33.10798],[-79.62759,33.10742],[-79.62621,33.10859],[-79.62437,33.10803],[-79.623,33.1092],[-79.62116,33.10864],[-79.61978,33.10981],[-79.61794,33.10925],[-79.61334,33.11103],[-79.6115,33.11047],[-79.61012,33.11164],[-79.61059,33.11338],[-79.60921,33.11456],[-79.60737,33.11399],[-79.60599,33.11517],[-79.60415,33.1146],[-79.60277,33.11578],[-79.60093,33.11521],[-79.59956,33.11639],[-79.59772,33.11582],[-79.59634,33.117],[-79.5945,33.11643],[-79.5899,33.11822],[-79.58806,33.11765],[-79.58669,33.11883],[-79.58715,33.12057],[-79.58577,33.12174],[-79.58071,33.12179],[-79.57934,33.12296],[-79.5798,33.1247],[-79.57842,33.12587],[-79.57336,33.12592],[-79.57198,33.12709],[-79.57244,33.12883],[-79.57107,33.13],[-79.56601,33.13005],[-79.56463,33.13122],[-79.56509,33.13296],[-79.56372,33.13413],[-79.55866,33.13417],[-79.55728,33.13535],[-79.55774,33.13709],[-79.55637,33.13826],[-79.55131,33.1383],[-79.54993,33.13948],[-79.55039,33.14121],[-79.54901,33.14239],[-79.54396,33.14243],[-79.54258,33.1436],[-79.54304,33.14534],[-79.54166,33.14651],[-79.53661,33.14656],[-79.53523,33.14773],[-79.53569,33.14947],[-79.5311,33.15125],[-79.53156,33.15298],[-79.53018,33.15416],[-79.53064,33.1559],[-79.52605,33.15767],[-79.52651,33.15941],[-79.52513,33.16059],[-79.52559,33.16232],[-79.52421,33.1635],[-79.52467,33.16523],[-79.52007,33.16701],[-79.52053,33.16875],[-79.51916,33.16992],[-79.51961,33.17166],[-79.51502,33.17344],[-79.51548,33.17518],[-79.5141,33.17635],[-79.51456,33.17809],[-79.51318,33.17926],[-79.51364,33.181],[-79.50905,33.18277],[-79.50951,33.18451],[-79.50813,33.18568],[-79.50859,33.18742],[-79.50721,33.18859],[-79.50767,33.19033],[-79.50307,33.19211],[-79.50353,33.19384],[-79.50216,33.19502],[-79.50261,33.19675],[-79.49802,33.19853],[-79.49848,33.20027],[-79.4971,33.20144],[-79.49756,33.20318],[-79.49618,33.20435],[-79.49664,33.20609],[-79.49205,33.20786],[-79.4925,33.2096],[-79.49113,33.21077],[-79.49159,33.21251],[-79.48699,33.21428],[-79.48745,33.21602],[-79.48607,33.21719],[-79.48653,33.21893],[-79.48515,33.2201],[-79.48331,33.21953],[-79.48194,33.2207],[-79.48239,33.22244],[-79.48102,33.22361],[-79.47918,33.22304],[-79.4778,33.22422],[-79.47826,33.22595],[-79.47688,33.22712],[-79.47734,33.22886],[-79.47596,33.23003],[-79.47306,33.22936],[-79.46999,33.23072],[-79.46621,33.23091],[-79.46042,33.23437],[-79.45819,33.23443],[-79.45791,33.23206],[-79.46168,33.23022],[-79.46195,33.22901],[-79.4603,33.22799],[-79.45973,33.22818],[-79.45803,33.22971],[-79.45617,33.22933],[-79.4532,33.22695],[-79.45195,33.22396],[-79.45649,33.21901],[-79.45571,33.21785],[-79.44665,33.21182],[-79.44591,33.2131],[-79.44067,33.21435],[-79.43684,33.2138],[-79.43372,33.21061],[-79.43832,33.20883],[-79.43786,33.2071],[-79.44245,33.20532],[-79.44199,33.20359],[-79.44016,33.20302],[-79.43878,33.20419],[-79.43694,33.20362],[-79.43235,33.20539],[-79.43052,33.20483],[-79.43006,33.20309],[-79.43465,33.20132],[-79.43649,33.20188],[-79.43786,33.20071],[-79.4397,33.20128],[-79.44108,33.20011],[-79.44521,33.20298],[-79.44658,33.20181],[-79.44613,33.20008],[-79.44751,33.1989],[-79.45163,33.20178],[-79.45209,33.20351],[-79.45393,33.20408],[-79.45531,33.20291],[-79.45485,33.20117],[-79.45301,33.20061],[-79.45255,33.19887],[-79.45393,33.1977],[-79.45806,33.20057],[-79.46266,33.19879],[-79.4622,33.19706],[-79.46358,33.19589],[-79.46312,33.19415],[-79.46128,33.19358],[-79.46082,33.19185],[-79.4622,33.19067],[-79.46174,33.18894],[-79.46634,33.18716],[-79.46817,33.18773],[-79.46955,33.18656],[-79.47139,33.18712],[-79.47276,33.18595],[-79.4746,33.18652],[-79.47598,33.18535],[-79.47323,33.18131],[-79.47782,33.17953],[-79.47965,33.1801],[-79.48103,33.17893],[-79.48287,33.17949],[-79.48425,33.17832],[-79.48379,33.17658]],[[-79.50309,33.10909],[-79.50492,33.10966],[-79.5063,33.10849],[-79.50584,33.10675],[-79.50401,33.10618],[-79.50263,33.10736],[-79.50309,33.10909]],[[-79.51702,33.10246],[-79.51808,33.10085],[-79.51634,33.10234],[-79.51702,33.10246]],[[-79.54654,33.11802],[-79.54534,33.11705],[-79.54511,33.1173],[-79.54654,33.11802]],[[-79.59082,33.11531],[-79.5922,33.11413],[-79.59174,33.11239],[-79.59312,33.11122],[-79.59495,33.11178],[-79.59633,33.11061],[-79.59587,33.10887],[-79.59082,33.10891],[-79.58944,33.11009],[-79.5899,33.11183],[-79.5853,33.11361],[-79.58577,33.11535],[-79.59082,33.11531]],[[-79.60229,33.08848],[-79.60045,33.08791],[-79.59907,33.08909],[-79.59954,33.09082],[-79.60137,33.09139],[-79.60275,33.09021],[-79.60229,33.08848]],[[-79.6409,33.08114],[-79.64136,33.08288],[-79.6432,33.08344],[-79.64458,33.08226],[-79.64412,33.08053],[-79.64228,33.07996],[-79.6409,33.08114]],[[-79.65055,33.0793],[-79.64871,33.07874],[-79.64733,33.07991],[-79.6478,33.08165],[-79.64964,33.08222],[-79.65101,33.08104],[-79.65055,33.0793]],[[-79.65147,33.07639],[-79.65193,33.07812],[-79.65377,33.07869],[-79.65515,33.07751],[-79.65469,33.07577],[-79.65606,33.0746],[-79.6556,33.07286],[-79.65376,33.07229],[-79.65238,33.07347],[-79.65285,33.07521],[-79.65147,33.07639]],[[-79.66062,33.04083],[-79.65924,33.04201],[-79.6597,33.04375],[-79.66154,33.04431],[-79.66292,33.04314],[-79.66246,33.0414],[-79.66062,33.04083]],[[-79.66387,33.0658],[-79.66433,33.06754],[-79.66617,33.0681],[-79.66755,33.06693],[-79.66709,33.06519],[-79.66525,33.06462],[-79.66387,33.0658]],[[-79.66892,33.05935],[-79.6703,33.05818],[-79.66984,33.05644],[-79.668,33.05588],[-79.66662,33.05705],[-79.66708,33.05879],[-79.66892,33.05935]],[[-79.67169,33.0634],[-79.67031,33.06457],[-79.67077,33.06631],[-79.67261,33.06688],[-79.67399,33.0657],[-79.67353,33.06396],[-79.67169,33.0634]],[[-79.70602,32.96999],[-79.7074,32.96881],[-79.70693,32.96707],[-79.70509,32.96651],[-79.70372,32.96769],[-79.70418,32.96943],[-79.70602,32.96999]],[[-79.75936,32.96707],[-79.76121,32.96763],[-79.76258,32.96645],[-79.76212,32.96471],[-79.76028,32.96415],[-79.7589,32.96533],[-79.75936,32.96707]]]}},{"type":"Feature","properties":{"sqmi":79.0},"geometry":{"type":"Polygon","coordinates":[[[-76.95341,35.76173],[-76.95157,35.76266],[-76.95173,35.76429],[-76.94989,35.76522],[-76.94403,35.76471],[-76.94219,35.76564],[-76.94018,35.76492],[-76.93834,35.76585],[-76.93634,35.76513],[-76.93617,35.7635],[-76.93802,35.76257],[-76.93786,35.76093],[-76.93585,35.76022],[-76.93401,35.76114],[-76.932,35.76043],[-76.93184,35.75879],[-76.92984,35.75808],[-76.92799,35.759],[-76.92816,35.76064],[-76.93016,35.76135],[-76.93032,35.76299],[-76.92463,35.76412],[-76.92479,35.76576],[-76.93065,35.76627],[-76.93081,35.76791],[-76.93281,35.76862],[-76.93466,35.7677],[-76.93666,35.76841],[-76.93682,35.77005],[-76.93883,35.77076],[-76.94067,35.76984],[-76.94652,35.77034],[-76.94837,35.76942],[-76.95037,35.77013],[-76.95054,35.77177],[-76.95254,35.77248],[-76.9527,35.77412],[-76.95086,35.77505],[-76.95102,35.77669],[-76.94918,35.77761],[-76.94332,35.77711],[-76.94148,35.77803],[-76.94164,35.77967],[-76.94365,35.78038],[-76.94381,35.78202],[-76.94197,35.78295],[-76.93996,35.78223],[-76.9398,35.78059],[-76.93779,35.77988],[-76.9321,35.78101],[-76.9301,35.7803],[-76.92993,35.77866],[-76.93178,35.77774],[-76.93162,35.7761],[-76.93346,35.77517],[-76.9333,35.77353],[-76.92744,35.77303],[-76.9256,35.77395],[-76.92576,35.77559],[-76.92392,35.77652],[-76.92408,35.77815],[-76.92608,35.77887],[-76.92625,35.78051],[-76.92825,35.78122],[-76.92841,35.78286],[-76.93042,35.78358],[-76.93058,35.78521],[-76.93259,35.78593],[-76.93275,35.78757],[-76.92705,35.7887],[-76.92505,35.78799],[-76.9232,35.78891],[-76.92337,35.79055],[-76.92152,35.79147],[-76.91952,35.79076],[-76.91935,35.78912],[-76.9212,35.7882],[-76.92104,35.78656],[-76.92288,35.78563],[-76.92272,35.78399],[-76.92071,35.78328],[-76.92055,35.78164],[-76.9147,35.78114],[-76.91454,35.7795],[-76.91638,35.77857],[-76.91622,35.77694],[-76.91806,35.77601],[-76.9179,35.77437],[-76.91975,35.77345],[-76.91958,35.77181],[-76.91758,35.7711],[-76.91574,35.77202],[-76.9159,35.77366],[-76.91405,35.77458],[-76.91205,35.77387],[-76.91189,35.77223],[-76.90988,35.77151],[-76.90972,35.76988],[-76.91156,35.76895],[-76.9114,35.76731],[-76.91325,35.76639],[-76.91525,35.76711],[-76.92094,35.76597],[-76.92078,35.76433],[-76.92263,35.76341],[-76.92246,35.76177],[-76.92046,35.76106],[-76.9203,35.75942],[-76.91829,35.75871],[-76.91813,35.75707],[-76.91613,35.75635],[-76.91428,35.75728],[-76.91445,35.75891],[-76.9126,35.75984],[-76.91276,35.76148],[-76.91477,35.76219],[-76.91493,35.76383],[-76.90924,35.76496],[-76.9094,35.7666],[-76.90756,35.76752],[-76.9017,35.76702],[-76.90154,35.76538],[-76.90339,35.76446],[-76.90322,35.76282],[-76.90507,35.76189],[-76.90491,35.76026],[-76.90675,35.75933],[-76.90659,35.75769],[-76.90843,35.75677],[-76.90827,35.75513],[-76.90627,35.75442],[-76.90611,35.75278],[-76.9041,35.75207],[-76.90394,35.75043],[-76.90579,35.74951],[-76.90562,35.74787],[-76.90747,35.74694],[-76.90731,35.74531],[-76.9053,35.74459],[-76.90346,35.74552],[-76.90362,35.74715],[-76.90178,35.74808],[-76.90194,35.74971],[-76.9001,35.75064],[-76.90026,35.75228],[-76.89841,35.7532],[-76.89857,35.75484],[-76.89673,35.75576],[-76.89689,35.7574],[-76.89505,35.75832],[-76.89521,35.75996],[-76.89336,35.76088],[-76.89136,35.76017],[-76.8912,35.75853],[-76.89304,35.75761],[-76.89288,35.75597],[-76.89473,35.75505],[-76.89457,35.75341],[-76.89641,35.75248],[-76.89625,35.75085],[-76.89809,35.74992],[-76.89793,35.74829],[-76.89593,35.74757],[-76.89408,35.74849],[-76.89424,35.75013],[-76.8924,35.75105],[-76.89256,35.75269],[-76.89072,35.75362],[-76.89088,35.75525],[-76.88903,35.75618],[-76.88919,35.75781],[-76.88735,35.75874],[-76.88751,35.76038],[-76.88567,35.7613],[-76.88583,35.76294],[-76.88398,35.76386],[-76.88414,35.7655],[-76.88615,35.76621],[-76.88631,35.76785],[-76.88062,35.76898],[-76.87861,35.76827],[-76.87845,35.76663],[-76.87645,35.76591],[-76.8746,35.76684],[-76.86875,35.76633],[-76.86691,35.76725],[-76.86707,35.76889],[-76.86907,35.76961],[-76.86923,35.77124],[-76.86738,35.77217],[-76.86754,35.77381],[-76.86955,35.77452],[-76.86971,35.77616],[-76.86401,35.77729],[-76.86417,35.77893],[-76.86233,35.77985],[-76.86032,35.77914],[-76.86016,35.7775],[-76.85816,35.77678],[-76.858,35.77514],[-76.85985,35.77422],[-76.85969,35.77258],[-76.85383,35.77207],[-76.85367,35.77044],[-76.85167,35.76972],[-76.84983,35.77064],[-76.84782,35.76993],[-76.84766,35.76829],[-76.84566,35.76757],[-76.84381,35.7685],[-76.84397,35.77013],[-76.84213,35.77106],[-76.84012,35.77034],[-76.83828,35.77126],[-76.83627,35.77055],[-76.83612,35.76891],[-76.83026,35.7684],[-76.83011,35.76676],[-76.8281,35.76605],[-76.82794,35.76441],[-76.82594,35.76369],[-76.82409,35.76461],[-76.82209,35.7639],[-76.82193,35.76226],[-76.81993,35.76154],[-76.81809,35.76247],[-76.81824,35.7641],[-76.82025,35.76482],[-76.8204,35.76646],[-76.82241,35.76717],[-76.82257,35.76881],[-76.82072,35.76974],[-76.82088,35.77137],[-76.81903,35.7723],[-76.81919,35.77393],[-76.82119,35.77465],[-76.82135,35.77629],[-76.81951,35.77721],[-76.8175,35.7765],[-76.81735,35.77486],[-76.81534,35.77414],[-76.80965,35.77527],[-76.80764,35.77455],[-76.80749,35.77291],[-76.80548,35.7722],[-76.80364,35.77312],[-76.79778,35.77261],[-76.79594,35.77353],[-76.79393,35.77281],[-76.79378,35.77118],[-76.79177,35.77046],[-76.79162,35.76882],[-76.79346,35.7679],[-76.79331,35.76626],[-76.79515,35.76534],[-76.79499,35.7637],[-76.79684,35.76278],[-76.79668,35.76114],[-76.79853,35.76022],[-76.80053,35.76093],[-76.80069,35.76257],[-76.80269,35.76329],[-76.80285,35.76493],[-76.80485,35.76564],[-76.8067,35.76472],[-76.80654,35.76308],[-76.80454,35.76237],[-76.80438,35.76073],[-76.80623,35.75981],[-76.80607,35.75817],[-76.80406,35.75745],[-76.80391,35.75582],[-76.79806,35.7553],[-76.79621,35.75623],[-76.79637,35.75786],[-76.79452,35.75879],[-76.79252,35.75807],[-76.79236,35.75643],[-76.78651,35.75592],[-76.78636,35.75428],[-76.79205,35.75316],[-76.79189,35.75152],[-76.79374,35.7506],[-76.79574,35.75131],[-76.79759,35.75039],[-76.79743,35.74875],[-76.79927,35.74783],[-76.80512,35.74834],[-76.80528,35.74998],[-76.80728,35.7507],[-76.80913,35.74977],[-76.80897,35.74814],[-76.80697,35.74742],[-76.80681,35.74578],[-76.80865,35.74486],[-76.81066,35.74558],[-76.8125,35.74465],[-76.8145,35.74537],[-76.81635,35.74445],[-76.8222,35.74496],[-76.82404,35.74404],[-76.82388,35.7424],[-76.82573,35.74148],[-76.82773,35.74219],[-76.82958,35.74127],[-76.83542,35.74178],[-76.83727,35.74086],[-76.83711,35.73922],[-76.83895,35.7383],[-76.8388,35.73666],[-76.84449,35.73553],[-76.84433,35.73389],[-76.84617,35.73297],[-76.84601,35.73134],[-76.84786,35.73041],[-76.8477,35.72878],[-76.85339,35.72765],[-76.85323,35.72601],[-76.85507,35.72509],[-76.85491,35.72345],[-76.85675,35.72253],[-76.85659,35.72089],[-76.85844,35.71997],[-76.86044,35.72068],[-76.86228,35.71976],[-76.86212,35.71812],[-76.86397,35.7172],[-76.86597,35.71792],[-76.86781,35.717],[-76.86765,35.71536],[-76.87334,35.71423],[-76.87318,35.71259],[-76.87502,35.71167],[-76.88087,35.71218],[-76.88271,35.71125],[-76.88255,35.70962],[-76.88439,35.70869],[-76.89024,35.7092],[-76.89592,35.70807],[-76.89792,35.70878],[-76.89808,35.71042],[-76.90009,35.71114],[-76.90577,35.71],[-76.90561,35.70837],[-76.90361,35.70765],[-76.90345,35.70602],[-76.90145,35.7053],[-76.90129,35.70367],[-76.89928,35.70295],[-76.89912,35.70132],[-76.89712,35.7006],[-76.89696,35.69896],[-76.89496,35.69825],[-76.8948,35.69661],[-76.89664,35.69569],[-76.89648,35.69406],[-76.89832,35.69313],[-76.89816,35.6915],[-76.9,35.69058],[-76.89984,35.68894],[-76.89784,35.68823],[-76.89768,35.68659],[-76.89952,35.68567],[-76.89936,35.68403],[-76.9012,35.68311],[-76.90104,35.68147],[-76.90288,35.68055],[-76.90272,35.67891],[-76.90456,35.67799],[-76.9044,35.67636],[-76.9024,35.67564],[-76.90224,35.67401],[-76.90408,35.67308],[-76.90392,35.67145],[-76.90576,35.67053],[-76.9056,35.66889],[-76.90744,35.66797],[-76.90728,35.66633],[-76.90528,35.66562],[-76.90512,35.66398],[-76.90696,35.66306],[-76.9068,35.66143],[-76.90864,35.66051],[-76.90848,35.65887],[-76.91032,35.65795],[-76.91015,35.65631],[-76.91199,35.65539],[-76.91183,35.65376],[-76.91367,35.65283],[-76.91351,35.6512],[-76.91919,35.65007],[-76.91903,35.64843],[-76.92087,35.64751],[-76.92071,35.64588],[-76.91871,35.64516],[-76.91855,35.64353],[-76.92039,35.64261],[-76.92022,35.64097],[-76.92206,35.64005],[-76.9219,35.63841],[-76.92374,35.63749],[-76.92358,35.63586],[-76.92542,35.63494],[-76.92742,35.63565],[-76.92926,35.63473],[-76.92909,35.63309],[-76.93093,35.63217],[-76.93293,35.63288],[-76.93861,35.63175],[-76.93845,35.63012],[-76.93261,35.62961],[-76.93245,35.62798],[-76.93429,35.62706],[-76.93412,35.62542],[-76.93596,35.6245],[-76.93796,35.62521],[-76.9398,35.62429],[-76.93964,35.62266],[-76.94148,35.62173],[-76.94347,35.62245],[-76.94364,35.62408],[-76.94564,35.62479],[-76.94747,35.62387],[-76.95331,35.62437],[-76.95515,35.62345],[-76.95498,35.62182],[-76.96066,35.62069],[-76.9605,35.61905],[-76.96233,35.61813],[-76.96217,35.6165],[-76.96401,35.61557],[-76.96601,35.61628],[-76.97168,35.61515],[-76.97152,35.61352],[-76.96952,35.61281],[-76.96385,35.61394],[-76.96185,35.61323],[-76.96168,35.61159],[-76.96352,35.61067],[-76.96336,35.60904],[-76.9652,35.60811],[-76.96503,35.60648],[-76.96687,35.60556],[-76.96671,35.60392],[-76.97238,35.60279],[-76.97222,35.60116],[-76.97405,35.60024],[-76.97389,35.5986],[-76.97573,35.59768],[-76.97556,35.59605],[-76.9774,35.59513],[-76.97724,35.59349],[-76.98291,35.59236],[-76.98491,35.59307],[-76.98507,35.5947],[-76.98707,35.59542],[-76.9889,35.59449],[-76.9909,35.5952],[-76.99106,35.59684],[-76.98923,35.59776],[-76.98939,35.59939],[-76.98756,35.60032],[-76.98772,35.60195],[-76.98972,35.60266],[-76.99155,35.60174],[-76.99739,35.60224],[-76.99922,35.60132],[-76.99906,35.59968],[-76.99706,35.59897],[-76.9969,35.59734],[-76.99873,35.59642],[-77.00073,35.59713],[-77.0009,35.59876],[-77.0029,35.59947],[-77.00473,35.59855],[-77.00457,35.59692],[-77.00257,35.5962],[-77.0024,35.59457],[-76.99657,35.59407],[-76.99641,35.59244],[-76.99441,35.59173],[-76.99425,35.59009],[-76.99608,35.58917],[-76.99808,35.58988],[-76.99824,35.59151],[-77.00024,35.59223],[-77.00208,35.5913],[-77.00191,35.58967],[-77.00375,35.58875],[-77.00575,35.58946],[-77.00591,35.59109],[-77.00791,35.5918],[-77.00975,35.59088],[-77.01174,35.59159],[-77.01191,35.59323],[-77.01391,35.59394],[-77.01407,35.59557],[-77.01991,35.59607],[-77.02007,35.5977],[-77.02207,35.59841],[-77.0239,35.59749],[-77.0259,35.5982],[-77.02607,35.59983],[-77.02807,35.60055],[-77.0299,35.59962],[-77.02974,35.59799],[-77.03157,35.59707],[-77.03357,35.59778],[-77.03541,35.59685],[-77.04124,35.59735],[-77.04141,35.59898],[-77.04341,35.5997],[-77.04357,35.60133],[-77.04557,35.60204],[-77.04574,35.60367],[-77.04774,35.60438],[-77.0479,35.60602],[-77.0499,35.60673],[-77.05007,35.60836],[-77.04823,35.60929],[-77.0484,35.61092],[-77.04656,35.61184],[-77.04456,35.61113],[-77.0444,35.6095],[-77.04623,35.60857],[-77.04607,35.60694],[-77.04407,35.60623],[-77.04223,35.60715],[-77.0424,35.60879],[-77.04056,35.60971],[-77.03856,35.609],[-77.03673,35.60992],[-77.03473,35.60921],[-77.03456,35.60758],[-77.03256,35.60687],[-77.03073,35.60779],[-77.03089,35.60942],[-77.02905,35.61035],[-77.02922,35.61198],[-77.03505,35.61248],[-77.03522,35.61411],[-77.02955,35.61525],[-77.02755,35.61454],[-77.02571,35.61546],[-77.02588,35.6171],[-77.02404,35.61802],[-77.02204,35.61731],[-77.0202,35.61823],[-77.02037,35.61987],[-77.02621,35.62036],[-77.02637,35.622],[-77.02837,35.62271],[-77.03021,35.62179],[-77.03221,35.6225],[-77.03404,35.62157],[-77.03388,35.61994],[-77.03571,35.61902],[-77.03771,35.61973],[-77.03788,35.62136],[-77.03988,35.62207],[-77.04172,35.62115],[-77.04755,35.62165],[-77.04772,35.62328],[-77.04588,35.6242],[-77.04605,35.62584],[-77.04421,35.62676],[-77.04438,35.6284],[-77.0387,35.62953],[-77.03887,35.63117],[-77.04087,35.63188],[-77.04103,35.63351],[-77.0392,35.63444],[-77.03936,35.63607],[-77.04136,35.63678],[-77.0432,35.63586],[-77.04304,35.63422],[-77.04871,35.63309],[-77.04854,35.63145],[-77.05038,35.63053],[-77.05021,35.62889],[-77.04821,35.62818],[-77.04805,35.62655],[-77.04988,35.62563],[-77.05188,35.62634],[-77.05205,35.62797],[-77.05405,35.62868],[-77.05422,35.63032],[-77.05238,35.63124],[-77.05255,35.63287],[-77.05455,35.63358],[-77.05471,35.63522],[-77.04904,35.63636],[-77.0492,35.63799],[-77.04737,35.63891],[-77.04753,35.64055],[-77.04954,35.64126],[-77.0497,35.64289],[-77.04403,35.64403],[-77.04419,35.64567],[-77.04235,35.64659],[-77.04252,35.64822],[-77.04452,35.64894],[-77.04469,35.65057],[-77.04285,35.65149],[-77.04301,35.65313],[-77.04886,35.65363],[-77.05069,35.6527],[-77.05053,35.65107],[-77.05236,35.65014],[-77.0582,35.65064],[-77.06388,35.6495],[-77.06588,35.65022],[-77.06605,35.65185],[-77.06805,35.65256],[-77.06989,35.65164],[-77.06972,35.65],[-77.06772,35.64929],[-77.06755,35.64766],[-77.06939,35.64673],[-77.07139,35.64744],[-77.07156,35.64908],[-77.07356,35.64979],[-77.07372,35.65142],[-77.07189,35.65235],[-77.07205,35.65398],[-77.07022,35.65491],[-77.07038,35.65654],[-77.06855,35.65747],[-77.06655,35.65676],[-77.06638,35.65512],[-77.06438,35.65441],[-77.06254,35.65533],[-77.0567,35.65484],[-77.05486,35.65576],[-77.05503,35.6574],[-77.05703,35.65811],[-77.0572,35.65974],[-77.05536,35.66067],[-77.05552,35.6623],[-77.05369,35.66323],[-77.04785,35.66273],[-77.04768,35.66109],[-77.04952,35.66017],[-77.04935,35.65853],[-77.04735,35.65782],[-77.04551,35.65875],[-77.04568,35.66038],[-77.04384,35.66131],[-77.038,35.66081],[-77.03616,35.66173],[-77.03416,35.66102],[-77.03399,35.65938],[-77.03583,35.65846],[-77.03567,35.65683],[-77.03367,35.65611],[-77.0335,35.65448],[-77.0315,35.65377],[-77.03133,35.65213],[-77.02933,35.65142],[-77.02749,35.65235],[-77.02766,35.65398],[-77.02582,35.6549],[-77.02382,35.65419],[-77.02198,35.65512],[-77.02215,35.65675],[-77.02415,35.65746],[-77.02431,35.6591],[-77.03016,35.6596],[-77.03032,35.66123],[-77.03232,35.66194],[-77.03249,35.66358],[-77.03449,35.66429],[-77.03465,35.66593],[-77.03282,35.66685],[-77.03298,35.66848],[-77.03114,35.66941],[-77.02914,35.6687],[-77.0273,35.66962],[-77.0253,35.66891],[-77.02514,35.66727],[-77.02313,35.66656],[-77.0213,35.66749],[-77.02146,35.66912],[-77.02346,35.66983],[-77.02363,35.67147],[-77.02179,35.67239],[-77.02195,35.67403],[-77.02012,35.67495],[-77.02028,35.67659],[-77.02228,35.6773],[-77.02796,35.67616],[-77.0278,35.67453],[-77.0258,35.67382],[-77.02563,35.67218],[-77.02747,35.67126],[-77.02947,35.67197],[-77.02964,35.6736],[-77.03164,35.67432],[-77.03348,35.67339],[-77.03548,35.6741],[-77.03564,35.67574],[-77.03765,35.67645],[-77.03781,35.67809],[-77.03213,35.67922],[-77.0323,35.68086],[-77.0343,35.68157],[-77.03447,35.68321],[-77.03647,35.68392],[-77.03831,35.68299],[-77.04031,35.6837],[-77.04048,35.68534],[-77.0348,35.68648],[-77.03279,35.68577],[-77.03263,35.68413],[-77.03062,35.68342],[-77.03046,35.68178],[-77.02846,35.68107],[-77.02662,35.68199],[-77.02678,35.68363],[-77.02494,35.68455],[-77.02511,35.68619],[-77.02327,35.68711],[-77.02344,35.68875],[-77.02928,35.68925],[-77.02945,35.69089],[-77.03145,35.6916],[-77.03329,35.69067],[-77.03312,35.68904],[-77.03496,35.68811],[-77.03696,35.68882],[-77.03713,35.69046],[-77.03529,35.69139],[-77.03546,35.69302],[-77.03746,35.69373],[-77.03762,35.69537],[-77.03579,35.69629],[-77.03378,35.69558],[-77.03362,35.69395],[-77.02777,35.69345],[-77.02593,35.69437],[-77.0261,35.69601],[-77.02426,35.69693],[-77.02442,35.69857],[-77.02258,35.69949],[-77.02275,35.70113],[-77.02091,35.70205],[-77.02107,35.70369],[-77.02308,35.7044],[-77.02492,35.70348],[-77.02475,35.70184],[-77.02659,35.70092],[-77.0286,35.70163],[-77.02876,35.70326],[-77.02692,35.70419],[-77.02709,35.70582],[-77.02909,35.70654],[-77.02925,35.70817],[-77.02742,35.7091],[-77.02157,35.7086],[-77.01973,35.70952],[-77.01989,35.71116],[-77.0219,35.71187],[-77.02206,35.71351],[-77.02407,35.71422],[-77.02423,35.71586],[-77.02624,35.71657],[-77.0264,35.71821],[-77.0284,35.71892],[-77.02857,35.72055],[-77.02289,35.72169],[-77.02088,35.72098],[-77.02072,35.71934],[-77.02256,35.71842],[-77.02239,35.71678],[-77.02039,35.71607],[-77.02022,35.71443],[-77.01822,35.71372],[-77.01638,35.71464],[-77.01654,35.71628],[-77.0147,35.71721],[-77.01487,35.71884],[-77.01303,35.71977],[-77.01319,35.7214],[-77.00751,35.72254],[-77.00767,35.72418],[-77.00583,35.7251],[-77.00383,35.72439],[-77.00199,35.72531],[-77.00215,35.72695],[-77.00031,35.72787],[-76.99831,35.72716],[-76.99647,35.72809],[-76.99663,35.72972],[-76.99479,35.73065],[-76.99495,35.73229],[-76.99696,35.733],[-77.00264,35.73186],[-77.00465,35.73257],[-77.00481,35.73421],[-77.00682,35.73492],[-77.00866,35.734],[-77.00849,35.73236],[-77.01033,35.73144],[-77.01618,35.73194],[-77.01802,35.73101],[-77.01786,35.72938],[-77.0197,35.72845],[-77.0217,35.72916],[-77.02354,35.72824],[-77.02939,35.72874],[-77.02956,35.73038],[-77.02772,35.7313],[-77.02571,35.73059],[-77.02387,35.73151],[-77.02404,35.73315],[-77.02604,35.73386],[-77.02621,35.7355],[-77.02437,35.73642],[-77.02453,35.73806],[-77.02269,35.73899],[-77.02286,35.74062],[-77.02102,35.74155],[-77.01901,35.74084],[-77.01885,35.7392],[-77.01684,35.73849],[-77.01668,35.73685],[-77.01467,35.73614],[-77.01451,35.7345],[-77.0125,35.73379],[-77.01066,35.73471],[-77.01083,35.73635],[-77.01283,35.73706],[-77.013,35.7387],[-77.015,35.73941],[-77.01517,35.74105],[-77.01332,35.74197],[-77.01349,35.74361],[-77.01165,35.74454],[-77.01181,35.74617],[-77.00612,35.74731],[-77.00629,35.74895],[-77.00829,35.74966],[-77.01014,35.74874],[-77.01599,35.74924],[-77.01615,35.75087],[-77.01431,35.7518],[-77.01448,35.75344],[-77.01648,35.75415],[-77.01665,35.75579],[-77.0148,35.75671],[-77.00895,35.75621],[-77.00879,35.75457],[-77.01063,35.75365],[-77.01046,35.75201],[-77.00846,35.7513],[-77.00662,35.75222],[-77.00678,35.75386],[-77.00494,35.75479],[-77.00293,35.75407],[-77.00277,35.75244],[-77.00077,35.75172],[-77.0006,35.75008],[-77.00244,35.74916],[-77.00228,35.74752],[-77.00027,35.74681],[-76.99843,35.74773],[-76.99643,35.74702],[-76.99626,35.74538],[-76.99426,35.74467],[-76.99242,35.7456],[-76.99258,35.74723],[-76.99074,35.74816],[-76.98489,35.74766],[-76.98472,35.74602],[-76.98272,35.74531],[-76.98256,35.74367],[-76.9844,35.74274],[-76.98423,35.74111],[-76.98223,35.74039],[-76.98207,35.73876],[-76.98006,35.73804],[-76.97822,35.73897],[-76.97838,35.7406],[-76.98039,35.74132],[-76.98055,35.74295],[-76.97871,35.74388],[-76.9767,35.74317],[-76.97654,35.74153],[-76.97454,35.74082],[-76.9727,35.74174],[-76.97286,35.74338],[-76.97102,35.7443],[-76.96901,35.74359],[-76.96885,35.74195],[-76.963,35.74145],[-76.96116,35.74237],[-76.96132,35.74401],[-76.95948,35.74493],[-76.95964,35.74657],[-76.96164,35.74728],[-76.96181,35.74892],[-76.95997,35.74985],[-76.95796,35.74913],[-76.9578,35.74749],[-76.95579,35.74678],[-76.95395,35.7477],[-76.95411,35.74934],[-76.95227,35.75027],[-76.95243,35.7519],[-76.95059,35.75283],[-76.94859,35.75211],[-76.94842,35.75048],[-76.94642,35.74976],[-76.94626,35.74813],[-76.94425,35.74741],[-76.94409,35.74577],[-76.94209,35.74506],[-76.94193,35.74342],[-76.93992,35.74271],[-76.93976,35.74107],[-76.93391,35.74057],[-76.93375,35.73893],[-76.93559,35.73801],[-76.93543,35.73637],[-76.93342,35.73566],[-76.93326,35.73402],[-76.9351,35.73309],[-76.93494,35.73146],[-76.94063,35.73032],[-76.94047,35.72869],[-76.94231,35.72776],[-76.94215,35.72613],[-76.94399,35.7252],[-76.94383,35.72357],[-76.94567,35.72264],[-76.94551,35.72101],[-76.93966,35.7205],[-76.9395,35.71886],[-76.93749,35.71815],[-76.93733,35.71651],[-76.93533,35.7158],[-76.93349,35.71672],[-76.93365,35.71836],[-76.93565,35.71907],[-76.93581,35.72071],[-76.93397,35.72163],[-76.93413,35.72327],[-76.92845,35.7244],[-76.92861,35.72604],[-76.92677,35.72696],[-76.92476,35.72625],[-76.92292,35.72717],[-76.92308,35.72881],[-76.92124,35.72973],[-76.91924,35.72902],[-76.9174,35.72994],[-76.91756,35.73158],[-76.91956,35.73229],[-76.91972,35.73393],[-76.92557,35.73444],[-76.92573,35.73607],[-76.92389,35.737],[-76.92405,35.73863],[-76.92606,35.73935],[-76.92622,35.74099],[-76.92437,35.74191],[-76.92454,35.74355],[-76.92654,35.74426],[-76.9267,35.7459],[-76.93255,35.7464],[-76.93271,35.74804],[-76.93472,35.74876],[-76.93656,35.74783],[-76.94241,35.74834],[-76.94257,35.74997],[-76.93688,35.75111],[-76.93705,35.75274],[-76.93905,35.75346],[-76.94089,35.75253],[-76.94674,35.75304],[-76.94691,35.75468],[-76.94891,35.75539],[-76.94907,35.75703],[-76.94723,35.75795],[-76.94739,35.75959],[-76.95325,35.76009],[-76.95341,35.76173]],[[-76.83316,35.75836],[-76.83516,35.75908],[-76.83701,35.75816],[-76.83685,35.75652],[-76.8387,35.7556],[-76.83854,35.75396],[-76.84038,35.75304],[-76.84238,35.75375],[-76.84423,35.75283],[-76.84407,35.75119],[-76.83822,35.75068],[-76.83806,35.74905],[-76.83606,35.74833],[-76.8359,35.74669],[-76.8339,35.74598],[-76.83205,35.7469],[-76.83221,35.74854],[-76.83421,35.74925],[-76.83437,35.75089],[-76.83253,35.75181],[-76.83269,35.75345],[-76.83084,35.75437],[-76.831,35.75601],[-76.833,35.75673],[-76.83316,35.75836]],[[-76.85224,35.75569],[-76.8524,35.75733],[-76.8544,35.75805],[-76.85625,35.75712],[-76.85609,35.75549],[-76.85409,35.75477],[-76.85224,35.75569]],[[-76.86105,35.76674],[-76.86306,35.76746],[-76.8649,35.76654],[-76.86474,35.7649],[-76.86274,35.76418],[-76.86089,35.76511],[-76.86105,35.76674]],[[-76.87597,35.761],[-76.87028,35.76213],[-76.87043,35.76377],[-76.87244,35.76448],[-76.87813,35.76335],[-76.87797,35.76171],[-76.87982,35.76079],[-76.87966,35.75915],[-76.87765,35.75844],[-76.87749,35.7568],[-76.87549,35.75609],[-76.87364,35.75701],[-76.8738,35.75865],[-76.87581,35.75936],[-76.87597,35.761]],[[-76.89112,35.73795],[-76.88928,35.73888],[-76.88944,35.74051],[-76.89144,35.74123],[-76.89328,35.74031],[-76.89312,35.73867],[-76.89112,35.73795]],[[-76.89985,35.72843],[-76.90001,35.73006],[-76.90201,35.73078],[-76.9077,35.72965],[-76.90754,35.72801],[-76.90169,35.7275],[-76.89985,35.72843]],[[-76.90321,35.72331],[-76.90506,35.72238],[-76.90489,35.72075],[-76.90289,35.72003],[-76.90105,35.72096],[-76.90121,35.72259],[-76.90321,35.72331]],[[-76.90418,35.73313],[-76.90434,35.73477],[-76.90634,35.73548],[-76.90818,35.73456],[-76.90802,35.73292],[-76.90602,35.73221],[-76.90418,35.73313]],[[-76.90779,35.75022],[-76.90795,35.75186],[-76.90995,35.75257],[-76.9118,35.75165],[-76.91164,35.75001],[-76.90963,35.7493],[-76.90779,35.75022]],[[-76.92864,35.66764],[-76.9288,35.66927],[-76.92696,35.6702],[-76.92496,35.66948],[-76.9248,35.66785],[-76.9228,35.66713],[-76.92096,35.66806],[-76.92112,35.66969],[-76.91928,35.67061],[-76.91944,35.67225],[-76.92529,35.67275],[-76.92545,35.67439],[-76.92745,35.6751],[-76.92761,35.67674],[-76.93345,35.67724],[-76.93361,35.67888],[-76.93561,35.67959],[-76.93745,35.67867],[-76.93729,35.67703],[-76.93529,35.67632],[-76.93513,35.67468],[-76.93313,35.67397],[-76.93297,35.67234],[-76.93481,35.67141],[-76.93465,35.66978],[-76.93264,35.66906],[-76.93248,35.66743],[-76.93048,35.66672],[-76.92864,35.66764]],[[-76.92117,35.74867],[-76.91933,35.74959],[-76.91949,35.75123],[-76.9215,35.75194],[-76.92334,35.75102],[-76.92318,35.74938],[-76.92117,35.74867]],[[-76.92599,35.75829],[-76.92583,35.75665],[-76.92767,35.75573],[-76.92751,35.75409],[-76.9255,35.75337],[-76.92366,35.7543],[-76.92382,35.75593],[-76.92198,35.75686],[-76.92214,35.7585],[-76.92415,35.75921],[-76.92599,35.75829]],[[-76.92832,35.66437],[-76.93032,35.66508],[-76.93216,35.66416],[-76.932,35.66252],[-76.93,35.66181],[-76.92816,35.66273],[-76.92832,35.66437]],[[-76.9433,35.67917],[-76.9413,35.67846],[-76.93946,35.67938],[-76.93962,35.68102],[-76.94162,35.68173],[-76.94346,35.68081],[-76.9433,35.67917]],[[-76.94284,35.77219],[-76.94099,35.77312],[-76.94116,35.77475],[-76.94316,35.77547],[-76.94501,35.77454],[-76.94484,35.7729],[-76.94284,35.77219]],[[-76.97181,35.69406],[-76.97165,35.69242],[-76.97349,35.6915],[-76.97333,35.68987],[-76.97132,35.68915],[-76.96949,35.69008],[-76.96965,35.69171],[-76.96781,35.69264],[-76.96581,35.69192],[-76.96564,35.69029],[-76.96748,35.68936],[-76.96732,35.68773],[-76.96532,35.68701],[-76.96348,35.68794],[-76.96148,35.68722],[-76.96131,35.68559],[-76.95931,35.68488],[-76.95747,35.6858],[-76.95163,35.6853],[-76.94979,35.68622],[-76.94995,35.68786],[-76.95195,35.68857],[-76.95211,35.6902],[-76.95027,35.69113],[-76.95044,35.69276],[-76.9486,35.69369],[-76.94876,35.69532],[-76.95076,35.69604],[-76.95092,35.69767],[-76.94908,35.6986],[-76.94925,35.70023],[-76.9474,35.70116],[-76.94757,35.70279],[-76.94573,35.70371],[-76.94589,35.70535],[-76.95173,35.70585],[-76.9519,35.70749],[-76.95006,35.70841],[-76.95022,35.71005],[-76.95222,35.71076],[-76.95238,35.7124],[-76.95439,35.71311],[-76.95455,35.71475],[-76.95271,35.71567],[-76.95287,35.71731],[-76.95487,35.71802],[-76.95504,35.71966],[-76.95704,35.72037],[-76.95888,35.71945],[-76.95872,35.71781],[-76.96056,35.71689],[-76.9604,35.71525],[-76.95839,35.71454],[-76.95823,35.7129],[-76.95623,35.71219],[-76.95606,35.71055],[-76.96175,35.70942],[-76.96159,35.70778],[-76.95574,35.70728],[-76.95558,35.70564],[-76.95742,35.70472],[-76.96326,35.70522],[-76.9651,35.7043],[-76.96494,35.70266],[-76.96294,35.70195],[-76.96278,35.70031],[-76.96462,35.69939],[-76.96445,35.69775],[-76.96629,35.69683],[-76.96613,35.69519],[-76.96797,35.69427],[-76.96997,35.69498],[-76.97181,35.69406]],[[-76.94929,35.73973],[-76.94745,35.74065],[-76.94761,35.74229],[-76.94962,35.743],[-76.95146,35.74208],[-76.9513,35.74044],[-76.95314,35.73952],[-76.95298,35.73788],[-76.95097,35.73717],[-76.94913,35.73809],[-76.94929,35.73973]],[[-76.95585,35.72785],[-76.95384,35.72713],[-76.952,35.72806],[-76.95217,35.72969],[-76.95417,35.73041],[-76.95601,35.72948],[-76.95585,35.72785]],[[-76.95866,35.73675],[-76.9585,35.73511],[-76.9565,35.73439],[-76.95466,35.73532],[-76.95482,35.73696],[-76.95682,35.73767],[-76.95866,35.73675]],[[-76.9625,35.67812],[-76.96434,35.6772],[-76.96418,35.67556],[-76.96218,35.67485],[-76.96034,35.67577],[-76.9605,35.67741],[-76.9625,35.67812]],[[-76.96284,35.73981],[-76.96468,35.73889],[-76.96451,35.73725],[-76.96251,35.73654],[-76.96067,35.73746],[-76.96083,35.7391],[-76.96284,35.73981]],[[-76.9811,35.65161],[-76.98094,35.64998],[-76.97894,35.64927],[-76.97877,35.64763],[-76.97677,35.64692],[-76.97661,35.64529],[-76.97461,35.64457],[-76.97445,35.64294],[-76.97245,35.64223],[-76.97228,35.64059],[-76.97028,35.63988],[-76.96845,35.6408],[-76.96861,35.64244],[-76.96293,35.64357],[-76.96309,35.6452],[-76.96126,35.64613],[-76.96142,35.64776],[-76.96342,35.64847],[-76.96358,35.65011],[-76.96558,35.65082],[-76.96574,35.65246],[-76.96775,35.65317],[-76.96791,35.6548],[-76.96991,35.65552],[-76.97175,35.65459],[-76.97158,35.65296],[-76.97342,35.65204],[-76.97542,35.65275],[-76.97559,35.65438],[-76.97759,35.6551],[-76.97775,35.65673],[-76.97591,35.65765],[-76.97607,35.65929],[-76.98192,35.65979],[-76.98208,35.66143],[-76.98408,35.66214],[-76.98424,35.66377],[-76.98241,35.6647],[-76.98257,35.66633],[-76.98457,35.66704],[-76.98473,35.66868],[-76.98673,35.66939],[-76.98857,35.66847],[-76.98841,35.66683],[-76.99025,35.66591],[-76.99009,35.66427],[-76.98808,35.66356],[-76.98792,35.66193],[-76.98592,35.66121],[-76.98576,35.65958],[-76.98375,35.65887],[-76.98359,35.65723],[-76.98543,35.65631],[-76.98527,35.65467],[-76.98326,35.65396],[-76.9831,35.65233],[-76.9811,35.65161]],[[-76.98109,35.72893],[-76.98293,35.72801],[-76.98276,35.72637],[-76.98076,35.72566],[-76.9806,35.72402],[-76.97859,35.72331],[-76.97675,35.72423],[-76.97691,35.72587],[-76.97892,35.72658],[-76.97908,35.72822],[-76.97724,35.72914],[-76.9774,35.73078],[-76.97172,35.73192],[-76.97188,35.73355],[-76.97388,35.73427],[-76.97573,35.73334],[-76.98158,35.73384],[-76.98342,35.73292],[-76.98325,35.73128],[-76.98125,35.73057],[-76.98109,35.72893]],[[-76.97186,35.67514],[-76.97202,35.67678],[-76.97403,35.67749],[-76.97587,35.67657],[-76.9757,35.67493],[-76.9737,35.67422],[-76.97186,35.67514]],[[-76.97447,35.70132],[-76.97647,35.70203],[-76.97831,35.70111],[-76.97815,35.69947],[-76.97614,35.69876],[-76.97431,35.69968],[-76.97447,35.70132]],[[-76.98466,35.62923],[-76.98449,35.62759],[-76.98633,35.62667],[-76.98833,35.62738],[-76.994,35.62625],[-76.99384,35.62462],[-76.99184,35.6239],[-76.99168,35.62227],[-76.98968,35.62156],[-76.98951,35.61992],[-76.98751,35.61921],[-76.98735,35.61758],[-76.98919,35.61666],[-76.98902,35.61502],[-76.98702,35.61431],[-76.98686,35.61268],[-76.9887,35.61175],[-76.98853,35.61012],[-76.98654,35.60941],[-76.98637,35.60777],[-76.98437,35.60706],[-76.98254,35.60798],[-76.9827,35.60962],[-76.98086,35.61054],[-76.98103,35.61217],[-76.98303,35.61289],[-76.98319,35.61452],[-76.98135,35.61544],[-76.98152,35.61708],[-76.97968,35.618],[-76.97984,35.61963],[-76.98184,35.62035],[-76.982,35.62198],[-76.97633,35.62311],[-76.97649,35.62475],[-76.97849,35.62546],[-76.97866,35.62709],[-76.98066,35.62781],[-76.98082,35.62944],[-76.98282,35.63015],[-76.98466,35.62923]],[[-76.98346,35.71399],[-76.9853,35.71306],[-76.98514,35.71143],[-76.98313,35.71072],[-76.98129,35.71164],[-76.98146,35.71328],[-76.98346,35.71399]],[[-76.98395,35.7189],[-76.98579,35.71798],[-76.98563,35.71634],[-76.98362,35.71563],[-76.98178,35.71655],[-76.98195,35.71819],[-76.98395,35.7189]],[[-76.98645,35.64721],[-76.98661,35.64885],[-76.98478,35.64977],[-76.98494,35.6514],[-76.98694,35.65212],[-76.98878,35.65119],[-76.98862,35.64956],[-76.99045,35.64863],[-76.99029,35.647],[-76.98829,35.64629],[-76.98813,35.64465],[-76.98612,35.64394],[-76.98429,35.64486],[-76.98445,35.6465],[-76.98645,35.64721]],[[-76.98657,35.74509],[-76.98857,35.74581],[-76.99041,35.74488],[-76.99025,35.74325],[-76.99594,35.74211],[-76.99577,35.74047],[-76.99377,35.73976],[-76.99193,35.74068],[-76.98992,35.73997],[-76.98976,35.73833],[-76.98775,35.73762],[-76.98591,35.73854],[-76.98607,35.74018],[-76.98808,35.74089],[-76.98824,35.74253],[-76.9864,35.74346],[-76.98657,35.74509]],[[-76.98996,35.72104],[-76.98796,35.72032],[-76.98612,35.72125],[-76.98628,35.72289],[-76.98828,35.7236],[-76.99013,35.72267],[-76.98996,35.72104]],[[-76.98898,35.71122],[-76.99082,35.71029],[-76.99667,35.71079],[-76.99851,35.70987],[-76.99834,35.70823],[-76.99634,35.70752],[-76.99618,35.70588],[-76.99033,35.70538],[-76.98849,35.70631],[-76.98865,35.70794],[-76.98681,35.70887],[-76.98698,35.7105],[-76.98898,35.71122]],[[-76.99487,35.69279],[-76.99687,35.69351],[-76.99871,35.69258],[-76.99855,35.69095],[-76.99654,35.69023],[-76.9947,35.69116],[-76.99487,35.69279]],[[-76.99978,35.7419],[-76.99794,35.74282],[-76.9981,35.74446],[-77.00011,35.74517],[-77.00195,35.74425],[-77.00179,35.74261],[-76.99978,35.7419]],[[-77.00672,35.69543],[-77.00856,35.69451],[-77.0084,35.69287],[-77.00639,35.69216],[-77.00455,35.69308],[-77.00472,35.69472],[-77.00672,35.69543]],[[-77.00551,35.62562],[-77.00751,35.62633],[-77.00935,35.6254],[-77.00919,35.62377],[-77.01102,35.62285],[-77.01086,35.62121],[-77.00886,35.6205],[-77.0087,35.61887],[-77.0067,35.61816],[-77.00486,35.61908],[-77.00502,35.62071],[-77.00702,35.62142],[-77.00719,35.62306],[-77.00535,35.62398],[-77.00551,35.62562]],[[-77.00958,35.6854],[-77.01142,35.68448],[-77.01125,35.68284],[-77.00925,35.68213],[-77.00741,35.68306],[-77.00758,35.68469],[-77.00958,35.6854]],[[-77.01221,35.71158],[-77.01421,35.7123],[-77.01605,35.71137],[-77.01589,35.70973],[-77.01388,35.70902],[-77.01204,35.70995],[-77.01221,35.71158]],[[-77.01841,35.69643],[-77.01825,35.6948],[-77.01624,35.69408],[-77.01441,35.69501],[-77.01457,35.69664],[-77.01273,35.69757],[-77.0129,35.6992],[-77.0149,35.69992],[-77.01674,35.69899],[-77.01657,35.69736],[-77.01841,35.69643]],[[-77.01486,35.62263],[-77.01302,35.62356],[-77.01319,35.62519],[-77.01903,35.62569],[-77.0247,35.62456],[-77.02453,35.62292],[-77.02253,35.62221],[-77.0207,35.62313],[-77.01486,35.62263]],[[-77.02297,35.66493],[-77.02481,35.664],[-77.02464,35.66237],[-77.02264,35.66166],[-77.02248,35.66002],[-77.02047,35.65931],[-77.01864,35.66023],[-77.0188,35.66187],[-77.0208,35.66258],[-77.02097,35.66422],[-77.02297,35.66493]],[[-77.02423,35.60076],[-77.02223,35.60005],[-77.0204,35.60097],[-77.02056,35.6026],[-77.02256,35.60331],[-77.0244,35.60239],[-77.02423,35.60076]],[[-77.02451,35.64182],[-77.02434,35.64019],[-77.02234,35.63948],[-77.0205,35.6404],[-77.02067,35.64204],[-77.02267,35.64275],[-77.02283,35.64438],[-77.02484,35.64509],[-77.02667,35.64417],[-77.02651,35.64254],[-77.02451,35.64182]],[[-77.03169,35.6365],[-77.02985,35.63742],[-77.03002,35.63905],[-77.03586,35.63955],[-77.03769,35.63863],[-77.03753,35.63699],[-77.03169,35.6365]],[[-77.0419,35.60389],[-77.04174,35.60225],[-77.03974,35.60154],[-77.0379,35.60246],[-77.03807,35.6041],[-77.04007,35.60481],[-77.0419,35.60389]]]}},{"type":"Feature","properties":{"sqmi":57.2},"geometry":{"type":"Polygon","coordinates":[[[-81.52576,31.56371],[-81.52389,31.56318],[-81.52339,31.56143],[-81.51915,31.55862],[-81.51865,31.55686],[-81.51678,31.55633],[-81.51541,31.55756],[-81.51591,31.55932],[-81.52015,31.56213],[-81.52065,31.56389],[-81.51927,31.56512],[-81.5174,31.5646],[-81.51603,31.56583],[-81.51653,31.56759],[-81.52077,31.5704],[-81.52214,31.56916],[-81.52401,31.56969],[-81.52451,31.57145],[-81.52314,31.57268],[-81.52364,31.57444],[-81.52227,31.57567],[-81.52276,31.57743],[-81.52139,31.57866],[-81.52189,31.58042],[-81.52052,31.58165],[-81.52102,31.58341],[-81.51964,31.58464],[-81.52014,31.5864],[-81.51877,31.58763],[-81.51927,31.58939],[-81.5179,31.59062],[-81.51839,31.59238],[-81.51702,31.59361],[-81.51752,31.59537],[-81.51615,31.5966],[-81.51665,31.59835],[-81.51527,31.59959],[-81.5134,31.59906],[-81.51203,31.60029],[-81.51253,31.60205],[-81.51115,31.60328],[-81.51165,31.60504],[-81.51028,31.60627],[-81.51078,31.60803],[-81.50941,31.60926],[-81.5099,31.61102],[-81.50853,31.61225],[-81.50903,31.614],[-81.50766,31.61524],[-81.50579,31.61471],[-81.50529,31.61295],[-81.50666,31.61172],[-81.50616,31.60996],[-81.50429,31.60943],[-81.50292,31.61067],[-81.50105,31.61014],[-81.49967,31.61137],[-81.4978,31.61084],[-81.49643,31.61207],[-81.49693,31.61383],[-81.49555,31.61506],[-81.49605,31.61682],[-81.50117,31.61664],[-81.50254,31.61541],[-81.50441,31.61594],[-81.50491,31.6177],[-81.50354,31.61893],[-81.50404,31.62069],[-81.50266,31.62192],[-81.50316,31.62367],[-81.50179,31.6249],[-81.50229,31.62666],[-81.50091,31.62789],[-81.50141,31.62965],[-81.50004,31.63088],[-81.49817,31.63035],[-81.49679,31.63158],[-81.49729,31.63334],[-81.49592,31.63457],[-81.49642,31.63633],[-81.49504,31.63756],[-81.49554,31.63932],[-81.49417,31.64055],[-81.49467,31.64231],[-81.49329,31.64354],[-81.49142,31.64301],[-81.49005,31.64424],[-81.49055,31.646],[-81.48917,31.64723],[-81.48967,31.64899],[-81.4883,31.65022],[-81.4888,31.65197],[-81.48742,31.6532],[-81.48792,31.65496],[-81.48655,31.65619],[-81.48705,31.65795],[-81.48567,31.65918],[-81.4838,31.65865],[-81.48243,31.65988],[-81.48293,31.66164],[-81.48155,31.66287],[-81.48205,31.66463],[-81.48068,31.66586],[-81.48118,31.66761],[-81.4798,31.66884],[-81.4803,31.6706],[-81.47893,31.67183],[-81.47943,31.67359],[-81.47805,31.67482],[-81.47855,31.67657],[-81.47718,31.6778],[-81.47767,31.67956],[-81.4763,31.68079],[-81.4768,31.68255],[-81.47543,31.68378],[-81.47592,31.68554],[-81.4778,31.68606],[-81.47829,31.68782],[-81.47692,31.68905],[-81.47742,31.69081],[-81.47604,31.69204],[-81.47654,31.6938],[-81.47517,31.69502],[-81.47567,31.69678],[-81.47429,31.69801],[-81.47479,31.69977],[-81.47666,31.7003],[-81.47716,31.70205],[-81.47579,31.70328],[-81.47629,31.70504],[-81.47491,31.70627],[-81.47541,31.70803],[-81.47404,31.70926],[-81.47453,31.71101],[-81.47316,31.71224],[-81.47366,31.714],[-81.47228,31.71523],[-81.47041,31.7147],[-81.46991,31.71294],[-81.46567,31.71013],[-81.46517,31.70837],[-81.46655,31.70714],[-81.46605,31.70539],[-81.46418,31.70486],[-81.46368,31.7031],[-81.46181,31.70257],[-81.46131,31.70081],[-81.45944,31.70029],[-81.45806,31.70151],[-81.45619,31.70099],[-81.45482,31.70221],[-81.45295,31.70169],[-81.45157,31.70291],[-81.4497,31.70239],[-81.44921,31.70063],[-81.45058,31.6994],[-81.45008,31.69764],[-81.45146,31.69641],[-81.45096,31.69466],[-81.44909,31.69413],[-81.44771,31.69536],[-81.44821,31.69711],[-81.44684,31.69834],[-81.44497,31.69781],[-81.44447,31.69606],[-81.43935,31.69623],[-81.43886,31.69447],[-81.44023,31.69324],[-81.44534,31.69307],[-81.44672,31.69184],[-81.44622,31.69009],[-81.44435,31.68956],[-81.44298,31.69079],[-81.4411,31.69026],[-81.43973,31.69149],[-81.43786,31.69096],[-81.43649,31.69219],[-81.43462,31.69166],[-81.43412,31.6899],[-81.43549,31.68867],[-81.435,31.68691],[-81.43313,31.68639],[-81.43263,31.68463],[-81.434,31.6834],[-81.4335,31.68164],[-81.43488,31.68041],[-81.43438,31.67866],[-81.43575,31.67743],[-81.43526,31.67567],[-81.43339,31.67514],[-81.43289,31.67338],[-81.43426,31.67216],[-81.4385,31.67497],[-81.43987,31.67374],[-81.44174,31.67427],[-81.44224,31.67603],[-81.44411,31.67656],[-81.44461,31.67831],[-81.44648,31.67884],[-81.44785,31.67761],[-81.44972,31.67814],[-81.4511,31.67691],[-81.4506,31.67515],[-81.45197,31.67393],[-81.45148,31.67217],[-81.44636,31.67234],[-81.44586,31.67058],[-81.44724,31.66935],[-81.44674,31.6676],[-81.44487,31.66707],[-81.44437,31.66531],[-81.4425,31.66478],[-81.44113,31.66601],[-81.43926,31.66548],[-81.43789,31.66671],[-81.43601,31.66618],[-81.43464,31.66741],[-81.43277,31.66688],[-81.43227,31.66513],[-81.42716,31.6653],[-81.42666,31.66354],[-81.42243,31.66073],[-81.42193,31.65897],[-81.4233,31.65774],[-81.42281,31.65598],[-81.42418,31.65476],[-81.42605,31.65528],[-81.42742,31.65406],[-81.43166,31.65687],[-81.43303,31.65564],[-81.43254,31.65388],[-81.43391,31.65265],[-81.43341,31.6509],[-81.43478,31.64967],[-81.43665,31.6502],[-81.43803,31.64897],[-81.4399,31.6495],[-81.44039,31.65125],[-81.43902,31.65248],[-81.43952,31.65424],[-81.43815,31.65547],[-81.43628,31.65494],[-81.4349,31.65617],[-81.4354,31.65793],[-81.44051,31.65775],[-81.44189,31.65652],[-81.44376,31.65705],[-81.44513,31.65582],[-81.447,31.65635],[-81.4475,31.65811],[-81.45261,31.65794],[-81.45311,31.65969],[-81.45498,31.66022],[-81.45635,31.65899],[-81.45822,31.65952],[-81.4596,31.65829],[-81.4591,31.65653],[-81.45723,31.65601],[-81.45586,31.65723],[-81.45398,31.65671],[-81.45349,31.65495],[-81.44837,31.65512],[-81.44788,31.65337],[-81.44925,31.65214],[-81.45112,31.65266],[-81.45249,31.65143],[-81.452,31.64968],[-81.44776,31.64686],[-81.44726,31.64511],[-81.44863,31.64388],[-81.4505,31.6444],[-81.45188,31.64318],[-81.45138,31.64142],[-81.45275,31.64019],[-81.45225,31.63843],[-81.45038,31.6379],[-81.44989,31.63615],[-81.45126,31.63492],[-81.45076,31.63316],[-81.45214,31.63193],[-81.45164,31.63017],[-81.45301,31.62894],[-81.45488,31.62947],[-81.45538,31.63123],[-81.45401,31.63246],[-81.4545,31.63421],[-81.45313,31.63544],[-81.45363,31.6372],[-81.4555,31.63773],[-81.45687,31.6365],[-81.45637,31.63474],[-81.45775,31.63351],[-81.45962,31.63404],[-81.46011,31.6358],[-81.45874,31.63703],[-81.45924,31.63878],[-81.45787,31.64001],[-81.45836,31.64177],[-81.45699,31.643],[-81.45749,31.64476],[-81.45611,31.64599],[-81.45661,31.64775],[-81.45524,31.64898],[-81.45574,31.65073],[-81.45761,31.65126],[-81.45898,31.65003],[-81.46085,31.65056],[-81.46222,31.64933],[-81.46173,31.64757],[-81.45986,31.64704],[-81.45936,31.64529],[-81.46073,31.64406],[-81.4626,31.64459],[-81.46397,31.64336],[-81.46585,31.64388],[-81.46722,31.64265],[-81.46672,31.6409],[-81.46809,31.63967],[-81.4676,31.63791],[-81.46897,31.63668],[-81.46847,31.63492],[-81.46423,31.63211],[-81.46374,31.63035],[-81.46511,31.62912],[-81.46461,31.62736],[-81.46598,31.62613],[-81.46785,31.62666],[-81.46923,31.62543],[-81.4711,31.62596],[-81.47324,31.62349],[-81.47458,31.62327],[-81.47233,31.62265],[-81.47335,31.62174],[-81.47846,31.62157],[-81.47983,31.62034],[-81.47933,31.61858],[-81.48071,31.61735],[-81.48021,31.61559],[-81.48158,31.61436],[-81.48108,31.6126],[-81.47685,31.60979],[-81.47547,31.61102],[-81.47597,31.61278],[-81.47784,31.6133],[-81.47834,31.61506],[-81.47697,31.61629],[-81.47185,31.61647],[-81.47135,31.61471],[-81.47273,31.61348],[-81.47223,31.61172],[-81.4736,31.61049],[-81.4731,31.60873],[-81.47123,31.60821],[-81.46986,31.60944],[-81.46799,31.60891],[-81.46662,31.61014],[-81.46475,31.60961],[-81.46425,31.60786],[-81.46001,31.60504],[-81.45864,31.60627],[-81.45914,31.60803],[-81.45777,31.60926],[-81.45826,31.61102],[-81.46013,31.61155],[-81.46063,31.6133],[-81.45926,31.61453],[-81.45502,31.61172],[-81.45452,31.60996],[-81.4559,31.60873],[-81.4554,31.60698],[-81.45677,31.60575],[-81.45627,31.60399],[-81.45765,31.60276],[-81.45952,31.60329],[-81.46089,31.60206],[-81.46039,31.6003],[-81.46176,31.59907],[-81.46127,31.59731],[-81.46264,31.59608],[-81.46214,31.59432],[-81.46351,31.59309],[-81.46302,31.59133],[-81.46439,31.5901],[-81.46626,31.59063],[-81.46676,31.59239],[-81.46863,31.59292],[-81.47,31.59169],[-81.47187,31.59221],[-81.47324,31.59098],[-81.47274,31.58922],[-81.47087,31.5887],[-81.4695,31.58993],[-81.46763,31.5894],[-81.46713,31.58764],[-81.46202,31.58782],[-81.46153,31.58606],[-81.4629,31.58483],[-81.4624,31.58307],[-81.46377,31.58184],[-81.46328,31.58009],[-81.46465,31.57886],[-81.46652,31.57938],[-81.46701,31.58114],[-81.46564,31.58237],[-81.46614,31.58413],[-81.46801,31.58466],[-81.46938,31.58342],[-81.46888,31.58167],[-81.47026,31.58044],[-81.47213,31.58096],[-81.4735,31.57973],[-81.473,31.57798],[-81.47437,31.57674],[-81.47388,31.57499],[-81.47201,31.57446],[-81.47063,31.57569],[-81.47113,31.57745],[-81.46976,31.57868],[-81.46789,31.57815],[-81.46739,31.57639],[-81.46876,31.57516],[-81.46827,31.57341],[-81.46964,31.57218],[-81.47151,31.5727],[-81.47288,31.57147],[-81.47238,31.56971],[-81.47376,31.56848],[-81.47799,31.57129],[-81.47849,31.57305],[-81.48036,31.57358],[-81.48086,31.57534],[-81.48273,31.57586],[-81.48323,31.57762],[-81.4851,31.57815],[-81.48559,31.57991],[-81.48746,31.58043],[-81.48796,31.58219],[-81.48983,31.58272],[-81.49033,31.58448],[-81.4922,31.585],[-81.4927,31.58676],[-81.49457,31.58729],[-81.49594,31.58606],[-81.49544,31.5843],[-81.49682,31.58307],[-81.49632,31.58131],[-81.49769,31.58008],[-81.49719,31.57832],[-81.49857,31.57709],[-81.50044,31.57762],[-81.50181,31.57638],[-81.50131,31.57463],[-81.49944,31.5741],[-81.49807,31.57533],[-81.4962,31.5748],[-81.49482,31.57604],[-81.49295,31.57551],[-81.49158,31.57674],[-81.48971,31.57621],[-81.48921,31.57446],[-81.4841,31.57463],[-81.4836,31.57287],[-81.48497,31.57164],[-81.48448,31.56989],[-81.48261,31.56936],[-81.48211,31.5676],[-81.47787,31.56479],[-81.47737,31.56303],[-81.4755,31.56251],[-81.47501,31.56075],[-81.47077,31.55794],[-81.47027,31.55618],[-81.47165,31.55495],[-81.47115,31.55319],[-81.47252,31.55196],[-81.47763,31.55178],[-81.479,31.55055],[-81.47851,31.54879],[-81.47664,31.54827],[-81.47526,31.5495],[-81.47103,31.54669],[-81.46966,31.54792],[-81.46455,31.54809],[-81.46405,31.54634],[-81.46542,31.54511],[-81.46492,31.54335],[-81.4663,31.54212],[-81.4658,31.54036],[-81.46393,31.53983],[-81.46343,31.53808],[-81.4648,31.53684],[-81.46667,31.53737],[-81.46804,31.53614],[-81.46755,31.53438],[-81.46892,31.53315],[-81.47079,31.53368],[-81.47216,31.53245],[-81.47166,31.53069],[-81.47303,31.52946],[-81.47254,31.5277],[-81.47391,31.52647],[-81.47341,31.52471],[-81.47154,31.52418],[-81.47105,31.52243],[-81.47242,31.5212],[-81.47429,31.52172],[-81.47478,31.52348],[-81.47665,31.52401],[-81.47802,31.52277],[-81.47753,31.52102],[-81.47566,31.52049],[-81.47516,31.51873],[-81.47653,31.5175],[-81.47603,31.51574],[-81.47417,31.51522],[-81.47367,31.51346],[-81.47504,31.51223],[-81.47691,31.51275],[-81.47828,31.51152],[-81.47778,31.50976],[-81.47591,31.50924],[-81.47542,31.50748],[-81.47679,31.50625],[-81.47629,31.50449],[-81.47442,31.50396],[-81.47305,31.5052],[-81.46882,31.50239],[-81.46832,31.50063],[-81.46969,31.4994],[-81.46919,31.49764],[-81.47056,31.49641],[-81.47007,31.49465],[-81.4682,31.49412],[-81.4677,31.49237],[-81.4626,31.49254],[-81.4621,31.49079],[-81.46347,31.48956],[-81.46297,31.4878],[-81.46434,31.48657],[-81.46858,31.48938],[-81.46995,31.48814],[-81.46945,31.48639],[-81.47082,31.48515],[-81.47032,31.4834],[-81.46846,31.48287],[-81.46796,31.48111],[-81.46933,31.47988],[-81.4712,31.48041],[-81.47257,31.47918],[-81.47444,31.4797],[-81.47581,31.47847],[-81.47531,31.47671],[-81.47668,31.47548],[-81.47619,31.47372],[-81.47432,31.4732],[-81.47382,31.47144],[-81.46871,31.47162],[-81.46734,31.47285],[-81.46784,31.47461],[-81.47295,31.47443],[-81.47344,31.47619],[-81.47207,31.47742],[-81.4702,31.47689],[-81.46883,31.47812],[-81.46697,31.4776],[-81.46559,31.47883],[-81.46373,31.4783],[-81.46236,31.47954],[-81.45812,31.47673],[-81.45675,31.47796],[-81.45725,31.47971],[-81.45588,31.48095],[-81.45638,31.4827],[-81.455,31.48394],[-81.4555,31.48569],[-81.45413,31.48692],[-81.44902,31.4871],[-81.44853,31.48535],[-81.45142,31.48508],[-81.45314,31.48341],[-81.45264,31.48165],[-81.45401,31.48042],[-81.45351,31.47866],[-81.45165,31.47814],[-81.45115,31.47638],[-81.45252,31.47515],[-81.45202,31.47339],[-81.45016,31.47286],[-81.44966,31.47111],[-81.45148,31.46898],[-81.4501,31.46754],[-81.44867,31.46759],[-81.44817,31.46583],[-81.44954,31.4646],[-81.44905,31.46284],[-81.44718,31.46232],[-81.44668,31.46056],[-81.44805,31.45933],[-81.44992,31.45985],[-81.45042,31.46161],[-81.45228,31.46214],[-81.45365,31.46091],[-81.45316,31.45915],[-81.45453,31.45792],[-81.45403,31.45616],[-81.4554,31.45493],[-81.45491,31.45317],[-81.45628,31.45194],[-81.45578,31.45018],[-81.45715,31.44895],[-81.45902,31.44947],[-81.46039,31.44824],[-81.45989,31.44648],[-81.46126,31.44525],[-81.46313,31.44578],[-81.4645,31.44454],[-81.464,31.44279],[-81.45977,31.43998],[-81.45928,31.43822],[-81.46065,31.43699],[-81.46488,31.4398],[-81.46537,31.44155],[-81.46724,31.44208],[-81.46774,31.44384],[-81.46961,31.44436],[-81.4701,31.44612],[-81.47197,31.44665],[-81.47334,31.44541],[-81.47284,31.44366],[-81.47098,31.44313],[-81.47048,31.44137],[-81.47185,31.44014],[-81.47135,31.43838],[-81.46949,31.43786],[-81.46899,31.4361],[-81.47036,31.43487],[-81.46986,31.43311],[-81.46799,31.43258],[-81.4675,31.43083],[-81.46887,31.42959],[-81.4731,31.4324],[-81.47447,31.43117],[-81.47634,31.4317],[-81.47771,31.43046],[-81.48194,31.43327],[-81.48244,31.43503],[-81.48107,31.43626],[-81.4792,31.43574],[-81.47783,31.43697],[-81.47596,31.43644],[-81.47459,31.43768],[-81.47509,31.43943],[-81.47372,31.44067],[-81.47421,31.44242],[-81.47608,31.44295],[-81.47745,31.44172],[-81.47695,31.43996],[-81.47833,31.43873],[-81.48343,31.43855],[-81.4848,31.43731],[-81.48667,31.43784],[-81.48804,31.4366],[-81.48754,31.43485],[-81.48568,31.43432],[-81.48518,31.43256],[-81.48655,31.43133],[-81.48605,31.42957],[-81.48742,31.42834],[-81.49253,31.42816],[-81.49303,31.42992],[-81.49489,31.43044],[-81.49626,31.42921],[-81.49813,31.42973],[-81.4995,31.4285],[-81.499,31.42674],[-81.50014,31.42572],[-81.50531,31.42761],[-81.5069,31.42899],[-81.50957,31.43064],[-81.50625,31.42716],[-81.50785,31.42761],[-81.50922,31.42638],[-81.51109,31.4269],[-81.51246,31.42567],[-81.51669,31.42847],[-81.51806,31.42724],[-81.51993,31.42777],[-81.52043,31.42952],[-81.5223,31.43005],[-81.52367,31.42882],[-81.52317,31.42706],[-81.5213,31.42653],[-81.5208,31.42477],[-81.52217,31.42354],[-81.52168,31.42178],[-81.52305,31.42055],[-81.52255,31.41879],[-81.52392,31.41756],[-81.52342,31.4158],[-81.52479,31.41456],[-81.5243,31.41281],[-81.52243,31.41228],[-81.52106,31.41352],[-81.51919,31.41299],[-81.51869,31.41123],[-81.51358,31.41142],[-81.51309,31.40966],[-81.51446,31.40843],[-81.51396,31.40667],[-81.51209,31.40614],[-81.51072,31.40738],[-81.50885,31.40685],[-81.50835,31.40509],[-81.50972,31.40386],[-81.51159,31.40438],[-81.51296,31.40315],[-81.51247,31.40139],[-81.51384,31.40016],[-81.51334,31.3984],[-81.50823,31.39858],[-81.50773,31.39683],[-81.5035,31.39402],[-81.503,31.39226],[-81.50437,31.39103],[-81.50861,31.39383],[-81.5091,31.39559],[-81.51421,31.39541],[-81.51558,31.39417],[-81.51508,31.39242],[-81.50998,31.3926],[-81.50948,31.39084],[-81.51067,31.38897],[-81.52293,31.39704],[-81.52797,31.39648],[-81.52947,31.39806],[-81.53002,31.39818],[-81.52938,31.39988],[-81.531,31.40065],[-81.5316,31.40039],[-81.53164,31.40082],[-81.53353,31.40308],[-81.53163,31.40027],[-81.52957,31.3997],[-81.53018,31.39809],[-81.52834,31.39618],[-81.53403,31.39438],[-81.53558,31.39603],[-81.53563,31.39818],[-81.53426,31.39942],[-81.53476,31.40118],[-81.53339,31.40241],[-81.53389,31.40417],[-81.53252,31.4054],[-81.53302,31.40716],[-81.53165,31.4084],[-81.53214,31.41015],[-81.53077,31.41139],[-81.53127,31.41315],[-81.5299,31.41438],[-81.5304,31.41614],[-81.52903,31.41737],[-81.52953,31.41913],[-81.52816,31.42036],[-81.52865,31.42212],[-81.52728,31.42336],[-81.52778,31.42511],[-81.52965,31.42564],[-81.53015,31.4274],[-81.52878,31.42863],[-81.52928,31.43039],[-81.5279,31.43162],[-81.5284,31.43338],[-81.53027,31.43391],[-81.53077,31.43566],[-81.5294,31.4369],[-81.5299,31.43866],[-81.52853,31.43989],[-81.52902,31.44165],[-81.52765,31.44288],[-81.52815,31.44464],[-81.53002,31.44517],[-81.53052,31.44692],[-81.52915,31.44816],[-81.52965,31.44992],[-81.52828,31.45115],[-81.52877,31.45291],[-81.53064,31.45343],[-81.53114,31.45519],[-81.52977,31.45642],[-81.53027,31.45818],[-81.5289,31.45942],[-81.5294,31.46117],[-81.53126,31.4617],[-81.53176,31.46346],[-81.53039,31.46469],[-81.53089,31.46645],[-81.52952,31.46768],[-81.53002,31.46944],[-81.53189,31.46996],[-81.53239,31.47172],[-81.53101,31.47296],[-81.53151,31.47471],[-81.53014,31.47595],[-81.53064,31.47771],[-81.53251,31.47823],[-81.53301,31.47999],[-81.53164,31.48122],[-81.53213,31.48298],[-81.53076,31.48421],[-81.53126,31.48597],[-81.53313,31.4865],[-81.53363,31.48826],[-81.53226,31.48949],[-81.53264,31.49082],[-81.51898,31.48196],[-81.51836,31.47651],[-81.51011,31.46934],[-81.51825,31.47653],[-81.51836,31.48112],[-81.51907,31.4822],[-81.53276,31.49125],[-81.53139,31.49248],[-81.53188,31.49424],[-81.53051,31.49547],[-81.53101,31.49723],[-81.52964,31.49846],[-81.53014,31.50022],[-81.53201,31.50075],[-81.53251,31.5025],[-81.53113,31.50374],[-81.53163,31.50549],[-81.53026,31.50673],[-81.53076,31.50849],[-81.52939,31.50972],[-81.52989,31.51148],[-81.52851,31.51271],[-81.52901,31.51447],[-81.53088,31.51499],[-81.53138,31.51675],[-81.53001,31.51798],[-81.53051,31.51974],[-81.52914,31.52097],[-81.52964,31.52273],[-81.52826,31.52397],[-81.52876,31.52572],[-81.53063,31.52625],[-81.53113,31.52801],[-81.52976,31.52924],[-81.53026,31.531],[-81.52889,31.53223],[-81.52938,31.53399],[-81.52801,31.53522],[-81.52851,31.53698],[-81.52714,31.53821],[-81.52764,31.53997],[-81.52951,31.5405],[-81.53001,31.54225],[-81.52863,31.54349],[-81.52913,31.54524],[-81.52776,31.54648],[-81.52826,31.54823],[-81.52689,31.54947],[-81.52739,31.55122],[-81.52926,31.55175],[-81.52976,31.55351],[-81.52838,31.55474],[-81.52888,31.5565],[-81.52751,31.55773],[-81.52801,31.55949],[-81.52664,31.56072],[-81.52713,31.56248],[-81.52576,31.56371]],[[-81.45576,31.47444],[-81.45763,31.47497],[-81.459,31.47374],[-81.4585,31.47198],[-81.45663,31.47145],[-81.45526,31.47268],[-81.45576,31.47444]],[[-81.45963,31.45774],[-81.461,31.4565],[-81.46051,31.45475],[-81.45864,31.45422],[-81.45727,31.45545],[-81.45777,31.45721],[-81.45963,31.45774]],[[-81.46349,31.46529],[-81.46398,31.46705],[-81.46261,31.46828],[-81.46311,31.47004],[-81.46822,31.46986],[-81.46959,31.46863],[-81.47146,31.46915],[-81.47283,31.46792],[-81.47233,31.46616],[-81.46722,31.46634],[-81.46673,31.46459],[-81.4681,31.46336],[-81.4676,31.4616],[-81.46573,31.46107],[-81.46436,31.4623],[-81.46486,31.46406],[-81.46349,31.46529]],[[-81.46413,31.60135],[-81.46276,31.60258],[-81.46326,31.60434],[-81.46749,31.60715],[-81.46887,31.60592],[-81.46837,31.60416],[-81.4665,31.60364],[-81.466,31.60188],[-81.46737,31.60065],[-81.47161,31.60346],[-81.47298,31.60223],[-81.47485,31.60276],[-81.47623,31.60153],[-81.47573,31.59977],[-81.4771,31.59854],[-81.4766,31.59678],[-81.47473,31.59626],[-81.47336,31.59749],[-81.46912,31.59467],[-81.46775,31.5959],[-81.46588,31.59538],[-81.46451,31.59661],[-81.46501,31.59836],[-81.46363,31.5996],[-81.46413,31.60135]],[[-81.46512,31.45281],[-81.46375,31.45404],[-81.46424,31.4558],[-81.46611,31.45632],[-81.46748,31.45509],[-81.46698,31.45333],[-81.46512,31.45281]],[[-81.46696,31.6539],[-81.46559,31.65513],[-81.46609,31.65689],[-81.46796,31.65742],[-81.46933,31.65619],[-81.46883,31.65443],[-81.46696,31.6539]],[[-81.47072,31.6307],[-81.47022,31.62895],[-81.46835,31.62842],[-81.46698,31.62965],[-81.46748,31.63141],[-81.46935,31.63193],[-81.47072,31.6307]],[[-81.46959,31.64494],[-81.47146,31.64547],[-81.47283,31.64424],[-81.47233,31.64248],[-81.47046,31.64195],[-81.46909,31.64318],[-81.46959,31.64494]],[[-81.46981,31.69299],[-81.47,31.69304],[-81.46966,31.6928],[-81.46981,31.69299]],[[-81.47408,31.6365],[-81.47221,31.63598],[-81.47084,31.63721],[-81.47134,31.63896],[-81.47321,31.63949],[-81.47371,31.64125],[-81.47558,31.64178],[-81.47695,31.64055],[-81.47645,31.63879],[-81.47458,31.63826],[-81.47408,31.6365]],[[-81.47465,31.54124],[-81.47602,31.54],[-81.47552,31.53825],[-81.47365,31.53772],[-81.47228,31.53895],[-81.47278,31.54071],[-81.47465,31.54124]],[[-81.47488,31.5486],[-81.47503,31.54861],[-81.47483,31.54857],[-81.47488,31.5486]],[[-81.4757,31.4477],[-81.47757,31.44822],[-81.47894,31.44699],[-81.47845,31.44523],[-81.47658,31.44471],[-81.47521,31.44594],[-81.4757,31.4477]],[[-81.47915,31.50853],[-81.48102,31.50906],[-81.48239,31.50783],[-81.48426,31.50835],[-81.48563,31.50712],[-81.48514,31.50536],[-81.48327,31.50484],[-81.4819,31.50607],[-81.48003,31.50554],[-81.47866,31.50677],[-81.47915,31.50853]],[[-81.48305,31.44329],[-81.48256,31.44154],[-81.48069,31.44101],[-81.47932,31.44224],[-81.47982,31.444],[-81.48168,31.44453],[-81.48305,31.44329]],[[-81.48266,31.47231],[-81.4808,31.47178],[-81.47943,31.47302],[-81.47992,31.47477],[-81.48179,31.4753],[-81.48229,31.47706],[-81.48416,31.47758],[-81.48553,31.47635],[-81.48503,31.47459],[-81.48316,31.47407],[-81.48266,31.47231]],[[-81.48175,31.62416],[-81.48515,31.62459],[-81.48177,31.62377],[-81.48142,31.62283],[-81.48018,31.62543],[-81.48175,31.62416]],[[-81.48538,31.51837],[-81.48488,31.51662],[-81.48279,31.5155],[-81.48164,31.51732],[-81.48214,31.51908],[-81.48401,31.51961],[-81.48538,31.51837]],[[-81.4823,31.6411],[-81.48464,31.64086],[-81.48472,31.63998],[-81.4823,31.6411]],[[-81.48476,31.51011],[-81.48339,31.51134],[-81.48389,31.5131],[-81.48576,31.51363],[-81.48713,31.51239],[-81.48663,31.51064],[-81.48476,31.51011]],[[-81.48694,31.62719],[-81.48881,31.62772],[-81.49018,31.62649],[-81.49205,31.62701],[-81.49343,31.62578],[-81.49293,31.62403],[-81.4943,31.6228],[-81.4938,31.62104],[-81.49193,31.62051],[-81.49056,31.62174],[-81.49106,31.6235],[-81.48969,31.62473],[-81.48781,31.6242],[-81.48644,31.62543],[-81.48694,31.62719]],[[-81.49122,31.55723],[-81.48935,31.5567],[-81.48797,31.55793],[-81.48847,31.55969],[-81.49034,31.56021],[-81.49171,31.55898],[-81.49122,31.55723]],[[-81.49041,31.43889],[-81.48903,31.44012],[-81.48953,31.44188],[-81.48816,31.44311],[-81.48866,31.44487],[-81.49053,31.4454],[-81.4919,31.44416],[-81.4914,31.4424],[-81.49277,31.44117],[-81.49464,31.4417],[-81.49601,31.44046],[-81.49551,31.43871],[-81.49364,31.43818],[-81.49227,31.43941],[-81.49041,31.43889]],[[-81.48891,31.43361],[-81.49078,31.43414],[-81.49215,31.43291],[-81.49165,31.43115],[-81.48979,31.43062],[-81.48842,31.43186],[-81.48891,31.43361]],[[-81.49082,31.61049],[-81.49219,31.60926],[-81.49169,31.6075],[-81.48982,31.60698],[-81.48845,31.60821],[-81.48894,31.60996],[-81.49082,31.61049]],[[-81.4887,31.59696],[-81.4892,31.59871],[-81.49107,31.59924],[-81.49244,31.59801],[-81.49195,31.59625],[-81.49007,31.59573],[-81.4887,31.59696]],[[-81.49359,31.55951],[-81.49408,31.56127],[-81.49271,31.5625],[-81.49321,31.56426],[-81.49184,31.56549],[-81.49233,31.56725],[-81.49657,31.57006],[-81.49795,31.56883],[-81.49982,31.56935],[-81.50119,31.56812],[-81.50069,31.56636],[-81.49645,31.56355],[-81.49595,31.56179],[-81.49733,31.56056],[-81.49683,31.55881],[-81.49496,31.55828],[-81.49359,31.55951]],[[-81.49264,31.53623],[-81.49261,31.53617],[-81.49261,31.53623],[-81.49264,31.53623]],[[-81.49412,31.60913],[-81.49433,31.60771],[-81.49349,31.60888],[-81.49455,31.60972],[-81.49739,31.61002],[-81.50038,31.60903],[-81.49412,31.60913]],[[-81.49667,31.62508],[-81.4953,31.62631],[-81.4958,31.62807],[-81.49767,31.6286],[-81.49904,31.62737],[-81.49854,31.62561],[-81.49667,31.62508]],[[-81.49871,31.53507],[-81.49734,31.5363],[-81.49783,31.53806],[-81.4997,31.53858],[-81.50108,31.53735],[-81.50058,31.53559],[-81.49871,31.53507]],[[-81.50249,31.43905],[-81.50436,31.43957],[-81.50485,31.44133],[-81.50672,31.44186],[-81.50809,31.44062],[-81.50759,31.43887],[-81.50573,31.43834],[-81.50523,31.43658],[-81.50336,31.43606],[-81.50199,31.43729],[-81.50249,31.43905]],[[-81.50605,31.5792],[-81.50418,31.57867],[-81.5028,31.5799],[-81.5033,31.58166],[-81.50517,31.58218],[-81.50655,31.58095],[-81.50605,31.5792]],[[-81.50747,31.43236],[-81.50697,31.4306],[-81.50511,31.43007],[-81.50374,31.43131],[-81.50423,31.43307],[-81.5061,31.43359],[-81.5066,31.43535],[-81.51083,31.43816],[-81.5122,31.43692],[-81.51171,31.43517],[-81.50984,31.43464],[-81.50934,31.43288],[-81.50747,31.43236]],[[-81.50507,31.53811],[-81.50541,31.53808],[-81.50437,31.53545],[-81.50507,31.53811]],[[-81.51403,31.58306],[-81.51453,31.58482],[-81.5164,31.58534],[-81.51777,31.58411],[-81.51727,31.58235],[-81.5154,31.58183],[-81.51403,31.58306]],[[-81.5162,31.40244],[-81.51807,31.40297],[-81.51944,31.40173],[-81.51894,31.39997],[-81.51707,31.39945],[-81.5157,31.40068],[-81.5162,31.40244]],[[-81.5228,31.40753],[-81.52093,31.40701],[-81.51956,31.40824],[-81.52006,31.41],[-81.52193,31.41052],[-81.5233,31.40929],[-81.5228,31.40753]],[[-81.52127,31.45043],[-81.52134,31.45026],[-81.52099,31.45017],[-81.52127,31.45043]],[[-81.5266,31.44538],[-81.52656,31.44453],[-81.5265,31.44456],[-81.5266,31.44538]],[[-81.52765,31.54334],[-81.52752,31.54333],[-81.52778,31.54389],[-81.52765,31.54334]],[[-81.52781,31.54344],[-81.52791,31.54348],[-81.52792,31.54311],[-81.52781,31.54344]]]}},{"type":"Feature","properties":{"sqmi":43.96},"geometry":{"type":"Polygon","coordinates":[[[-78.23563,34.12839],[-78.23388,34.12931],[-78.2282,34.12888],[-78.22645,34.12979],[-78.22665,34.13139],[-78.22489,34.1323],[-78.21922,34.13187],[-78.21746,34.13279],[-78.21766,34.13438],[-78.2159,34.1353],[-78.21023,34.13487],[-78.20847,34.13578],[-78.20651,34.13511],[-78.20475,34.13603],[-78.20495,34.13762],[-78.20319,34.13854],[-78.19752,34.13811],[-78.19576,34.13902],[-78.19596,34.14062],[-78.1942,34.14153],[-78.1944,34.14313],[-78.19264,34.14404],[-78.19283,34.14564],[-78.19107,34.14655],[-78.19127,34.14815],[-78.18951,34.14906],[-78.18971,34.15066],[-78.18795,34.15157],[-78.18815,34.15317],[-78.18639,34.15408],[-78.18659,34.15568],[-78.18483,34.15659],[-78.18502,34.15819],[-78.17955,34.15935],[-78.17974,34.16094],[-78.17798,34.16186],[-78.17818,34.16345],[-78.18014,34.16413],[-78.18033,34.16572],[-78.17857,34.16664],[-78.17877,34.16823],[-78.17701,34.16915],[-78.17721,34.17074],[-78.17545,34.17166],[-78.17564,34.17325],[-78.1776,34.17393],[-78.1778,34.17552],[-78.17604,34.17644],[-78.17624,34.17803],[-78.17448,34.17895],[-78.17467,34.18054],[-78.16919,34.1817],[-78.16723,34.18103],[-78.16704,34.17943],[-78.1688,34.17852],[-78.1686,34.17692],[-78.16293,34.17649],[-78.16273,34.1749],[-78.15862,34.17195],[-78.15686,34.17287],[-78.15705,34.17446],[-78.15529,34.17538],[-78.14962,34.17494],[-78.14785,34.17586],[-78.14805,34.17745],[-78.14629,34.17837],[-78.14649,34.17997],[-78.14844,34.18064],[-78.1502,34.17972],[-78.15588,34.18016],[-78.15764,34.17924],[-78.16175,34.18219],[-78.16352,34.18127],[-78.16547,34.18195],[-78.16567,34.18354],[-78.16763,34.18422],[-78.17311,34.18306],[-78.17507,34.18373],[-78.17526,34.18533],[-78.1735,34.18624],[-78.1737,34.18784],[-78.17194,34.18876],[-78.17214,34.19035],[-78.17037,34.19127],[-78.17057,34.19286],[-78.17253,34.19354],[-78.17273,34.19513],[-78.16725,34.19629],[-78.16744,34.19788],[-78.16568,34.1988],[-78.16588,34.2004],[-78.16412,34.20131],[-78.16431,34.20291],[-78.16255,34.20383],[-78.16059,34.20315],[-78.1604,34.20156],[-78.16216,34.20064],[-78.16196,34.19904],[-78.16,34.19837],[-78.15981,34.19677],[-78.16157,34.19586],[-78.16137,34.19426],[-78.16685,34.1931],[-78.16665,34.19151],[-78.16842,34.19059],[-78.16822,34.189],[-78.16411,34.18605],[-78.16391,34.18446],[-78.15823,34.18402],[-78.15647,34.18494],[-78.15667,34.18653],[-78.15491,34.18745],[-78.15079,34.18451],[-78.14903,34.18542],[-78.14923,34.18702],[-78.14747,34.18793],[-78.14766,34.18953],[-78.15334,34.18996],[-78.15354,34.19156],[-78.15922,34.19199],[-78.15941,34.19359],[-78.15765,34.1945],[-78.15785,34.1961],[-78.15608,34.19702],[-78.15628,34.19861],[-78.15452,34.19953],[-78.14884,34.19909],[-78.14864,34.1975],[-78.15041,34.19658],[-78.15021,34.19499],[-78.1461,34.19204],[-78.14434,34.19296],[-78.14453,34.19455],[-78.14649,34.19523],[-78.14669,34.19682],[-78.14492,34.19774],[-78.14512,34.19933],[-78.14708,34.20001],[-78.14727,34.2016],[-78.14551,34.20252],[-78.14571,34.20412],[-78.15139,34.20455],[-78.15158,34.20615],[-78.1461,34.20731],[-78.1463,34.2089],[-78.14826,34.20958],[-78.14845,34.21117],[-78.14669,34.21209],[-78.14689,34.21368],[-78.14512,34.2146],[-78.14532,34.2162],[-78.14728,34.21687],[-78.14748,34.21847],[-78.14943,34.21914],[-78.14963,34.22074],[-78.14787,34.22166],[-78.14806,34.22325],[-78.1463,34.22417],[-78.1465,34.22576],[-78.14846,34.22644],[-78.14865,34.22804],[-78.14689,34.22895],[-78.14493,34.22828],[-78.14474,34.22668],[-78.14278,34.22601],[-78.14258,34.22441],[-78.14062,34.22373],[-78.14042,34.22214],[-78.13631,34.21919],[-78.13611,34.2176],[-78.13415,34.21692],[-78.13239,34.21784],[-78.13259,34.21943],[-78.13455,34.22011],[-78.13474,34.2217],[-78.13886,34.22465],[-78.13905,34.22625],[-78.13729,34.22717],[-78.13749,34.22876],[-78.14317,34.2292],[-78.14336,34.23079],[-78.14532,34.23147],[-78.14552,34.23306],[-78.14748,34.23374],[-78.14768,34.23534],[-78.14591,34.23625],[-78.14611,34.23785],[-78.14435,34.23877],[-78.14454,34.24036],[-78.13906,34.24152],[-78.13925,34.24312],[-78.13749,34.24404],[-78.13768,34.24563],[-78.1322,34.24679],[-78.13239,34.24839],[-78.13063,34.2493],[-78.12867,34.24863],[-78.1269,34.24955],[-78.1271,34.25114],[-78.12533,34.25206],[-78.12337,34.25138],[-78.12318,34.24979],[-78.12494,34.24887],[-78.12475,34.24727],[-78.12279,34.24659],[-78.12259,34.245],[-78.12063,34.24432],[-78.11887,34.24524],[-78.11906,34.24684],[-78.12102,34.24751],[-78.12122,34.24911],[-78.11945,34.25003],[-78.11749,34.24935],[-78.1173,34.24775],[-78.11161,34.24732],[-78.11142,34.24572],[-78.11691,34.24456],[-78.11671,34.24297],[-78.11848,34.24205],[-78.11828,34.24045],[-78.11632,34.23978],[-78.11456,34.24069],[-78.11475,34.24229],[-78.11299,34.24321],[-78.11103,34.24253],[-78.11083,34.24093],[-78.10515,34.2405],[-78.10495,34.2389],[-78.103,34.23822],[-78.10123,34.23914],[-78.09712,34.23619],[-78.09692,34.2346],[-78.09869,34.23368],[-78.09849,34.23208],[-78.09281,34.23165],[-78.09262,34.23005],[-78.09438,34.22913],[-78.09634,34.22981],[-78.0981,34.22889],[-78.09791,34.2273],[-78.09967,34.22638],[-78.09948,34.22479],[-78.09752,34.22411],[-78.09732,34.22251],[-78.09909,34.2216],[-78.10477,34.22203],[-78.10653,34.22112],[-78.10634,34.21952],[-78.1081,34.2186],[-78.10791,34.21701],[-78.10967,34.21609],[-78.10947,34.2145],[-78.10536,34.21155],[-78.1036,34.21246],[-78.10379,34.21406],[-78.10203,34.21498],[-78.10007,34.2143],[-78.09988,34.2127],[-78.10164,34.21179],[-78.10145,34.21019],[-78.10321,34.20927],[-78.10517,34.20995],[-78.10693,34.20903],[-78.10674,34.20744],[-78.1085,34.20652],[-78.11261,34.20947],[-78.11281,34.21107],[-78.11476,34.21174],[-78.11653,34.21083],[-78.11633,34.20923],[-78.11809,34.20831],[-78.1179,34.20672],[-78.11594,34.20604],[-78.11575,34.20445],[-78.11751,34.20353],[-78.11947,34.20421],[-78.12123,34.20329],[-78.12691,34.20373],[-78.12867,34.20281],[-78.12848,34.20122],[-78.12652,34.20054],[-78.12632,34.19894],[-78.12808,34.19803],[-78.13004,34.1987],[-78.1318,34.19779],[-78.13161,34.19619],[-78.13337,34.19527],[-78.13318,34.19368],[-78.12906,34.19073],[-78.12887,34.18914],[-78.13063,34.18822],[-78.13259,34.1889],[-78.13435,34.18798],[-78.13631,34.18866],[-78.13807,34.18774],[-78.14375,34.18818],[-78.14551,34.18726],[-78.14531,34.18566],[-78.14707,34.18475],[-78.14688,34.18315],[-78.1412,34.18272],[-78.13944,34.18363],[-78.13748,34.18296],[-78.13729,34.18136],[-78.13905,34.18045],[-78.13885,34.17885],[-78.14061,34.17794],[-78.14042,34.17634],[-78.13846,34.17567],[-78.13826,34.17407],[-78.14002,34.17316],[-78.13983,34.17156],[-78.14159,34.17065],[-78.1457,34.17359],[-78.14746,34.17267],[-78.14727,34.17108],[-78.15274,34.16992],[-78.15255,34.16833],[-78.15431,34.16741],[-78.15411,34.16582],[-78.15216,34.16514],[-78.15196,34.16355],[-78.15372,34.16263],[-78.15352,34.16104],[-78.15528,34.16012],[-78.15509,34.15853],[-78.15685,34.15761],[-78.16252,34.15805],[-78.16428,34.15713],[-78.16409,34.15553],[-78.16213,34.15486],[-78.16193,34.15327],[-78.16369,34.15235],[-78.1635,34.15076],[-78.16897,34.1496],[-78.16878,34.148],[-78.16682,34.14733],[-78.16134,34.14849],[-78.15723,34.14554],[-78.15547,34.14646],[-78.15567,34.14805],[-78.15391,34.14897],[-78.15411,34.15056],[-78.15235,34.15148],[-78.15254,34.15307],[-78.15078,34.15399],[-78.14667,34.15105],[-78.14491,34.15196],[-78.14511,34.15356],[-78.14335,34.15447],[-78.14139,34.1538],[-78.1412,34.1522],[-78.14296,34.15129],[-78.14276,34.14969],[-78.14452,34.14878],[-78.14432,34.14718],[-78.14608,34.14627],[-78.14589,34.14467],[-78.14393,34.144],[-78.14374,34.14241],[-78.1455,34.14149],[-78.1453,34.1399],[-78.14706,34.13898],[-78.14686,34.13739],[-78.14491,34.13671],[-78.14315,34.13763],[-78.13904,34.13468],[-78.13728,34.1356],[-78.13748,34.13719],[-78.13572,34.13811],[-78.13591,34.1397],[-78.14002,34.14265],[-78.14022,34.14424],[-78.14217,34.14491],[-78.14237,34.14651],[-78.14061,34.14742],[-78.1408,34.14902],[-78.13904,34.14993],[-78.13924,34.15153],[-78.13376,34.15268],[-78.13396,34.15428],[-78.1322,34.15519],[-78.13239,34.15679],[-78.13063,34.1577],[-78.12867,34.15703],[-78.12848,34.15543],[-78.13024,34.15452],[-78.13004,34.15293],[-78.13181,34.15201],[-78.13161,34.15042],[-78.13337,34.1495],[-78.13317,34.14791],[-78.13122,34.14723],[-78.13102,34.14564],[-78.13278,34.14472],[-78.13259,34.14313],[-78.13063,34.14245],[-78.13044,34.14086],[-78.12848,34.14018],[-78.12829,34.13859],[-78.13005,34.13767],[-78.132,34.13835],[-78.13376,34.13743],[-78.13357,34.13584],[-78.13533,34.13492],[-78.13513,34.13333],[-78.13317,34.13266],[-78.13298,34.13106],[-78.13102,34.13039],[-78.12926,34.1313],[-78.12731,34.13063],[-78.12711,34.12904],[-78.12887,34.12812],[-78.13083,34.1288],[-78.13259,34.12788],[-78.13826,34.12831],[-78.14002,34.1274],[-78.13982,34.12581],[-78.13787,34.12513],[-78.13767,34.12354],[-78.13943,34.12262],[-78.14354,34.12556],[-78.1453,34.12465],[-78.1451,34.12306],[-78.14686,34.12214],[-78.14666,34.12055],[-78.15214,34.11939],[-78.15194,34.1178],[-78.14999,34.11712],[-78.14979,34.11553],[-78.15155,34.11461],[-78.15722,34.11505],[-78.15898,34.11413],[-78.15878,34.11254],[-78.16054,34.11162],[-78.16034,34.11003],[-78.15839,34.10936],[-78.15663,34.11027],[-78.15467,34.1096],[-78.15448,34.10801],[-78.15995,34.10685],[-78.15975,34.10526],[-78.16151,34.10434],[-78.16347,34.10502],[-78.16523,34.1041],[-78.16503,34.10251],[-78.16679,34.10159],[-78.16659,34.1],[-78.16092,34.09957],[-78.16073,34.09797],[-78.16249,34.09706],[-78.16229,34.09547],[-78.15662,34.09503],[-78.15643,34.09344],[-78.15818,34.09253],[-78.16014,34.0932],[-78.1619,34.09228],[-78.1617,34.09069],[-78.16346,34.08978],[-78.16326,34.08819],[-78.16131,34.08751],[-78.16111,34.08592],[-78.16287,34.085],[-78.16853,34.08544],[-78.17029,34.08452],[-78.1744,34.08746],[-78.17615,34.08655],[-78.17811,34.08722],[-78.17987,34.0863],[-78.17967,34.08471],[-78.18514,34.08355],[-78.18924,34.08649],[-78.191,34.08558],[-78.1908,34.08399],[-78.18885,34.08331],[-78.18865,34.08172],[-78.19041,34.08081],[-78.19021,34.07921],[-78.19197,34.0783],[-78.19392,34.07897],[-78.19568,34.07806],[-78.19548,34.07647],[-78.19724,34.07555],[-78.20135,34.07849],[-78.20154,34.08008],[-78.2035,34.08075],[-78.20525,34.07984],[-78.21092,34.08027],[-78.21268,34.07935],[-78.21248,34.07776],[-78.21423,34.07684],[-78.21834,34.07978],[-78.21854,34.08137],[-78.22421,34.08181],[-78.2244,34.0834],[-78.22636,34.08407],[-78.22812,34.08315],[-78.22792,34.08156],[-78.22967,34.08064],[-78.23378,34.08358],[-78.23554,34.08267],[-78.23534,34.08108],[-78.24081,34.07992],[-78.24061,34.07832],[-78.23865,34.07765],[-78.23845,34.07606],[-78.24021,34.07514],[-78.24001,34.07355],[-78.23806,34.07288],[-78.23786,34.07129],[-78.23961,34.07037],[-78.24157,34.07104],[-78.24177,34.07264],[-78.24372,34.07331],[-78.24392,34.0749],[-78.24587,34.07557],[-78.24763,34.07466],[-78.24743,34.07307],[-78.24548,34.07239],[-78.24528,34.0708],[-78.24703,34.06988],[-78.24683,34.06829],[-78.24488,34.06762],[-78.24468,34.06603],[-78.23902,34.0656],[-78.23882,34.06401],[-78.24057,34.06309],[-78.24624,34.06352],[-78.24644,34.06511],[-78.24839,34.06579],[-78.24859,34.06738],[-78.25054,34.06805],[-78.2523,34.06713],[-78.2521,34.06554],[-78.25386,34.06463],[-78.25952,34.06505],[-78.25972,34.06665],[-78.26167,34.06732],[-78.26343,34.0664],[-78.26538,34.06707],[-78.26558,34.06866],[-78.26754,34.06934],[-78.26774,34.07093],[-78.2734,34.07136],[-78.2736,34.07295],[-78.27556,34.07362],[-78.27576,34.07521],[-78.27771,34.07588],[-78.27947,34.07497],[-78.28142,34.07564],[-78.28318,34.07472],[-78.28298,34.07313],[-78.28473,34.07221],[-78.28669,34.07289],[-78.28689,34.07448],[-78.28884,34.07515],[-78.2906,34.07423],[-78.2904,34.07264],[-78.28844,34.07197],[-78.28824,34.07038],[-78.29,34.06946],[-78.29566,34.06989],[-78.29742,34.06897],[-78.29722,34.06738],[-78.30268,34.06622],[-78.30248,34.06463],[-78.30423,34.06371],[-78.30403,34.06212],[-78.30579,34.0612],[-78.30774,34.06187],[-78.30794,34.06346],[-78.30619,34.06438],[-78.30639,34.06597],[-78.30463,34.06689],[-78.30484,34.06848],[-78.30895,34.07142],[-78.3107,34.0705],[-78.3105,34.06891],[-78.31225,34.06799],[-78.31205,34.0664],[-78.31381,34.06548],[-78.31576,34.06615],[-78.31596,34.06774],[-78.31792,34.06842],[-78.31967,34.0675],[-78.31947,34.06591],[-78.31536,34.06297],[-78.31516,34.06138],[-78.31691,34.06047],[-78.31671,34.05888],[-78.31847,34.05796],[-78.31826,34.05637],[-78.32002,34.05545],[-78.31982,34.05386],[-78.32157,34.05294],[-78.32137,34.05135],[-78.31726,34.04842],[-78.31706,34.04683],[-78.3151,34.04616],[-78.3149,34.04457],[-78.31665,34.04365],[-78.31645,34.04206],[-78.31821,34.04114],[-78.31801,34.03955],[-78.31976,34.03863],[-78.32387,34.04157],[-78.32407,34.04316],[-78.32232,34.04408],[-78.32252,34.04566],[-78.32818,34.04609],[-78.32838,34.04768],[-78.32663,34.0486],[-78.32683,34.05019],[-78.32879,34.05086],[-78.33054,34.04994],[-78.33034,34.04835],[-78.33209,34.04743],[-78.33189,34.04584],[-78.33364,34.04493],[-78.33775,34.04786],[-78.33795,34.04945],[-78.33991,34.05012],[-78.34011,34.05171],[-78.34207,34.05238],[-78.34227,34.05397],[-78.34052,34.05489],[-78.33856,34.05422],[-78.33681,34.05514],[-78.33269,34.0522],[-78.32723,34.05337],[-78.32743,34.05496],[-78.33155,34.05789],[-78.33175,34.05948],[-78.32629,34.06065],[-78.32649,34.06224],[-78.32844,34.06291],[-78.32864,34.0645],[-78.32689,34.06542],[-78.32709,34.06701],[-78.32905,34.06768],[-78.32925,34.06927],[-78.3275,34.07019],[-78.3277,34.07178],[-78.32594,34.0727],[-78.32399,34.07202],[-78.32223,34.07294],[-78.32243,34.07453],[-78.32068,34.07545],[-78.32088,34.07704],[-78.31913,34.07796],[-78.31346,34.07753],[-78.31171,34.07845],[-78.30975,34.07778],[-78.30955,34.07619],[-78.30388,34.07576],[-78.30368,34.07417],[-78.30173,34.0735],[-78.29997,34.07441],[-78.30017,34.07601],[-78.29842,34.07692],[-78.29862,34.07851],[-78.30058,34.07919],[-78.30233,34.07827],[-78.308,34.0787],[-78.3082,34.08029],[-78.30644,34.0812],[-78.30449,34.08053],[-78.30273,34.08145],[-78.30293,34.08304],[-78.30489,34.08371],[-78.30509,34.0853],[-78.31076,34.08573],[-78.31096,34.08732],[-78.31291,34.08799],[-78.31312,34.08959],[-78.31136,34.0905],[-78.3094,34.08983],[-78.30765,34.09075],[-78.30785,34.09234],[-78.3061,34.09326],[-78.3063,34.09485],[-78.30454,34.09577],[-78.30258,34.09509],[-78.30238,34.0935],[-78.30043,34.09283],[-78.29867,34.09375],[-78.29887,34.09534],[-78.30083,34.09601],[-78.30103,34.0976],[-78.29927,34.09852],[-78.29361,34.09809],[-78.29185,34.09901],[-78.29205,34.1006],[-78.28658,34.10177],[-78.28678,34.10336],[-78.28503,34.10428],[-78.27936,34.10385],[-78.2776,34.10477],[-78.2778,34.10636],[-78.27233,34.10752],[-78.27253,34.10911],[-78.27078,34.11003],[-78.26882,34.10936],[-78.26706,34.11027],[-78.26726,34.11187],[-78.26551,34.11278],[-78.26355,34.11211],[-78.26179,34.11303],[-78.26199,34.11462],[-78.26024,34.11554],[-78.25828,34.11486],[-78.25652,34.11578],[-78.25672,34.11737],[-78.25125,34.11854],[-78.25145,34.12013],[-78.24969,34.12105],[-78.24989,34.12264],[-78.24442,34.1238],[-78.24462,34.12539],[-78.24286,34.12631],[-78.23719,34.12588],[-78.23543,34.1268],[-78.23563,34.12839]],[[-78.10496,34.22363],[-78.1032,34.22455],[-78.10339,34.22614],[-78.10535,34.22682],[-78.10712,34.2259],[-78.10692,34.22431],[-78.10496,34.22363]],[[-78.13004,34.22924],[-78.132,34.22992],[-78.13376,34.229],[-78.13357,34.22741],[-78.12945,34.22446],[-78.12769,34.22538],[-78.12789,34.22697],[-78.12984,34.22765],[-78.13004,34.22924]],[[-78.15116,34.12668],[-78.15312,34.12735],[-78.15859,34.12619],[-78.1584,34.1246],[-78.15644,34.12393],[-78.15097,34.12508],[-78.15116,34.12668]],[[-78.16175,34.16693],[-78.16155,34.16534],[-78.16331,34.16442],[-78.16311,34.16282],[-78.16116,34.16215],[-78.1594,34.16307],[-78.15959,34.16466],[-78.15783,34.16558],[-78.15803,34.16717],[-78.15998,34.16785],[-78.16175,34.16693]],[[-78.16308,34.11707],[-78.16484,34.11616],[-78.16465,34.11457],[-78.16269,34.11389],[-78.16093,34.11481],[-78.16113,34.1164],[-78.16308,34.11707]],[[-78.16251,34.14279],[-78.16447,34.14347],[-78.16467,34.14506],[-78.16662,34.14574],[-78.16838,34.14482],[-78.16819,34.14323],[-78.16995,34.14231],[-78.16975,34.14072],[-78.16779,34.14004],[-78.16232,34.1412],[-78.16251,34.14279]],[[-78.1756,34.12749],[-78.17971,34.13044],[-78.18147,34.12952],[-78.18128,34.12793],[-78.18303,34.12701],[-78.18284,34.12542],[-78.17717,34.12499],[-78.17697,34.12339],[-78.17873,34.12248],[-78.17853,34.12088],[-78.17658,34.12021],[-78.17482,34.12113],[-78.17501,34.12272],[-78.17326,34.12363],[-78.17345,34.12523],[-78.17169,34.12614],[-78.16602,34.12571],[-78.16426,34.12663],[-78.16446,34.12822],[-78.16642,34.12889],[-78.16661,34.13049],[-78.16485,34.1314],[-78.16505,34.133],[-78.16916,34.13594],[-78.17092,34.13502],[-78.17072,34.13343],[-78.17248,34.13251],[-78.17228,34.13092],[-78.17404,34.13],[-78.17385,34.12841],[-78.1756,34.12749]],[[-78.16859,34.16167],[-78.16839,34.16007],[-78.16644,34.1594],[-78.16468,34.16031],[-78.16487,34.16191],[-78.16683,34.16258],[-78.16859,34.16167]],[[-78.16561,34.09204],[-78.16756,34.09272],[-78.16932,34.0918],[-78.16912,34.09021],[-78.16717,34.08954],[-78.16541,34.09045],[-78.16561,34.09204]],[[-78.16776,34.09431],[-78.166,34.09523],[-78.1662,34.09682],[-78.16815,34.09749],[-78.16835,34.09908],[-78.1703,34.09976],[-78.17206,34.09884],[-78.17187,34.09725],[-78.16991,34.09658],[-78.16971,34.09498],[-78.16776,34.09431]],[[-78.17421,34.10111],[-78.17246,34.10203],[-78.17265,34.10362],[-78.17089,34.10453],[-78.17109,34.10612],[-78.17305,34.1068],[-78.1748,34.10588],[-78.17461,34.10429],[-78.17637,34.10337],[-78.18047,34.10632],[-78.18067,34.10791],[-78.18262,34.10858],[-78.18438,34.10767],[-78.18419,34.10607],[-78.18008,34.10313],[-78.17988,34.10154],[-78.17793,34.10087],[-78.17617,34.10178],[-78.17421,34.10111]],[[-78.17993,34.14728],[-78.18012,34.14887],[-78.17836,34.14979],[-78.17856,34.15138],[-78.18052,34.15206],[-78.18228,34.15114],[-78.18208,34.14955],[-78.18384,34.14863],[-78.18364,34.14704],[-78.18169,34.14636],[-78.17993,34.14728]],[[-78.18266,34.13907],[-78.1809,34.13999],[-78.18109,34.14158],[-78.18305,34.14226],[-78.18325,34.14385],[-78.1852,34.14453],[-78.18696,34.14361],[-78.18677,34.14202],[-78.18481,34.14134],[-78.18461,34.13975],[-78.18266,34.13907]],[[-78.183,34.09653],[-78.1832,34.09812],[-78.18515,34.09879],[-78.18691,34.09788],[-78.18672,34.09628],[-78.18476,34.09561],[-78.183,34.09653]],[[-78.18713,34.11471],[-78.18693,34.11312],[-78.18497,34.11244],[-78.18322,34.11336],[-78.18341,34.11495],[-78.18537,34.11562],[-78.18713,34.11471]],[[-78.18343,34.1302],[-78.18363,34.13179],[-78.18558,34.13246],[-78.18734,34.13155],[-78.18714,34.12995],[-78.18519,34.12928],[-78.18343,34.1302]],[[-78.18381,34.11813],[-78.184,34.11973],[-78.18596,34.1204],[-78.18772,34.11948],[-78.18752,34.11789],[-78.18557,34.11722],[-78.18381,34.11813]],[[-78.18849,34.11061],[-78.19025,34.10969],[-78.19005,34.1081],[-78.1881,34.10742],[-78.18634,34.10834],[-78.18653,34.10993],[-78.18849,34.11061]],[[-78.19064,34.11287],[-78.19084,34.11447],[-78.18908,34.11538],[-78.18928,34.11697],[-78.19124,34.11765],[-78.19299,34.11673],[-78.1928,34.11514],[-78.19455,34.11422],[-78.19436,34.11263],[-78.1924,34.11196],[-78.19064,34.11287]],[[-78.19961,34.09464],[-78.19785,34.09556],[-78.19805,34.09715],[-78.2,34.09782],[-78.20176,34.09691],[-78.20156,34.09532],[-78.19961,34.09464]],[[-78.22035,34.11093],[-78.2184,34.11026],[-78.21664,34.11118],[-78.21684,34.11277],[-78.21879,34.11344],[-78.22055,34.11253],[-78.22035,34.11093]],[[-78.2254,34.09135],[-78.22715,34.09043],[-78.22695,34.08884],[-78.225,34.08817],[-78.22324,34.08909],[-78.22344,34.09068],[-78.2254,34.09135]],[[-78.26155,34.0962],[-78.26175,34.09779],[-78.26371,34.09846],[-78.26547,34.09754],[-78.26527,34.09595],[-78.26331,34.09528],[-78.26155,34.0962]],[[-78.30354,34.08781],[-78.30178,34.08873],[-78.30198,34.09032],[-78.30394,34.09099],[-78.30569,34.09008],[-78.30549,34.08849],[-78.30354,34.08781]]]}},{"type":"Feature","properties":{"sqmi":33.78},"geometry":{"type":"Polygon","coordinates":[[[-77.17062,34.85936],[-77.17046,34.85775],[-77.16849,34.85705],[-77.16668,34.85796],[-77.16093,34.85747],[-77.15913,34.85839],[-77.15716,34.85769],[-77.15535,34.8586],[-77.15552,34.86021],[-77.15749,34.86091],[-77.15766,34.86253],[-77.15963,34.86323],[-77.15979,34.86484],[-77.15799,34.86576],[-77.15815,34.86737],[-77.1639,34.86786],[-77.16407,34.86947],[-77.16604,34.87017],[-77.16785,34.86926],[-77.16768,34.86764],[-77.16949,34.86673],[-77.16932,34.86511],[-77.17112,34.8642],[-77.17309,34.8649],[-77.17326,34.86651],[-77.17523,34.86721],[-77.1754,34.86883],[-77.17737,34.86953],[-77.17754,34.87114],[-77.17573,34.87206],[-77.17376,34.87136],[-77.1736,34.86974],[-77.17162,34.86904],[-77.16982,34.86996],[-77.16999,34.87157],[-77.16818,34.87248],[-77.16835,34.8741],[-77.16654,34.87501],[-77.16671,34.87663],[-77.16868,34.87733],[-77.16885,34.87894],[-77.16704,34.87985],[-77.16721,34.88147],[-77.17296,34.88196],[-77.17312,34.88357],[-77.1751,34.88427],[-77.17526,34.88588],[-77.17724,34.88658],[-77.1774,34.8882],[-77.18315,34.88868],[-77.18332,34.8903],[-77.18152,34.89121],[-77.18168,34.89283],[-77.18744,34.89331],[-77.1876,34.89493],[-77.18958,34.89563],[-77.18974,34.89724],[-77.19172,34.89794],[-77.19188,34.89956],[-77.19386,34.90026],[-77.19566,34.89934],[-77.1955,34.89773],[-77.1973,34.89681],[-77.19927,34.89751],[-77.19944,34.89913],[-77.19764,34.90004],[-77.1978,34.90166],[-77.19222,34.90279],[-77.19239,34.9044],[-77.19058,34.90532],[-77.18861,34.90462],[-77.1868,34.90553],[-77.18697,34.90715],[-77.18894,34.90785],[-77.18911,34.90946],[-77.19108,34.91016],[-77.19125,34.91178],[-77.18944,34.91269],[-77.18961,34.91431],[-77.18781,34.91522],[-77.18797,34.91684],[-77.18617,34.91775],[-77.18633,34.91937],[-77.18831,34.92007],[-77.18848,34.92168],[-77.18667,34.9226],[-77.18684,34.92421],[-77.19259,34.9247],[-77.19276,34.92631],[-77.19095,34.92723],[-77.19112,34.92884],[-77.19309,34.92954],[-77.19326,34.93116],[-77.19524,34.93186],[-77.1954,34.93348],[-77.19738,34.93418],[-77.19755,34.93579],[-77.19574,34.93671],[-77.19591,34.93832],[-77.19788,34.93902],[-77.19969,34.93811],[-77.20545,34.93859],[-77.20562,34.94021],[-77.20381,34.94112],[-77.20398,34.94274],[-77.20217,34.94366],[-77.20234,34.94527],[-77.20053,34.94619],[-77.2007,34.9478],[-77.20267,34.9485],[-77.20284,34.95012],[-77.20482,34.95082],[-77.20498,34.95244],[-77.21074,34.95292],[-77.21091,34.95454],[-77.2091,34.95545],[-77.20927,34.95707],[-77.21125,34.95777],[-77.21142,34.95939],[-77.20961,34.9603],[-77.20978,34.96192],[-77.20797,34.96283],[-77.20599,34.96213],[-77.20583,34.96052],[-77.20385,34.95982],[-77.20368,34.9582],[-77.20171,34.9575],[-77.1999,34.95842],[-77.20007,34.96003],[-77.19826,34.96095],[-77.19628,34.96025],[-77.19447,34.96116],[-77.1925,34.96046],[-77.19233,34.95885],[-77.19035,34.95815],[-77.19019,34.95653],[-77.19199,34.95561],[-77.19183,34.954],[-77.19742,34.95287],[-77.19725,34.95125],[-77.19149,34.95076],[-77.19132,34.94915],[-77.18935,34.94845],[-77.18918,34.94683],[-77.18721,34.94613],[-77.18704,34.94452],[-77.18885,34.9436],[-77.18868,34.94198],[-77.1867,34.94128],[-77.1849,34.9422],[-77.18506,34.94382],[-77.18326,34.94473],[-77.18342,34.94635],[-77.18162,34.94726],[-77.18178,34.94888],[-77.18376,34.94958],[-77.18393,34.95119],[-77.1859,34.9519],[-77.18607,34.95351],[-77.18804,34.95421],[-77.18821,34.95583],[-77.1864,34.95674],[-77.18657,34.95836],[-77.18855,34.95906],[-77.18871,34.96068],[-77.18691,34.96159],[-77.18707,34.96321],[-77.18905,34.96391],[-77.18922,34.96553],[-77.19119,34.96623],[-77.193,34.96531],[-77.19876,34.9658],[-77.19893,34.96741],[-77.20091,34.96811],[-77.20107,34.96973],[-77.19927,34.97065],[-77.19943,34.97226],[-77.19763,34.97318],[-77.19779,34.9748],[-77.20355,34.97528],[-77.20372,34.9769],[-77.2057,34.9776],[-77.20587,34.97922],[-77.20406,34.98013],[-77.20208,34.97943],[-77.20027,34.98035],[-77.1983,34.97965],[-77.19813,34.97803],[-77.19615,34.97733],[-77.19056,34.97846],[-77.19073,34.98008],[-77.1927,34.98078],[-77.19287,34.9824],[-77.19485,34.9831],[-77.19502,34.98471],[-77.19699,34.98541],[-77.19716,34.98703],[-77.19914,34.98773],[-77.19931,34.98935],[-77.1975,34.99027],[-77.19766,34.99188],[-77.19586,34.9928],[-77.19602,34.99442],[-77.19421,34.99533],[-77.19438,34.99695],[-77.19257,34.99787],[-77.19274,34.99948],[-77.19093,35.0004],[-77.1911,35.00202],[-77.18929,35.00293],[-77.18946,35.00455],[-77.18765,35.00547],[-77.18781,35.00709],[-77.18979,35.00779],[-77.18996,35.0094],[-77.18815,35.01032],[-77.18832,35.01194],[-77.18651,35.01285],[-77.18668,35.01447],[-77.18487,35.01539],[-77.18503,35.01701],[-77.18701,35.01771],[-77.18882,35.01679],[-77.18865,35.01517],[-77.19046,35.01426],[-77.1903,35.01264],[-77.19211,35.01172],[-77.19408,35.01242],[-77.19425,35.01404],[-77.19244,35.01496],[-77.19261,35.01658],[-77.1908,35.01749],[-77.19097,35.01911],[-77.19295,35.01981],[-77.19476,35.0189],[-77.19459,35.01728],[-77.1964,35.01636],[-77.19838,35.01706],[-77.19854,35.01868],[-77.19506,35.01926],[-77.19485,35.02101],[-77.19234,35.02201],[-77.19094,35.0246],[-77.1913,35.02702],[-77.18604,35.02672],[-77.18423,35.02763],[-77.18272,35.03142],[-77.1793,35.03025],[-77.17681,35.03316],[-77.17568,35.0332],[-77.17558,35.03261],[-77.17475,35.03189],[-77.17541,35.0333],[-77.17651,35.03339],[-77.17711,35.03758],[-77.17189,35.03728],[-77.17008,35.0382],[-77.17024,35.03982],[-77.16843,35.04074],[-77.16645,35.04003],[-77.16629,35.03842],[-77.1681,35.0375],[-77.16793,35.03588],[-77.16595,35.03518],[-77.16578,35.03356],[-77.16002,35.03307],[-77.15985,35.03146],[-77.16166,35.03054],[-77.16149,35.02892],[-77.1633,35.028],[-77.16314,35.02639],[-77.16116,35.02568],[-77.16099,35.02407],[-77.1628,35.02315],[-77.16264,35.02153],[-77.16066,35.02083],[-77.16049,35.01921],[-77.15851,35.01851],[-77.15835,35.01689],[-77.15637,35.01619],[-77.15456,35.01711],[-77.15473,35.01872],[-77.15291,35.01964],[-77.15094,35.01894],[-77.14913,35.01985],[-77.14929,35.02147],[-77.15506,35.02196],[-77.15523,35.02358],[-77.15341,35.02449],[-77.15358,35.02611],[-77.15177,35.02703],[-77.15194,35.02865],[-77.15012,35.02956],[-77.15029,35.03118],[-77.14848,35.0321],[-77.14865,35.03372],[-77.14683,35.03463],[-77.14486,35.03393],[-77.14469,35.03231],[-77.14271,35.03161],[-77.14255,35.02999],[-77.14057,35.02929],[-77.13876,35.0302],[-77.13892,35.03182],[-77.1409,35.03253],[-77.14107,35.03414],[-77.14304,35.03485],[-77.14321,35.03646],[-77.1414,35.03738],[-77.13942,35.03668],[-77.13761,35.03759],[-77.13563,35.03689],[-77.13546,35.03527],[-77.13349,35.03457],[-77.13167,35.03549],[-77.13184,35.03711],[-77.12624,35.03824],[-77.1264,35.03985],[-77.12459,35.04077],[-77.12261,35.04007],[-77.12245,35.03845],[-77.12047,35.03775],[-77.11866,35.03866],[-77.11882,35.04028],[-77.11701,35.0412],[-77.11503,35.04049],[-77.11487,35.03887],[-77.11289,35.03817],[-77.11108,35.03909],[-77.11124,35.04071],[-77.10943,35.04162],[-77.1096,35.04324],[-77.10778,35.04416],[-77.1058,35.04345],[-77.10564,35.04184],[-77.10366,35.04113],[-77.1035,35.03951],[-77.10531,35.0386],[-77.10514,35.03698],[-77.10696,35.03606],[-77.10679,35.03445],[-77.1086,35.03353],[-77.10844,35.03191],[-77.11404,35.03078],[-77.11388,35.02916],[-77.11569,35.02825],[-77.11552,35.02663],[-77.11733,35.02571],[-77.11717,35.0241],[-77.11898,35.02318],[-77.12096,35.02388],[-77.12277,35.02297],[-77.1226,35.02135],[-77.12442,35.02043],[-77.12639,35.02114],[-77.1282,35.02022],[-77.12804,35.0186],[-77.12985,35.01769],[-77.12968,35.01607],[-77.13528,35.01494],[-77.13512,35.01332],[-77.13693,35.01241],[-77.13676,35.01079],[-77.13857,35.00987],[-77.13841,35.00825],[-77.14022,35.00734],[-77.14005,35.00572],[-77.14186,35.00481],[-77.1417,35.00319],[-77.13972,35.00246],[-77.13955,35.00087],[-77.14136,34.99995],[-77.1412,34.99834],[-77.14301,34.99742],[-77.14284,34.9958],[-77.14087,34.9951],[-77.1407,34.99348],[-77.14251,34.99257],[-77.14234,34.99095],[-77.14415,34.99003],[-77.14399,34.98842],[-77.1458,34.9875],[-77.14563,34.98589],[-77.14365,34.98518],[-77.14349,34.98357],[-77.1453,34.98265],[-77.14513,34.98103],[-77.14694,34.98012],[-77.14678,34.9785],[-77.14859,34.97759],[-77.14842,34.97597],[-77.15023,34.97505],[-77.15006,34.97344],[-77.14809,34.97274],[-77.14792,34.97112],[-77.14973,34.9702],[-77.14956,34.96859],[-77.15137,34.96767],[-77.15121,34.96606],[-77.15301,34.96514],[-77.15285,34.96352],[-77.15087,34.96282],[-77.15071,34.96121],[-77.15252,34.96029],[-77.15235,34.95867],[-77.15037,34.95797],[-77.15021,34.95636],[-77.15202,34.95544],[-77.15185,34.95383],[-77.14987,34.95312],[-77.14971,34.95151],[-77.15152,34.95059],[-77.15135,34.94898],[-77.14938,34.94828],[-77.14921,34.94666],[-77.15102,34.94574],[-77.15085,34.94413],[-77.14888,34.94343],[-77.14871,34.94181],[-77.15052,34.9409],[-77.15035,34.93928],[-77.14838,34.93858],[-77.14821,34.93696],[-77.15002,34.93605],[-77.14985,34.93443],[-77.14788,34.93373],[-77.14771,34.93212],[-77.14574,34.93142],[-77.14557,34.9298],[-77.14738,34.92889],[-77.14722,34.92727],[-77.14524,34.92657],[-77.14508,34.92495],[-77.1431,34.92425],[-77.14294,34.92264],[-77.14474,34.92172],[-77.14458,34.92011],[-77.1426,34.91941],[-77.14244,34.91779],[-77.14425,34.91688],[-77.14408,34.91526],[-77.14211,34.91456],[-77.14194,34.91294],[-77.14375,34.91203],[-77.14358,34.91042],[-77.14539,34.9095],[-77.14522,34.90789],[-77.14325,34.90719],[-77.14308,34.90557],[-77.14489,34.90466],[-77.14472,34.90304],[-77.14275,34.90234],[-77.14259,34.90073],[-77.14439,34.89981],[-77.14423,34.8982],[-77.14225,34.8975],[-77.14209,34.89588],[-77.14389,34.89497],[-77.14373,34.89335],[-77.14554,34.89244],[-77.14537,34.89082],[-77.1434,34.89012],[-77.14323,34.88851],[-77.14504,34.88759],[-77.14487,34.88598],[-77.1429,34.88528],[-77.14273,34.88367],[-77.14454,34.88275],[-77.14437,34.88114],[-77.1424,34.88044],[-77.14224,34.87882],[-77.14404,34.87791],[-77.14388,34.87629],[-77.1419,34.87559],[-77.14174,34.87398],[-77.13977,34.87328],[-77.1396,34.87167],[-77.14141,34.87075],[-77.14124,34.86914],[-77.13927,34.86844],[-77.1391,34.86682],[-77.14091,34.86591],[-77.14074,34.8643],[-77.13877,34.8636],[-77.13861,34.86198],[-77.14041,34.86107],[-77.14025,34.85945],[-77.14205,34.85854],[-77.14189,34.85693],[-77.13992,34.85623],[-77.13975,34.85461],[-77.14156,34.8537],[-77.14139,34.85209],[-77.13942,34.85139],[-77.13925,34.84977],[-77.14106,34.84886],[-77.14089,34.84725],[-77.13892,34.84655],[-77.13876,34.84493],[-77.14056,34.84402],[-77.1404,34.84241],[-77.13843,34.84171],[-77.13826,34.84009],[-77.14006,34.83918],[-77.1399,34.83757],[-77.1417,34.83665],[-77.14745,34.83714],[-77.14761,34.83875],[-77.14958,34.83945],[-77.15139,34.83854],[-77.15336,34.83924],[-77.15516,34.83833],[-77.155,34.83671],[-77.1568,34.8358],[-77.15877,34.8365],[-77.15894,34.83811],[-77.15713,34.83903],[-77.1573,34.84064],[-77.15927,34.84134],[-77.15944,34.84295],[-77.16141,34.84365],[-77.16321,34.84274],[-77.16304,34.84113],[-77.16485,34.84021],[-77.16682,34.84091],[-77.16699,34.84252],[-77.16896,34.84322],[-77.16912,34.84484],[-77.17109,34.84554],[-77.17126,34.84715],[-77.16946,34.84806],[-77.16962,34.84968],[-77.16782,34.85059],[-77.16585,34.84989],[-77.16404,34.85081],[-77.16421,34.85242],[-77.16241,34.85333],[-77.16257,34.85495],[-77.16454,34.85565],[-77.16635,34.85473],[-77.16618,34.85312],[-77.17176,34.85199],[-77.17159,34.85038],[-77.1734,34.84946],[-77.17323,34.84785],[-77.17504,34.84694],[-77.17701,34.84764],[-77.17717,34.84925],[-77.17915,34.84995],[-77.17931,34.85156],[-77.17751,34.85248],[-77.17554,34.85178],[-77.17373,34.85269],[-77.1739,34.8543],[-77.17587,34.855],[-77.17604,34.85662],[-77.17423,34.85753],[-77.1744,34.85915],[-77.17259,34.86006],[-77.17062,34.85936]],[[-77.13986,35.01123],[-77.1399,35.01096],[-77.13978,35.011],[-77.13986,35.01123]],[[-77.14045,35.01198],[-77.1406,35.01199],[-77.14051,35.01172],[-77.14045,35.01198]],[[-77.14598,34.84128],[-77.14581,34.83967],[-77.14384,34.83897],[-77.14203,34.83988],[-77.1422,34.84149],[-77.14417,34.84219],[-77.14598,34.84128]],[[-77.14803,35.00468],[-77.14808,35.00457],[-77.14729,35.00472],[-77.14803,35.00468]],[[-77.15222,34.84661],[-77.15238,34.84822],[-77.15436,34.84892],[-77.15616,34.84801],[-77.15599,34.84639],[-77.15402,34.84569],[-77.15222,34.84661]],[[-77.15735,35.00719],[-77.15537,35.00648],[-77.15356,35.0074],[-77.15373,35.00902],[-77.1557,35.00972],[-77.15751,35.0088],[-77.15735,35.00719]],[[-77.15916,35.00627],[-77.16113,35.00697],[-77.16294,35.00605],[-77.16278,35.00444],[-77.1608,35.00374],[-77.16063,35.00212],[-77.15866,35.00142],[-77.15685,35.00233],[-77.15701,35.00395],[-77.15899,35.00465],[-77.15916,35.00627]],[[-77.16029,34.86968],[-77.15849,34.8706],[-77.15865,34.87221],[-77.16063,34.87291],[-77.16243,34.872],[-77.16226,34.87038],[-77.16029,34.86968]],[[-77.17586,34.94678],[-77.17569,34.94516],[-77.1775,34.94424],[-77.17733,34.94263],[-77.17536,34.94193],[-77.17355,34.94284],[-77.17372,34.94446],[-77.17191,34.94537],[-77.17207,34.94699],[-77.17405,34.94769],[-77.17422,34.94931],[-77.17241,34.95022],[-77.17258,34.95184],[-77.17077,34.95275],[-77.17093,34.95437],[-77.17291,34.95507],[-77.17308,34.95669],[-77.17505,34.95739],[-77.17686,34.95647],[-77.17669,34.95486],[-77.1785,34.95394],[-77.17833,34.95233],[-77.17636,34.95162],[-77.17619,34.95001],[-77.178,34.94909],[-77.17783,34.94748],[-77.17586,34.94678]],[[-77.17164,35.02437],[-77.17197,35.02427],[-77.17163,35.02351],[-77.17164,35.02437]],[[-77.17308,35.02551],[-77.17212,35.02496],[-77.17247,35.02519],[-77.17308,35.02551]],[[-77.17285,35.01078],[-77.17289,35.01106],[-77.17348,35.01099],[-77.17285,35.01078]],[[-77.17994,35.02299],[-77.17796,35.02229],[-77.17615,35.02321],[-77.17632,35.02483],[-77.17829,35.02553],[-77.17846,35.02715],[-77.17286,35.02828],[-77.17303,35.02989],[-77.17501,35.0306],[-77.18061,35.02947],[-77.18044,35.02785],[-77.18225,35.02693],[-77.18208,35.02531],[-77.1801,35.02461],[-77.17994,35.02299]],[[-77.17578,35.00126],[-77.17595,35.00288],[-77.17793,35.00358],[-77.17974,35.00266],[-77.17957,35.00104],[-77.17759,35.00034],[-77.17578,35.00126]],[[-77.1824,34.99337],[-77.18257,34.99315],[-77.18198,34.99299],[-77.1824,34.99337]],[[-77.18429,34.97312],[-77.18249,34.97404],[-77.18265,34.97566],[-77.18463,34.97636],[-77.18644,34.97544],[-77.18627,34.97383],[-77.18429,34.97312]],[[-77.20335,34.95497],[-77.20318,34.95335],[-77.2012,34.95265],[-77.19939,34.95357],[-77.19956,34.95518],[-77.20154,34.95588],[-77.20335,34.95497]]]}},{"type":"Feature","properties":{"sqmi":32.46},"geometry":{"type":"Polygon","coordinates":[[[-81.38071,29.68668],[-81.3812,29.68843],[-81.37985,29.68969],[-81.38034,29.69144],[-81.38217,29.69195],[-81.38266,29.69371],[-81.38131,29.69496],[-81.3818,29.69672],[-81.38364,29.69722],[-81.38412,29.69898],[-81.38277,29.70023],[-81.38326,29.70199],[-81.3851,29.7025],[-81.38558,29.70426],[-81.38423,29.70551],[-81.38472,29.70727],[-81.38337,29.70852],[-81.38154,29.70801],[-81.38105,29.70625],[-81.37603,29.70649],[-81.37555,29.70473],[-81.37371,29.70423],[-81.37323,29.70247],[-81.37457,29.70122],[-81.37409,29.69946],[-81.37225,29.69895],[-81.3709,29.7002],[-81.36907,29.6997],[-81.36772,29.70095],[-81.36821,29.70271],[-81.37004,29.70321],[-81.37053,29.70497],[-81.36918,29.70622],[-81.36735,29.70571],[-81.36686,29.70396],[-81.36503,29.70345],[-81.36368,29.7047],[-81.36184,29.70419],[-81.36136,29.70244],[-81.35634,29.70267],[-81.35585,29.70092],[-81.3572,29.69966],[-81.35671,29.69791],[-81.35488,29.6974],[-81.35353,29.69865],[-81.3517,29.69814],[-81.35035,29.6994],[-81.34852,29.69889],[-81.34717,29.70014],[-81.34534,29.69963],[-81.34485,29.69787],[-81.34302,29.69737],[-81.34253,29.69561],[-81.34388,29.69436],[-81.34339,29.6926],[-81.34474,29.69135],[-81.34657,29.69186],[-81.34792,29.69061],[-81.34743,29.68885],[-81.3456,29.68834],[-81.34425,29.68959],[-81.34242,29.68909],[-81.34193,29.68733],[-81.33692,29.68757],[-81.33643,29.68581],[-81.33778,29.68456],[-81.33729,29.6828],[-81.33864,29.68155],[-81.33816,29.67979],[-81.33314,29.68003],[-81.33266,29.67827],[-81.334,29.67702],[-81.33352,29.67526],[-81.33169,29.67476],[-81.33034,29.67601],[-81.32619,29.67324],[-81.32484,29.67449],[-81.32532,29.67624],[-81.32398,29.67749],[-81.31983,29.67472],[-81.31848,29.67597],[-81.31665,29.67547],[-81.3153,29.67672],[-81.31578,29.67847],[-81.31444,29.67973],[-81.3126,29.67922],[-81.31212,29.67746],[-81.31347,29.67621],[-81.31298,29.67445],[-81.31433,29.6732],[-81.31616,29.67371],[-81.31751,29.67246],[-81.31702,29.6707],[-81.31837,29.66945],[-81.32252,29.67222],[-81.32387,29.67097],[-81.3257,29.67148],[-81.32705,29.67023],[-81.32888,29.67073],[-81.33023,29.66948],[-81.32974,29.66773],[-81.33109,29.66648],[-81.3306,29.66472],[-81.32559,29.66496],[-81.32511,29.6632],[-81.32096,29.66043],[-81.31961,29.66168],[-81.32009,29.66344],[-81.31875,29.66469],[-81.31923,29.66644],[-81.31788,29.66769],[-81.31605,29.66719],[-81.31557,29.66543],[-81.31142,29.66266],[-81.31093,29.6609],[-81.31228,29.65965],[-81.31179,29.65789],[-81.31314,29.65664],[-81.31266,29.65489],[-81.314,29.65363],[-81.31815,29.65641],[-81.31864,29.65816],[-81.32047,29.65867],[-81.32182,29.65742],[-81.32365,29.65793],[-81.325,29.65667],[-81.32451,29.65492],[-81.32268,29.65441],[-81.32219,29.65265],[-81.31718,29.65289],[-81.3167,29.65113],[-81.31804,29.64988],[-81.31756,29.64813],[-81.31255,29.64836],[-81.31206,29.64661],[-81.31341,29.64535],[-81.31292,29.6436],[-81.30791,29.64384],[-81.30657,29.64509],[-81.30705,29.64684],[-81.3057,29.64809],[-81.30619,29.64985],[-81.30484,29.6511],[-81.30301,29.65059],[-81.30166,29.65184],[-81.29752,29.64907],[-81.29617,29.65032],[-81.29434,29.64982],[-81.29299,29.65107],[-81.29116,29.65056],[-81.28981,29.65181],[-81.2885,29.65145],[-81.28877,29.65094],[-81.2887,29.65023],[-81.28986,29.65007],[-81.29009,29.6499],[-81.29033,29.64963],[-81.29048,29.64974],[-81.29106,29.64984],[-81.29095,29.64974],[-81.29032,29.64957],[-81.28864,29.65016],[-81.28831,29.65132],[-81.2875,29.64955],[-81.28567,29.64904],[-81.28518,29.64728],[-81.28335,29.64678],[-81.282,29.64803],[-81.27786,29.64526],[-81.27651,29.64651],[-81.27699,29.64826],[-81.27565,29.64951],[-81.27382,29.64901],[-81.27247,29.65026],[-81.27064,29.64975],[-81.27015,29.64799],[-81.27156,29.64571],[-81.27033,29.64402],[-81.26784,29.64573],[-81.26601,29.64522],[-81.26466,29.64647],[-81.26515,29.64823],[-81.26698,29.64873],[-81.26746,29.65049],[-81.26929,29.651],[-81.26978,29.65276],[-81.26843,29.654],[-81.2666,29.6535],[-81.26525,29.65475],[-81.26342,29.65424],[-81.26207,29.65549],[-81.26024,29.65498],[-81.25976,29.65323],[-81.25562,29.65045],[-81.25513,29.6487],[-81.25648,29.64745],[-81.25831,29.64796],[-81.25966,29.64671],[-81.25917,29.64495],[-81.26052,29.6437],[-81.26003,29.64194],[-81.2582,29.64143],[-81.25686,29.64268],[-81.25271,29.63991],[-81.25223,29.63816],[-81.25358,29.63691],[-81.25541,29.63741],[-81.25675,29.63616],[-81.2609,29.63894],[-81.26224,29.63769],[-81.26407,29.63819],[-81.26456,29.63995],[-81.26639,29.64046],[-81.26687,29.64221],[-81.2687,29.64272],[-81.27005,29.64147],[-81.26956,29.63971],[-81.27091,29.63846],[-81.27506,29.64123],[-81.27554,29.64299],[-81.28055,29.64276],[-81.28103,29.64451],[-81.28287,29.64502],[-81.28421,29.64377],[-81.28604,29.64428],[-81.28739,29.64303],[-81.28691,29.64127],[-81.28507,29.64076],[-81.28459,29.639],[-81.28594,29.63775],[-81.28545,29.636],[-81.28362,29.63549],[-81.28227,29.63674],[-81.28044,29.63623],[-81.27996,29.63448],[-81.28131,29.63323],[-81.28314,29.63373],[-81.28448,29.63248],[-81.284,29.63073],[-81.28535,29.62948],[-81.28486,29.62772],[-81.28621,29.62647],[-81.29035,29.62924],[-81.2917,29.62799],[-81.29122,29.62623],[-81.29256,29.62498],[-81.29208,29.62322],[-81.29025,29.62272],[-81.28976,29.62096],[-81.29111,29.61971],[-81.29062,29.61795],[-81.29197,29.6167],[-81.29149,29.61494],[-81.29283,29.61369],[-81.29235,29.61194],[-81.29369,29.61069],[-81.29553,29.61119],[-81.29601,29.61295],[-81.29784,29.61346],[-81.29833,29.61521],[-81.29698,29.61646],[-81.29746,29.61822],[-81.29929,29.61873],[-81.30064,29.61748],[-81.30247,29.61798],[-81.30382,29.61673],[-81.30333,29.61497],[-81.30468,29.61372],[-81.3042,29.61197],[-81.30236,29.61146],[-81.30188,29.6097],[-81.30323,29.60845],[-81.30274,29.60669],[-81.30091,29.60619],[-81.30043,29.60443],[-81.30177,29.60318],[-81.30129,29.60142],[-81.29946,29.60092],[-81.29811,29.60217],[-81.29628,29.60166],[-81.29493,29.60291],[-81.2931,29.60241],[-81.29176,29.60366],[-81.28993,29.60315],[-81.28944,29.60139],[-81.29079,29.60014],[-81.29262,29.60065],[-81.29396,29.5994],[-81.2958,29.5999],[-81.29714,29.59865],[-81.29897,29.59916],[-81.30032,29.59791],[-81.29983,29.59615],[-81.298,29.59565],[-81.29666,29.5969],[-81.29483,29.59639],[-81.29348,29.59764],[-81.29165,29.59713],[-81.2903,29.59839],[-81.28847,29.59788],[-81.28799,29.59612],[-81.28933,29.59487],[-81.29117,29.59538],[-81.29251,29.59413],[-81.29434,29.59463],[-81.29569,29.59338],[-81.2952,29.59162],[-81.29655,29.59037],[-81.29607,29.58862],[-81.29741,29.58737],[-81.29693,29.58561],[-81.2951,29.5851],[-81.29461,29.58335],[-81.29596,29.58209],[-81.29779,29.5826],[-81.29913,29.58135],[-81.30097,29.58185],[-81.30231,29.5806],[-81.30183,29.57885],[-81.3,29.57834],[-81.29951,29.57658],[-81.30086,29.57533],[-81.305,29.5781],[-81.30635,29.57685],[-81.30818,29.57736],[-81.30866,29.57911],[-81.3105,29.57962],[-81.31184,29.57837],[-81.31136,29.57661],[-81.30953,29.5761],[-81.30904,29.57435],[-81.3049,29.57158],[-81.30441,29.56982],[-81.30576,29.56857],[-81.30527,29.56681],[-81.30344,29.56631],[-81.3021,29.56756],[-81.30027,29.56705],[-81.29892,29.5683],[-81.29709,29.5678],[-81.29661,29.56604],[-81.29478,29.56553],[-81.29429,29.56378],[-81.28928,29.56402],[-81.2888,29.56226],[-81.29015,29.56101],[-81.28966,29.55925],[-81.28552,29.55648],[-81.28503,29.55473],[-81.28638,29.55347],[-81.2859,29.55172],[-81.28724,29.55047],[-81.29139,29.55323],[-81.29187,29.55499],[-81.2937,29.5555],[-81.29505,29.55425],[-81.29456,29.55249],[-81.29042,29.54972],[-81.28993,29.54796],[-81.28493,29.5482],[-81.28444,29.54645],[-81.28579,29.54519],[-81.28531,29.54344],[-81.28665,29.54219],[-81.28848,29.54269],[-81.28983,29.54144],[-81.28934,29.53968],[-81.28751,29.53918],[-81.28617,29.54043],[-81.28434,29.53992],[-81.28299,29.54118],[-81.28116,29.54067],[-81.28068,29.53891],[-81.27654,29.53614],[-81.27605,29.53439],[-81.2774,29.53314],[-81.27923,29.53364],[-81.28057,29.53239],[-81.28009,29.53063],[-81.28143,29.52938],[-81.28326,29.52989],[-81.28461,29.52864],[-81.28412,29.52688],[-81.28547,29.52563],[-81.28499,29.52387],[-81.28633,29.52262],[-81.29133,29.52238],[-81.29268,29.52113],[-81.29682,29.52389],[-81.29731,29.52565],[-81.29596,29.5269],[-81.29645,29.52866],[-81.30059,29.53143],[-81.30107,29.53318],[-81.3029,29.53369],[-81.30339,29.53545],[-81.30204,29.5367],[-81.30253,29.53846],[-81.30667,29.54122],[-81.30716,29.54298],[-81.30899,29.54349],[-81.30947,29.54524],[-81.30812,29.5465],[-81.30861,29.54825],[-81.31275,29.55102],[-81.31324,29.55278],[-81.31507,29.55328],[-81.31555,29.55504],[-81.31739,29.55555],[-81.31787,29.5573],[-81.31652,29.55856],[-81.31701,29.56031],[-81.32116,29.56308],[-81.32164,29.56484],[-81.32029,29.56609],[-81.32078,29.56785],[-81.32493,29.57062],[-81.32541,29.57237],[-81.32407,29.57363],[-81.32455,29.57538],[-81.3287,29.57815],[-81.32918,29.57991],[-81.33101,29.58042],[-81.3315,29.58217],[-81.33015,29.58342],[-81.33064,29.58518],[-81.33479,29.58795],[-81.33527,29.58971],[-81.33393,29.59096],[-81.33441,29.59272],[-81.33856,29.59549],[-81.33905,29.59724],[-81.3377,29.5985],[-81.33818,29.60025],[-81.34233,29.60302],[-81.34282,29.60478],[-81.34465,29.60529],[-81.34514,29.60704],[-81.34379,29.6083],[-81.34428,29.61005],[-81.34843,29.61282],[-81.34891,29.61458],[-81.35075,29.61509],[-81.35123,29.61684],[-81.34988,29.6181],[-81.35037,29.61985],[-81.35452,29.62262],[-81.35501,29.62438],[-81.35684,29.62489],[-81.35733,29.62664],[-81.35916,29.62715],[-81.35965,29.62891],[-81.36148,29.62941],[-81.36197,29.63117],[-81.3638,29.63168],[-81.36428,29.63343],[-81.36294,29.63469],[-81.36342,29.63644],[-81.36526,29.63695],[-81.36574,29.63871],[-81.3644,29.63996],[-81.36488,29.64172],[-81.36672,29.64222],[-81.3672,29.64398],[-81.36586,29.64523],[-81.36634,29.64699],[-81.3705,29.64976],[-81.37098,29.65152],[-81.36963,29.65277],[-81.37012,29.65453],[-81.37195,29.65503],[-81.37244,29.65679],[-81.37109,29.65804],[-81.37158,29.6598],[-81.37341,29.66031],[-81.3739,29.66207],[-81.37255,29.66332],[-81.37304,29.66508],[-81.37487,29.66558],[-81.37536,29.66734],[-81.37401,29.66859],[-81.3745,29.67035],[-81.37633,29.67086],[-81.37682,29.67261],[-81.37547,29.67386],[-81.37596,29.67562],[-81.37779,29.67613],[-81.37828,29.67789],[-81.37693,29.67914],[-81.37742,29.6809],[-81.37925,29.6814],[-81.37974,29.68316],[-81.37839,29.68441],[-81.37888,29.68617],[-81.38071,29.68668]],[[-81.27535,29.64659],[-81.27623,29.64659],[-81.27609,29.64458],[-81.27518,29.64508],[-81.27535,29.64659]],[[-81.29079,29.54495],[-81.29128,29.54671],[-81.29311,29.54722],[-81.29445,29.54597],[-81.29397,29.54421],[-81.29214,29.5437],[-81.29079,29.54495]],[[-81.3015,29.55928],[-81.29967,29.55877],[-81.29833,29.56002],[-81.29881,29.56178],[-81.30064,29.56229],[-81.30199,29.56103],[-81.3015,29.55928]],[[-81.3022,29.62927],[-81.30037,29.62876],[-81.29903,29.63001],[-81.29951,29.63177],[-81.30452,29.63153],[-81.30587,29.63028],[-81.30538,29.62853],[-81.30355,29.62802],[-81.3022,29.62927]],[[-81.30818,29.63255],[-81.31001,29.63305],[-81.31136,29.6318],[-81.31088,29.63005],[-81.30904,29.62954],[-81.3077,29.63079],[-81.30818,29.63255]],[[-81.32705,29.65653],[-81.32709,29.65637],[-81.32653,29.65622],[-81.32705,29.65653]],[[-81.33368,29.65745],[-81.33551,29.65796],[-81.33686,29.65671],[-81.33637,29.65495],[-81.33454,29.65444],[-81.33319,29.65569],[-81.33368,29.65745]],[[-81.34916,29.68283],[-81.345,29.68006],[-81.34366,29.68131],[-81.34414,29.68307],[-81.34279,29.68432],[-81.34328,29.68608],[-81.34511,29.68658],[-81.34646,29.68533],[-81.3483,29.68584],[-81.34964,29.68459],[-81.34916,29.68283]],[[-81.34889,29.69412],[-81.34706,29.69362],[-81.34571,29.69487],[-81.3462,29.69662],[-81.34803,29.69713],[-81.34938,29.69588],[-81.34889,29.69412]],[[-81.35581,29.62686],[-81.35531,29.62676],[-81.35504,29.62731],[-81.35581,29.62686]]]}},{"type":"Feature","properties":{"sqmi":30.61},"geometry":{"type":"Polygon","coordinates":[[[-77.55601,34.63595],[-77.55619,34.63756],[-77.55816,34.63825],[-77.55995,34.63733],[-77.55977,34.63572],[-77.56156,34.63481],[-77.56138,34.6332],[-77.55727,34.63021],[-77.55709,34.6286],[-77.55888,34.62769],[-77.5587,34.62608],[-77.56049,34.62517],[-77.56245,34.62586],[-77.56424,34.62494],[-77.56406,34.62333],[-77.56585,34.62242],[-77.57158,34.62288],[-77.57176,34.62449],[-77.56621,34.62563],[-77.56639,34.62724],[-77.56084,34.62838],[-77.56102,34.62999],[-77.56514,34.63297],[-77.56532,34.63458],[-77.56353,34.6355],[-77.56371,34.6371],[-77.56192,34.63802],[-77.5621,34.63963],[-77.56782,34.64009],[-77.568,34.6417],[-77.56621,34.64262],[-77.56639,34.64422],[-77.5646,34.64514],[-77.56478,34.64675],[-77.56675,34.64744],[-77.56693,34.64905],[-77.56514,34.64996],[-77.56532,34.65157],[-77.55977,34.65271],[-77.55995,34.65432],[-77.55816,34.65524],[-77.55834,34.65684],[-77.56031,34.65754],[-77.56048,34.65914],[-77.5646,34.66213],[-77.56478,34.66374],[-77.56299,34.66466],[-77.56317,34.66627],[-77.56138,34.66718],[-77.56156,34.66879],[-77.56353,34.66948],[-77.56371,34.67109],[-77.56192,34.67201],[-77.56209,34.67361],[-77.56621,34.6766],[-77.56639,34.67821],[-77.56084,34.67936],[-77.55887,34.67866],[-77.55869,34.67706],[-77.55296,34.67659],[-77.55278,34.67498],[-77.55833,34.67384],[-77.55816,34.67223],[-77.55619,34.67154],[-77.55601,34.66993],[-77.5578,34.66902],[-77.55762,34.66741],[-77.55941,34.66649],[-77.55923,34.66488],[-77.55726,34.66419],[-77.55547,34.66511],[-77.55565,34.66672],[-77.55386,34.66763],[-77.55404,34.66924],[-77.54849,34.67038],[-77.54867,34.67199],[-77.54688,34.67291],[-77.54276,34.66992],[-77.54097,34.67083],[-77.53524,34.67037],[-77.53345,34.67128],[-77.53148,34.67059],[-77.52969,34.67151],[-77.52772,34.67081],[-77.52754,34.66921],[-77.52933,34.66829],[-77.52915,34.66668],[-77.52719,34.66599],[-77.52701,34.66438],[-77.52128,34.66391],[-77.51949,34.66483],[-77.51967,34.66644],[-77.52164,34.66713],[-77.52181,34.66874],[-77.51626,34.66988],[-77.51644,34.67149],[-77.51841,34.67218],[-77.51859,34.67379],[-77.51679,34.6747],[-77.51268,34.67171],[-77.51089,34.67263],[-77.50516,34.67216],[-77.50337,34.67307],[-77.50354,34.67468],[-77.50175,34.6756],[-77.50193,34.67721],[-77.5039,34.6779],[-77.50408,34.67951],[-77.49852,34.68065],[-77.4987,34.68226],[-77.49691,34.68317],[-77.49708,34.68478],[-77.49529,34.6857],[-77.49547,34.6873],[-77.49744,34.688],[-77.49761,34.68961],[-77.49206,34.69075],[-77.48795,34.68775],[-77.48615,34.68867],[-77.48633,34.69028],[-77.48454,34.69119],[-77.48042,34.6882],[-77.48025,34.68659],[-77.48204,34.68567],[-77.48186,34.68406],[-77.48366,34.68315],[-77.48348,34.68154],[-77.48151,34.68085],[-77.48133,34.67924],[-77.48313,34.67832],[-77.48509,34.67902],[-77.48689,34.6781],[-77.48886,34.67879],[-77.49065,34.67788],[-77.49638,34.67835],[-77.49817,34.67743],[-77.49799,34.67582],[-77.49226,34.67535],[-77.49209,34.67374],[-77.49764,34.67261],[-77.49746,34.671],[-77.49925,34.67008],[-77.49908,34.66847],[-77.49335,34.668],[-77.49156,34.66892],[-77.48959,34.66823],[-77.48941,34.66662],[-77.49496,34.66548],[-77.49479,34.66387],[-77.49282,34.66318],[-77.49103,34.6641],[-77.48906,34.6634],[-77.48888,34.6618],[-77.48315,34.66133],[-77.48298,34.65972],[-77.47887,34.65673],[-77.47708,34.65764],[-77.47725,34.65925],[-77.47546,34.66016],[-77.47349,34.65947],[-77.47332,34.65786],[-77.46759,34.65739],[-77.4658,34.65831],[-77.46597,34.65992],[-77.46794,34.66061],[-77.46812,34.66222],[-77.46632,34.66313],[-77.4665,34.66474],[-77.46471,34.66566],[-77.46488,34.66726],[-77.46685,34.66796],[-77.46703,34.66957],[-77.46524,34.67048],[-77.46541,34.67209],[-77.46362,34.673],[-77.46379,34.67461],[-77.46791,34.67761],[-77.46808,34.67921],[-77.46629,34.68013],[-77.46647,34.68174],[-77.4722,34.68221],[-77.47237,34.68382],[-77.47649,34.68681],[-77.47666,34.68842],[-77.47863,34.68911],[-77.47881,34.69072],[-77.47325,34.69186],[-77.47343,34.69347],[-77.47164,34.69439],[-77.46752,34.69139],[-77.46573,34.69231],[-77.4659,34.69391],[-77.46411,34.69483],[-77.46214,34.69414],[-77.46197,34.69253],[-77.46376,34.69161],[-77.46358,34.69],[-77.46161,34.68931],[-77.45982,34.69023],[-77.46,34.69184],[-77.4582,34.69275],[-77.45247,34.69228],[-77.45068,34.6932],[-77.45086,34.6948],[-77.44906,34.69572],[-77.44924,34.69733],[-77.45497,34.6978],[-77.45514,34.69941],[-77.44959,34.70055],[-77.44976,34.70216],[-77.44797,34.70307],[-77.446,34.70238],[-77.44421,34.70329],[-77.44009,34.7003],[-77.43992,34.69869],[-77.44171,34.69777],[-77.44154,34.69616],[-77.43957,34.69547],[-77.43939,34.69386],[-77.44119,34.69295],[-77.44101,34.69134],[-77.43904,34.69064],[-77.43887,34.68904],[-77.44066,34.68812],[-77.44263,34.68881],[-77.44442,34.6879],[-77.44425,34.68629],[-77.44228,34.6856],[-77.44211,34.68399],[-77.44014,34.68329],[-77.43996,34.68169],[-77.43731,34.68134],[-77.43471,34.67927],[-77.43585,34.67869],[-77.43568,34.67708],[-77.42995,34.67661],[-77.42977,34.675],[-77.43157,34.67409],[-77.43139,34.67248],[-77.42728,34.66948],[-77.42711,34.66788],[-77.4289,34.66696],[-77.42873,34.66535],[-77.423,34.66488],[-77.42121,34.66579],[-77.41924,34.6651],[-77.41745,34.66602],[-77.41548,34.66532],[-77.4153,34.66371],[-77.4171,34.6628],[-77.41692,34.66119],[-77.41872,34.66028],[-77.41854,34.65867],[-77.41443,34.65567],[-77.41426,34.65407],[-77.41605,34.65315],[-77.41588,34.65154],[-77.41391,34.65085],[-77.41212,34.65177],[-77.41229,34.65337],[-77.4105,34.65429],[-77.41068,34.6559],[-77.41264,34.65659],[-77.41282,34.6582],[-77.41102,34.65911],[-77.40906,34.65842],[-77.40888,34.65681],[-77.40478,34.65381],[-77.4046,34.65221],[-77.40639,34.65129],[-77.40622,34.64968],[-77.40425,34.64899],[-77.40246,34.64991],[-77.39836,34.64691],[-77.39818,34.6453],[-77.39997,34.64439],[-77.40194,34.64508],[-77.40749,34.64395],[-77.40946,34.64464],[-77.40963,34.64625],[-77.4116,34.64694],[-77.41339,34.64603],[-77.41322,34.64442],[-77.41501,34.64351],[-77.41483,34.6419],[-77.41287,34.64121],[-77.41269,34.6396],[-77.41449,34.63868],[-77.42021,34.63916],[-77.422,34.63824],[-77.42183,34.63663],[-77.4161,34.63616],[-77.41593,34.63456],[-77.41772,34.63364],[-77.41755,34.63203],[-77.41934,34.63112],[-77.41917,34.62951],[-77.41506,34.62652],[-77.41489,34.62491],[-77.41292,34.62422],[-77.41275,34.62261],[-77.40703,34.62214],[-77.40685,34.62053],[-77.40275,34.61754],[-77.3972,34.61867],[-77.39524,34.61798],[-77.39506,34.61637],[-77.3931,34.61568],[-77.39292,34.61407],[-77.39472,34.61316],[-77.40044,34.61363],[-77.40223,34.61272],[-77.40214,34.61191],[-77.40481,34.6131],[-77.40437,34.61502],[-77.40847,34.61801],[-77.40864,34.61962],[-77.41061,34.62031],[-77.4124,34.6194],[-77.41229,34.61836],[-77.41567,34.61943],[-77.41437,34.62009],[-77.41454,34.6217],[-77.4165,34.62239],[-77.42205,34.62126],[-77.42616,34.62425],[-77.42809,34.62327],[-77.42901,34.62618],[-77.42847,34.62816],[-77.42668,34.62907],[-77.42686,34.63068],[-77.42882,34.63137],[-77.43061,34.63046],[-77.43044,34.62885],[-77.43223,34.62794],[-77.43205,34.62633],[-77.43021,34.62568],[-77.43029,34.62424],[-77.42863,34.62213],[-77.4288,34.61993],[-77.43489,34.61764],[-77.43315,34.61899],[-77.43332,34.62059],[-77.43529,34.62129],[-77.43708,34.62037],[-77.4369,34.61877],[-77.4387,34.61785],[-77.44066,34.61854],[-77.44084,34.62015],[-77.43904,34.62106],[-77.43922,34.62267],[-77.44494,34.62314],[-77.44512,34.62475],[-77.44333,34.62566],[-77.4435,34.62727],[-77.44547,34.62796],[-77.44564,34.62957],[-77.44761,34.63026],[-77.4494,34.62935],[-77.44922,34.62774],[-77.45101,34.62683],[-77.45512,34.62982],[-77.4553,34.63143],[-77.45726,34.63212],[-77.45744,34.63373],[-77.45565,34.63464],[-77.45582,34.63625],[-77.45779,34.63694],[-77.45958,34.63603],[-77.46155,34.63672],[-77.46334,34.6358],[-77.46906,34.63627],[-77.46924,34.63788],[-77.46745,34.6388],[-77.46762,34.6404],[-77.46959,34.6411],[-77.47514,34.63996],[-77.47496,34.63835],[-77.473,34.63766],[-77.47282,34.63605],[-77.47461,34.63514],[-77.47658,34.63583],[-77.47675,34.63744],[-77.47872,34.63813],[-77.4789,34.63974],[-77.47711,34.64065],[-77.47728,34.64226],[-77.47549,34.64317],[-77.47567,34.64478],[-77.47763,34.64547],[-77.48318,34.64433],[-77.48301,34.64273],[-77.48104,34.64204],[-77.48086,34.64043],[-77.48265,34.63951],[-77.48248,34.63791],[-77.48427,34.63699],[-77.48624,34.63768],[-77.48641,34.63929],[-77.48462,34.6402],[-77.4848,34.64181],[-77.48676,34.6425],[-77.48856,34.64159],[-77.49052,34.64228],[-77.49231,34.64137],[-77.49214,34.63976],[-77.49393,34.63884],[-77.49804,34.64183],[-77.49983,34.64092],[-77.5018,34.64161],[-77.50197,34.64322],[-77.49642,34.64436],[-77.4966,34.64597],[-77.49481,34.64688],[-77.4907,34.64389],[-77.48891,34.6448],[-77.48908,34.64641],[-77.48729,34.64733],[-77.48533,34.64663],[-77.48354,34.64755],[-77.48371,34.64916],[-77.48944,34.64963],[-77.48961,34.65123],[-77.49158,34.65193],[-77.49337,34.65101],[-77.4932,34.6494],[-77.49499,34.64849],[-77.4991,34.65148],[-77.50089,34.65056],[-77.50286,34.65126],[-77.50465,34.65034],[-77.50662,34.65103],[-77.50841,34.65012],[-77.51413,34.65058],[-77.51592,34.64967],[-77.51575,34.64806],[-77.5213,34.64692],[-77.52112,34.64531],[-77.51539,34.64485],[-77.51521,34.64324],[-77.5111,34.64025],[-77.51093,34.63864],[-77.51272,34.63773],[-77.51468,34.63842],[-77.51647,34.6375],[-77.5163,34.63589],[-77.52184,34.63476],[-77.52167,34.63315],[-77.51594,34.63268],[-77.51576,34.63107],[-77.51755,34.63016],[-77.51738,34.62855],[-77.51541,34.62786],[-77.51523,34.62625],[-77.51327,34.62556],[-77.51309,34.62395],[-77.51488,34.62304],[-77.51899,34.62603],[-77.52078,34.62511],[-77.5206,34.62351],[-77.52239,34.62259],[-77.52221,34.62098],[-77.52025,34.62029],[-77.52007,34.61869],[-77.52186,34.61777],[-77.52168,34.61616],[-77.52347,34.61525],[-77.52329,34.61364],[-77.52133,34.61295],[-77.52115,34.61134],[-77.52294,34.61043],[-77.52276,34.60882],[-77.5283,34.60768],[-77.52813,34.60608],[-77.52616,34.60539],[-77.52437,34.6063],[-77.51865,34.60583],[-77.51686,34.60675],[-77.51114,34.60628],[-77.51096,34.60468],[-77.51651,34.60354],[-77.51633,34.60193],[-77.51436,34.60124],[-77.51419,34.59963],[-77.51973,34.59849],[-77.51955,34.59689],[-77.52134,34.59597],[-77.52116,34.59437],[-77.52295,34.59345],[-77.52706,34.59644],[-77.52885,34.59553],[-77.53082,34.59622],[-77.5326,34.5953],[-77.53457,34.59599],[-77.53636,34.59508],[-77.53832,34.59577],[-77.54011,34.59485],[-77.54583,34.59532],[-77.54762,34.5944],[-77.55173,34.59739],[-77.55352,34.59647],[-77.55334,34.59487],[-77.55513,34.59395],[-77.55495,34.59235],[-77.55674,34.59143],[-77.55656,34.58983],[-77.55835,34.58891],[-77.56246,34.5919],[-77.56264,34.5935],[-77.56085,34.59442],[-77.56103,34.59602],[-77.56299,34.59672],[-77.56317,34.59832],[-77.56889,34.59879],[-77.56907,34.60039],[-77.57104,34.60108],[-77.57122,34.60269],[-77.56567,34.60383],[-77.56585,34.60544],[-77.56407,34.60635],[-77.56424,34.60796],[-77.56621,34.60865],[-77.568,34.60773],[-77.56997,34.60842],[-77.57014,34.61003],[-77.56836,34.61095],[-77.56854,34.61255],[-77.56675,34.61347],[-77.56102,34.613],[-77.55924,34.61392],[-77.55942,34.61553],[-77.56353,34.61851],[-77.56371,34.62012],[-77.55816,34.62126],[-77.55834,34.62287],[-77.55655,34.62378],[-77.55673,34.62539],[-77.55494,34.62631],[-77.54922,34.62584],[-77.54743,34.62676],[-77.54761,34.62836],[-77.54957,34.62905],[-77.54975,34.63066],[-77.55548,34.63113],[-77.55566,34.63273],[-77.55387,34.63365],[-77.55405,34.63526],[-77.55601,34.63595]],[[-77.4453,34.69594],[-77.44709,34.69503],[-77.44692,34.69342],[-77.44495,34.69272],[-77.44316,34.69364],[-77.44333,34.69525],[-77.4453,34.69594]],[[-77.44438,34.63531],[-77.44455,34.63691],[-77.44652,34.63761],[-77.44831,34.63669],[-77.44813,34.63508],[-77.44617,34.63439],[-77.44438,34.63531]],[[-77.45635,34.64107],[-77.45832,34.64176],[-77.46011,34.64085],[-77.45993,34.63924],[-77.45797,34.63855],[-77.45617,34.63946],[-77.45635,34.64107]],[[-77.47655,34.65282],[-77.47458,34.65213],[-77.47279,34.65304],[-77.47296,34.65465],[-77.47493,34.65534],[-77.47672,34.65443],[-77.47655,34.65282]],[[-77.55655,34.65776],[-77.55458,34.65707],[-77.55279,34.65799],[-77.55297,34.65959],[-77.55118,34.66051],[-77.55135,34.66212],[-77.55332,34.66281],[-77.55887,34.66167],[-77.55869,34.66006],[-77.55673,34.65937],[-77.55655,34.65776]],[[-77.5621,34.60566],[-77.56192,34.60406],[-77.55995,34.60336],[-77.55816,34.60428],[-77.55834,34.60589],[-77.56031,34.60658],[-77.5621,34.60566]]]}},{"type":"Feature","properties":{"sqmi":29.03},"geometry":{"type":"Polygon","coordinates":[[[-80.77006,32.6307],[-80.77144,32.62949],[-80.77096,32.62774],[-80.76909,32.6272],[-80.7686,32.62545],[-80.76999,32.62424],[-80.7695,32.62249],[-80.76763,32.62195],[-80.76715,32.6202],[-80.76853,32.61899],[-80.77275,32.62184],[-80.77323,32.62359],[-80.77185,32.62479],[-80.77234,32.62654],[-80.77745,32.62643],[-80.77794,32.62818],[-80.77981,32.62873],[-80.78029,32.63048],[-80.78216,32.63102],[-80.78354,32.62982],[-80.78306,32.62807],[-80.78119,32.62752],[-80.7807,32.62577],[-80.78208,32.62457],[-80.7816,32.62282],[-80.78298,32.62161],[-80.78485,32.62216],[-80.78623,32.62096],[-80.78809,32.6215],[-80.78947,32.6203],[-80.79134,32.62084],[-80.79183,32.62259],[-80.79045,32.6238],[-80.79093,32.62555],[-80.79605,32.62544],[-80.79654,32.62719],[-80.7984,32.62773],[-80.79889,32.62948],[-80.79751,32.63069],[-80.798,32.63244],[-80.79987,32.63298],[-80.80035,32.63473],[-80.80222,32.63528],[-80.8036,32.63407],[-80.80311,32.63232],[-80.80125,32.63178],[-80.80076,32.63003],[-80.80214,32.62882],[-80.80165,32.62707],[-80.80304,32.62587],[-80.8049,32.62642],[-80.80539,32.62817],[-80.80401,32.62937],[-80.8045,32.63112],[-80.80636,32.63167],[-80.80685,32.63342],[-80.80547,32.63462],[-80.80596,32.63637],[-80.81107,32.63626],[-80.81156,32.63801],[-80.81018,32.63921],[-80.81067,32.64096],[-80.81489,32.6438],[-80.81538,32.64556],[-80.814,32.64676],[-80.81213,32.64621],[-80.81075,32.64742],[-80.81123,32.64917],[-80.81635,32.64906],[-80.81773,32.64785],[-80.82196,32.65069],[-80.82334,32.64949],[-80.82521,32.65004],[-80.82659,32.64883],[-80.8261,32.64708],[-80.82749,32.64588],[-80.83171,32.64872],[-80.83309,32.64751],[-80.83496,32.64806],[-80.83545,32.64981],[-80.83407,32.65101],[-80.8322,32.65047],[-80.83082,32.65167],[-80.83131,32.65342],[-80.82992,32.65463],[-80.83041,32.65638],[-80.82903,32.65758],[-80.82952,32.65933],[-80.82814,32.66054],[-80.82862,32.66229],[-80.83049,32.66283],[-80.83098,32.66458],[-80.8296,32.66579],[-80.83009,32.66754],[-80.83196,32.66808],[-80.83334,32.66688],[-80.83521,32.66743],[-80.83659,32.66622],[-80.83846,32.66677],[-80.83895,32.66852],[-80.83757,32.66972],[-80.83805,32.67147],[-80.83667,32.67268],[-80.83716,32.67443],[-80.83578,32.67563],[-80.83391,32.67509],[-80.83253,32.67629],[-80.83301,32.67804],[-80.83163,32.67924],[-80.82976,32.6787],[-80.82838,32.6799],[-80.82887,32.68165],[-80.83074,32.6822],[-80.83122,32.68395],[-80.82984,32.68515],[-80.83033,32.6869],[-80.82895,32.68811],[-80.82708,32.68756],[-80.82659,32.68581],[-80.82797,32.68461],[-80.82748,32.68286],[-80.82562,32.68231],[-80.82423,32.68351],[-80.82472,32.68526],[-80.82334,32.68647],[-80.82383,32.68822],[-80.8257,32.68876],[-80.82618,32.69051],[-80.82805,32.69106],[-80.82944,32.68986],[-80.83131,32.6904],[-80.83269,32.6892],[-80.83456,32.68975],[-80.83505,32.6915],[-80.83366,32.6927],[-80.83415,32.69445],[-80.83602,32.695],[-80.83651,32.69675],[-80.83513,32.69795],[-80.8309,32.69511],[-80.82952,32.69631],[-80.83,32.69806],[-80.82862,32.69927],[-80.82675,32.69872],[-80.82626,32.69697],[-80.82765,32.69577],[-80.82716,32.69402],[-80.82293,32.69117],[-80.82155,32.69238],[-80.81968,32.69183],[-80.8183,32.69303],[-80.81879,32.69478],[-80.8174,32.69599],[-80.81318,32.69314],[-80.81179,32.69435],[-80.81275,32.69699],[-80.81124,32.6973],[-80.81047,32.69437],[-80.80753,32.69423],[-80.80968,32.6927],[-80.80784,32.6893],[-80.8092,32.68828],[-80.81067,32.68684],[-80.8135,32.68199],[-80.81302,32.68024],[-80.81115,32.67969],[-80.81066,32.67794],[-80.80879,32.67739],[-80.80741,32.6786],[-80.8079,32.68035],[-80.80977,32.68089],[-80.81025,32.68264],[-80.81225,32.68308],[-80.81051,32.68685],[-80.80785,32.68913],[-80.80569,32.68914],[-80.80342,32.69138],[-80.79995,32.68638],[-80.79737,32.68832],[-80.79486,32.68598],[-80.79166,32.68787],[-80.79109,32.68702],[-80.79256,32.68525],[-80.79084,32.68471],[-80.78908,32.68584],[-80.78864,32.68766],[-80.78702,32.68787],[-80.78731,32.685],[-80.78908,32.68434],[-80.78853,32.6823],[-80.78425,32.68403],[-80.78315,32.68178],[-80.78108,32.68182],[-80.78033,32.68277],[-80.78072,32.68578],[-80.77997,32.68665],[-80.77864,32.68626],[-80.77816,32.68451],[-80.77954,32.6833],[-80.77905,32.68155],[-80.7749,32.67873],[-80.77425,32.67603],[-80.77541,32.67581],[-80.77645,32.67738],[-80.77752,32.67581],[-80.77608,32.67466],[-80.78049,32.67339],[-80.78168,32.67258],[-80.78379,32.67349],[-80.78579,32.67334],[-80.78563,32.67408],[-80.78675,32.67457],[-80.78639,32.67516],[-80.78822,32.67604],[-80.78654,32.67506],[-80.78687,32.67447],[-80.78577,32.67397],[-80.78699,32.67337],[-80.78707,32.67307],[-80.78661,32.67287],[-80.7842,32.67343],[-80.78239,32.67248],[-80.78079,32.67246],[-80.77617,32.67411],[-80.77577,32.67477],[-80.77608,32.67557],[-80.77245,32.67592],[-80.77066,32.67749],[-80.76922,32.67707],[-80.76874,32.67532],[-80.77012,32.67412],[-80.76963,32.67237],[-80.76452,32.67248],[-80.76403,32.67073],[-80.76541,32.66952],[-80.76492,32.66777],[-80.76306,32.66723],[-80.76257,32.66548],[-80.7607,32.66493],[-80.75932,32.66613],[-80.75746,32.66559],[-80.75607,32.66679],[-80.75421,32.66624],[-80.75372,32.66449],[-80.75185,32.66395],[-80.75137,32.6622],[-80.7495,32.66165],[-80.74812,32.66285],[-80.7439,32.66001],[-80.74252,32.66121],[-80.74065,32.66067],[-80.73927,32.66187],[-80.73505,32.65902],[-80.73367,32.66023],[-80.73181,32.65968],[-80.73042,32.66088],[-80.73091,32.66263],[-80.72953,32.66383],[-80.72766,32.66329],[-80.72628,32.66449],[-80.72441,32.66394],[-80.72393,32.66219],[-80.72531,32.66099],[-80.72483,32.65924],[-80.72296,32.65869],[-80.72158,32.6599],[-80.71971,32.65935],[-80.71833,32.66055],[-80.71647,32.66],[-80.71598,32.65825],[-80.71176,32.65541],[-80.71128,32.65366],[-80.71266,32.65246],[-80.71453,32.65301],[-80.71591,32.6518],[-80.71777,32.65235],[-80.71826,32.6541],[-80.71688,32.6553],[-80.71736,32.65705],[-80.71923,32.6576],[-80.72061,32.6564],[-80.72247,32.65694],[-80.72385,32.65574],[-80.72337,32.65399],[-80.71915,32.65115],[-80.71867,32.6494],[-80.7168,32.64885],[-80.71632,32.6471],[-80.71121,32.64721],[-80.71072,32.64546],[-80.70885,32.64491],[-80.70837,32.64317],[-80.7065,32.64262],[-80.70512,32.64382],[-80.70326,32.64327],[-80.70188,32.64448],[-80.70001,32.64393],[-80.69953,32.64218],[-80.70091,32.64098],[-80.70042,32.63923],[-80.70181,32.63802],[-80.70132,32.63628],[-80.69621,32.63638],[-80.69573,32.63463],[-80.69711,32.63343],[-80.69897,32.63398],[-80.70035,32.63278],[-80.70457,32.63562],[-80.70505,32.63737],[-80.70692,32.63792],[-80.7074,32.63967],[-80.71251,32.63956],[-80.71389,32.63836],[-80.71341,32.63661],[-80.70805,32.63476],[-80.70919,32.63376],[-80.70871,32.63201],[-80.70684,32.63147],[-80.70302,32.62571],[-80.7056,32.62536],[-80.69984,32.62381],[-80.69769,32.62235],[-80.6982,32.6213],[-80.69738,32.62204],[-80.69696,32.62053],[-80.6951,32.61998],[-80.69099,32.62256],[-80.69334,32.62368],[-80.6933,32.62589],[-80.69752,32.62873],[-80.698,32.63048],[-80.69662,32.63168],[-80.69241,32.62884],[-80.69103,32.63004],[-80.69151,32.63179],[-80.69338,32.63234],[-80.69386,32.63409],[-80.69248,32.63529],[-80.68827,32.63245],[-80.68778,32.6307],[-80.68916,32.62949],[-80.68868,32.62774],[-80.68681,32.6272],[-80.68633,32.62545],[-80.68771,32.62425],[-80.68723,32.6225],[-80.68856,32.62111],[-80.69067,32.62225],[-80.69311,32.62091],[-80.69075,32.61871],[-80.69275,32.61769],[-80.69226,32.61594],[-80.69364,32.61474],[-80.69316,32.61299],[-80.68895,32.61014],[-80.68846,32.60839],[-80.6866,32.60785],[-80.68561,32.60871],[-80.68439,32.60762],[-80.68377,32.6038],[-80.68654,32.60532],[-80.68922,32.60495],[-80.69561,32.59967],[-80.70052,32.60068],[-80.70104,32.60312],[-80.70014,32.6043],[-80.70121,32.60315],[-80.7009,32.60086],[-80.70047,32.60048],[-80.69544,32.59891],[-80.68851,32.60481],[-80.6844,32.60394],[-80.68515,32.6026],[-80.68466,32.60085],[-80.68604,32.59965],[-80.68556,32.5979],[-80.68369,32.59735],[-80.68321,32.5956],[-80.68459,32.5944],[-80.68411,32.59265],[-80.679,32.59276],[-80.67851,32.59101],[-80.67989,32.58981],[-80.67941,32.58806],[-80.67755,32.58751],[-80.67535,32.58847],[-80.67538,32.58731],[-80.67716,32.58714],[-80.67447,32.58625],[-80.6743,32.58817],[-80.67382,32.58642],[-80.6752,32.58522],[-80.67472,32.58347],[-80.67285,32.58292],[-80.67237,32.58117],[-80.67375,32.57997],[-80.67327,32.57822],[-80.67465,32.57702],[-80.67416,32.57527],[-80.6723,32.57472],[-80.67181,32.57297],[-80.67319,32.57177],[-80.67506,32.57232],[-80.67644,32.57111],[-80.67595,32.56936],[-80.67733,32.56816],[-80.67685,32.56641],[-80.67823,32.56521],[-80.68009,32.56576],[-80.68147,32.56455],[-80.68099,32.5628],[-80.68237,32.5616],[-80.68423,32.56215],[-80.68561,32.56094],[-80.68513,32.55919],[-80.6865,32.55799],[-80.69161,32.55788],[-80.69299,32.55668],[-80.69251,32.55493],[-80.69389,32.55373],[-80.69575,32.55427],[-80.69713,32.55307],[-80.69664,32.55132],[-80.69802,32.55012],[-80.69989,32.55066],[-80.70127,32.54946],[-80.70078,32.54771],[-80.70216,32.54651],[-80.70637,32.54935],[-80.70775,32.54814],[-80.70962,32.54869],[-80.7101,32.55044],[-80.70872,32.55164],[-80.70921,32.55339],[-80.70783,32.5546],[-80.70831,32.55635],[-80.71017,32.55689],[-80.71066,32.55864],[-80.70928,32.55985],[-80.70976,32.56159],[-80.71163,32.56214],[-80.71301,32.56094],[-80.71252,32.55919],[-80.7139,32.55798],[-80.71577,32.55853],[-80.71625,32.56028],[-80.71487,32.56148],[-80.71536,32.56323],[-80.71398,32.56444],[-80.71446,32.56619],[-80.71308,32.56739],[-80.71122,32.56684],[-80.70984,32.56805],[-80.70797,32.5675],[-80.70659,32.5687],[-80.70708,32.57045],[-80.7057,32.57166],[-80.70618,32.57341],[-80.71039,32.57625],[-80.71177,32.57505],[-80.71129,32.5733],[-80.70943,32.57275],[-80.70894,32.571],[-80.71032,32.5698],[-80.71219,32.57034],[-80.71267,32.57209],[-80.71453,32.57264],[-80.71502,32.57439],[-80.71364,32.57559],[-80.71412,32.57734],[-80.71599,32.57789],[-80.71737,32.57668],[-80.71688,32.57493],[-80.71826,32.57373],[-80.71778,32.57198],[-80.71916,32.57078],[-80.72102,32.57132],[-80.72151,32.57307],[-80.72013,32.57428],[-80.72061,32.57603],[-80.72248,32.57657],[-80.72296,32.57832],[-80.72158,32.57953],[-80.72207,32.58128],[-80.72069,32.58248],[-80.71882,32.58193],[-80.71744,32.58314],[-80.71793,32.58489],[-80.71979,32.58543],[-80.72028,32.58718],[-80.72539,32.58707],[-80.72587,32.58882],[-80.72774,32.58937],[-80.72822,32.59112],[-80.72684,32.59232],[-80.72498,32.59177],[-80.72359,32.59298],[-80.72408,32.59473],[-80.72919,32.59462],[-80.72968,32.59637],[-80.72829,32.59757],[-80.72878,32.59932],[-80.7274,32.60052],[-80.72553,32.59998],[-80.72415,32.60118],[-80.72229,32.60063],[-80.72091,32.60184],[-80.71904,32.60129],[-80.71766,32.60249],[-80.71815,32.60424],[-80.72001,32.60479],[-80.7205,32.60654],[-80.71912,32.60774],[-80.7196,32.60949],[-80.71822,32.61069],[-80.71636,32.61015],[-80.71498,32.61135],[-80.71546,32.6131],[-80.71733,32.61365],[-80.71781,32.61539],[-80.71643,32.6166],[-80.71457,32.61605],[-80.71319,32.61725],[-80.71132,32.61671],[-80.71084,32.61496],[-80.70897,32.61441],[-80.70759,32.61561],[-80.70808,32.61736],[-80.71229,32.62021],[-80.71278,32.62196],[-80.71464,32.6225],[-80.71513,32.62425],[-80.71374,32.62545],[-80.71423,32.6272],[-80.71285,32.62841],[-80.71333,32.63016],[-80.71195,32.63136],[-80.71244,32.63311],[-80.71665,32.63595],[-80.71803,32.63475],[-80.71755,32.633],[-80.71893,32.6318],[-80.7208,32.63234],[-80.72128,32.63409],[-80.7199,32.6353],[-80.72039,32.63704],[-80.72225,32.63759],[-80.72274,32.63934],[-80.72136,32.64054],[-80.72184,32.64229],[-80.72371,32.64284],[-80.72509,32.64164],[-80.7246,32.63989],[-80.72598,32.63869],[-80.7255,32.63694],[-80.72688,32.63573],[-80.72874,32.63628],[-80.72923,32.63803],[-80.72785,32.63923],[-80.72833,32.64098],[-80.7302,32.64153],[-80.73158,32.64033],[-80.73109,32.63858],[-80.73248,32.63737],[-80.73434,32.63792],[-80.73483,32.63967],[-80.73345,32.64087],[-80.73393,32.64262],[-80.73255,32.64383],[-80.73068,32.64328],[-80.7293,32.64448],[-80.72979,32.64623],[-80.73166,32.64678],[-80.73214,32.64853],[-80.73076,32.64973],[-80.72889,32.64918],[-80.72751,32.65039],[-80.728,32.65213],[-80.73311,32.65203],[-80.7336,32.65378],[-80.73546,32.65432],[-80.73684,32.65312],[-80.73636,32.65137],[-80.73449,32.65082],[-80.73401,32.64907],[-80.73539,32.64787],[-80.73961,32.65071],[-80.74009,32.65246],[-80.74196,32.65301],[-80.74334,32.65181],[-80.74285,32.65006],[-80.73863,32.64722],[-80.73815,32.64547],[-80.73953,32.64426],[-80.7414,32.64481],[-80.74278,32.64361],[-80.74229,32.64186],[-80.73718,32.64197],[-80.73669,32.64022],[-80.73807,32.63901],[-80.73994,32.63956],[-80.74132,32.63836],[-80.74319,32.6389],[-80.74457,32.6377],[-80.74643,32.63825],[-80.74692,32.64],[-80.74554,32.6412],[-80.74602,32.64295],[-80.74789,32.6435],[-80.74927,32.64229],[-80.74879,32.64054],[-80.75017,32.63934],[-80.75203,32.63989],[-80.75252,32.64164],[-80.75439,32.64218],[-80.75487,32.64393],[-80.75674,32.64448],[-80.75812,32.64328],[-80.75763,32.64153],[-80.75577,32.64098],[-80.75528,32.63923],[-80.75666,32.63803],[-80.76088,32.64087],[-80.76137,32.64262],[-80.76324,32.64317],[-80.76462,32.64196],[-80.76413,32.64021],[-80.76551,32.63901],[-80.76503,32.63726],[-80.76641,32.63606],[-80.76592,32.63431],[-80.76405,32.63376],[-80.76267,32.63497],[-80.76316,32.63671],[-80.76178,32.63792],[-80.75991,32.63737],[-80.75942,32.63562],[-80.76081,32.63442],[-80.76032,32.63267],[-80.7617,32.63147],[-80.76121,32.62972],[-80.7626,32.62851],[-80.76446,32.62906],[-80.76495,32.63081],[-80.77006,32.6307]],[[-80.69969,32.57472],[-80.70156,32.57527],[-80.70294,32.57406],[-80.70245,32.57231],[-80.70383,32.57111],[-80.70335,32.56936],[-80.70149,32.56881],[-80.70011,32.57002],[-80.70059,32.57177],[-80.69921,32.57297],[-80.69969,32.57472]],[[-80.70435,32.61627],[-80.70573,32.61507],[-80.70524,32.61332],[-80.70338,32.61277],[-80.702,32.61397],[-80.70248,32.61572],[-80.70435,32.61627]],[[-80.71028,32.60676],[-80.71166,32.60555],[-80.71117,32.6038],[-80.71255,32.6026],[-80.71207,32.60085],[-80.7102,32.60031],[-80.70882,32.60151],[-80.70696,32.60096],[-80.70558,32.60216],[-80.70606,32.60391],[-80.70793,32.60446],[-80.70841,32.60621],[-80.71028,32.60676]],[[-80.71947,32.64096],[-80.71989,32.64054],[-80.71905,32.64064],[-80.71947,32.64096]],[[-80.76582,32.66482],[-80.7672,32.66362],[-80.76672,32.66187],[-80.76485,32.66132],[-80.76347,32.66253],[-80.76395,32.66428],[-80.76582,32.66482]],[[-80.80458,32.63757],[-80.80271,32.63703],[-80.80133,32.63823],[-80.80181,32.63998],[-80.80368,32.64053],[-80.80506,32.63932],[-80.80458,32.63757]],[[-80.81952,32.67892],[-80.82001,32.68067],[-80.82188,32.68122],[-80.82326,32.68001],[-80.82277,32.67826],[-80.8209,32.67772],[-80.81952,32.67892]]]}},{"type":"Feature","properties":{"sqmi":26.39},"geometry":{"type":"Polygon","coordinates":[[[-80.60651,32.80758],[-80.60465,32.80703],[-80.60327,32.80823],[-80.6014,32.80768],[-80.60002,32.80888],[-80.59815,32.80833],[-80.59677,32.80953],[-80.59491,32.80898],[-80.59352,32.81018],[-80.59166,32.80963],[-80.59028,32.81082],[-80.58841,32.81027],[-80.58703,32.81147],[-80.58751,32.81322],[-80.58613,32.81442],[-80.58102,32.81451],[-80.57964,32.81571],[-80.58012,32.81746],[-80.57874,32.81866],[-80.57363,32.81875],[-80.57225,32.81995],[-80.57273,32.8217],[-80.57135,32.82289],[-80.56948,32.82234],[-80.5681,32.82354],[-80.56624,32.82299],[-80.56485,32.82419],[-80.56299,32.82364],[-80.56161,32.82483],[-80.55974,32.82428],[-80.55836,32.82548],[-80.55884,32.82723],[-80.55746,32.82842],[-80.5556,32.82787],[-80.55422,32.82907],[-80.55235,32.82852],[-80.55097,32.82972],[-80.54911,32.82916],[-80.54773,32.83036],[-80.54586,32.82981],[-80.54448,32.83101],[-80.54262,32.83046],[-80.54123,32.83165],[-80.53937,32.8311],[-80.53799,32.8323],[-80.53613,32.83175],[-80.53474,32.83294],[-80.53288,32.83239],[-80.5315,32.83359],[-80.52963,32.83304],[-80.52825,32.83423],[-80.52639,32.83368],[-80.52501,32.83488],[-80.52314,32.83433],[-80.52176,32.83552],[-80.5199,32.83497],[-80.51852,32.83617],[-80.51666,32.83562],[-80.51527,32.83681],[-80.51341,32.83626],[-80.51203,32.83746],[-80.51017,32.83691],[-80.50878,32.8381],[-80.50692,32.83755],[-80.50554,32.83875],[-80.50368,32.83819],[-80.5023,32.83939],[-80.50043,32.83884],[-80.49905,32.84003],[-80.49719,32.83948],[-80.49581,32.84068],[-80.49395,32.84013],[-80.49256,32.84132],[-80.4907,32.84077],[-80.48932,32.84197],[-80.48746,32.84141],[-80.48608,32.84261],[-80.48187,32.83976],[-80.48139,32.83801],[-80.48277,32.83682],[-80.48229,32.83507],[-80.48043,32.83452],[-80.47905,32.83571],[-80.47953,32.83746],[-80.47815,32.83865],[-80.47629,32.8381],[-80.47491,32.8393],[-80.47539,32.84104],[-80.47725,32.8416],[-80.47773,32.84334],[-80.47635,32.84454],[-80.47448,32.84399],[-80.4731,32.84518],[-80.4689,32.84233],[-80.46842,32.84058],[-80.4698,32.83939],[-80.46932,32.83764],[-80.46746,32.83709],[-80.46698,32.83534],[-80.46278,32.83249],[-80.4623,32.83075],[-80.46368,32.82955],[-80.4632,32.8278],[-80.46134,32.82725],[-80.46086,32.82551],[-80.46224,32.82431],[-80.4641,32.82486],[-80.46548,32.82367],[-80.465,32.82192],[-80.46638,32.82072],[-80.4659,32.81898],[-80.46728,32.81778],[-80.46914,32.81833],[-80.47053,32.81714],[-80.47005,32.81539],[-80.46818,32.81484],[-80.4677,32.81309],[-80.46909,32.8119],[-80.47095,32.81245],[-80.47233,32.81125],[-80.47419,32.81181],[-80.47557,32.81061],[-80.47743,32.81116],[-80.47881,32.80997],[-80.48067,32.81052],[-80.48205,32.80932],[-80.48626,32.81217],[-80.48764,32.81098],[-80.48716,32.80923],[-80.48854,32.80803],[-80.48806,32.80629],[-80.4862,32.80573],[-80.48482,32.80693],[-80.48296,32.80638],[-80.48248,32.80463],[-80.48386,32.80344],[-80.48338,32.80169],[-80.48476,32.80049],[-80.48428,32.79875],[-80.48566,32.79755],[-80.48518,32.7958],[-80.48656,32.79461],[-80.48608,32.79286],[-80.48746,32.79166],[-80.48698,32.78992],[-80.48836,32.78872],[-80.48788,32.78697],[-80.48926,32.78578],[-80.49112,32.78633],[-80.4925,32.78513],[-80.49436,32.78568],[-80.49574,32.78449],[-80.49995,32.78734],[-80.50133,32.78614],[-80.50319,32.78669],[-80.50367,32.78844],[-80.50229,32.78964],[-80.50277,32.79138],[-80.50463,32.79193],[-80.50511,32.79368],[-80.50373,32.79488],[-80.50421,32.79662],[-80.50842,32.79947],[-80.5089,32.80122],[-80.50752,32.80242],[-80.50331,32.79957],[-80.50193,32.80076],[-80.50241,32.80251],[-80.50427,32.80306],[-80.50475,32.80481],[-80.50337,32.80601],[-80.50151,32.80545],[-80.50103,32.80371],[-80.49917,32.80316],[-80.49779,32.80435],[-80.49827,32.8061],[-80.50013,32.80665],[-80.50061,32.8084],[-80.50247,32.80895],[-80.50295,32.8107],[-80.50157,32.81189],[-80.50205,32.81364],[-80.50392,32.81419],[-80.5044,32.81594],[-80.50626,32.81649],[-80.50764,32.81529],[-80.50716,32.81355],[-80.50854,32.81235],[-80.50806,32.8106],[-80.50944,32.80941],[-80.51365,32.81226],[-80.51503,32.81106],[-80.51689,32.81161],[-80.51737,32.81336],[-80.51923,32.81391],[-80.51971,32.81566],[-80.52482,32.81556],[-80.5262,32.81437],[-80.52572,32.81262],[-80.52386,32.81207],[-80.52248,32.81326],[-80.52061,32.81271],[-80.52013,32.81097],[-80.52152,32.80977],[-80.52338,32.81032],[-80.52476,32.80912],[-80.52897,32.81197],[-80.53035,32.81078],[-80.52987,32.80903],[-80.53125,32.80783],[-80.53545,32.81068],[-80.53594,32.81243],[-80.53455,32.81363],[-80.53504,32.81537],[-80.5369,32.81592],[-80.53738,32.81767],[-80.536,32.81887],[-80.53648,32.82062],[-80.53834,32.82117],[-80.53973,32.81997],[-80.53924,32.81822],[-80.54063,32.81703],[-80.54014,32.81528],[-80.54153,32.81408],[-80.54663,32.81399],[-80.54802,32.81279],[-80.54988,32.81334],[-80.55126,32.81214],[-80.55078,32.8104],[-80.54567,32.81049],[-80.54519,32.80874],[-80.54657,32.80755],[-80.54843,32.8081],[-80.54982,32.8069],[-80.54933,32.80515],[-80.54747,32.8046],[-80.54699,32.80286],[-80.54837,32.80166],[-80.55023,32.80221],[-80.55162,32.80101],[-80.55113,32.79926],[-80.54927,32.79871],[-80.54879,32.79697],[-80.55017,32.79577],[-80.54969,32.79402],[-80.54782,32.79347],[-80.54734,32.79172],[-80.54872,32.79053],[-80.55059,32.79108],[-80.55107,32.79282],[-80.55293,32.79337],[-80.55341,32.79512],[-80.55528,32.79567],[-80.55666,32.79448],[-80.55852,32.79503],[-80.5599,32.79383],[-80.56177,32.79438],[-80.56315,32.79318],[-80.56267,32.79143],[-80.56405,32.79024],[-80.56357,32.78849],[-80.5617,32.78794],[-80.56122,32.78619],[-80.55936,32.78564],[-80.55888,32.78389],[-80.56026,32.78269],[-80.55978,32.78095],[-80.56116,32.77975],[-80.56302,32.7803],[-80.5644,32.7791],[-80.56392,32.77735],[-80.5653,32.77616],[-80.56716,32.77671],[-80.56855,32.77551],[-80.56806,32.77376],[-80.56944,32.77256],[-80.56896,32.77082],[-80.56385,32.77091],[-80.56337,32.76916],[-80.56475,32.76797],[-80.56662,32.76852],[-80.568,32.76732],[-80.56986,32.76787],[-80.57124,32.76667],[-80.57076,32.76492],[-80.57214,32.76373],[-80.57635,32.76657],[-80.57683,32.76832],[-80.57545,32.76952],[-80.57593,32.77127],[-80.5778,32.77182],[-80.57918,32.77062],[-80.5787,32.76887],[-80.58008,32.76767],[-80.58429,32.77052],[-80.58567,32.76932],[-80.58519,32.76757],[-80.58657,32.76638],[-80.58609,32.76463],[-80.58422,32.76408],[-80.58374,32.76233],[-80.57863,32.76243],[-80.57815,32.76068],[-80.57953,32.75948],[-80.57905,32.75774],[-80.58043,32.75654],[-80.58229,32.75709],[-80.58278,32.75883],[-80.58464,32.75938],[-80.58512,32.76113],[-80.58698,32.76168],[-80.58837,32.76048],[-80.59023,32.76103],[-80.59161,32.75984],[-80.59348,32.76039],[-80.59486,32.75919],[-80.59437,32.75744],[-80.59576,32.75624],[-80.59527,32.75449],[-80.59665,32.75329],[-80.59852,32.75384],[-80.5999,32.75264],[-80.60176,32.75319],[-80.60314,32.75199],[-80.60266,32.75025],[-80.60404,32.74905],[-80.60591,32.7496],[-80.60639,32.75135],[-80.60501,32.75254],[-80.60549,32.75429],[-80.60736,32.75484],[-80.60784,32.75659],[-80.60646,32.75779],[-80.60459,32.75724],[-80.60321,32.75844],[-80.60369,32.76019],[-80.60231,32.76139],[-80.6028,32.76313],[-80.60466,32.76368],[-80.60514,32.76543],[-80.61025,32.76533],[-80.61074,32.76708],[-80.6126,32.76763],[-80.61398,32.76643],[-80.6135,32.76468],[-80.61488,32.76348],[-80.61675,32.76403],[-80.61813,32.76283],[-80.61999,32.76338],[-80.62137,32.76218],[-80.62324,32.76273],[-80.62372,32.76448],[-80.62234,32.76568],[-80.62047,32.76513],[-80.61909,32.76633],[-80.61723,32.76578],[-80.61585,32.76698],[-80.61633,32.76873],[-80.61819,32.76928],[-80.61868,32.77103],[-80.6173,32.77223],[-80.61543,32.77168],[-80.61405,32.77287],[-80.61453,32.77462],[-80.6164,32.77517],[-80.61778,32.77397],[-80.61964,32.77452],[-80.62103,32.77332],[-80.62054,32.77158],[-80.62192,32.77038],[-80.62144,32.76863],[-80.62282,32.76743],[-80.62469,32.76798],[-80.62607,32.76678],[-80.62559,32.76503],[-80.62697,32.76383],[-80.62883,32.76438],[-80.63021,32.76318],[-80.63208,32.76373],[-80.63256,32.76548],[-80.63118,32.76668],[-80.62932,32.76613],[-80.62793,32.76733],[-80.62842,32.76908],[-80.63263,32.77193],[-80.63312,32.77367],[-80.63498,32.77422],[-80.63636,32.77302],[-80.63588,32.77128],[-80.63401,32.77073],[-80.63353,32.76898],[-80.63491,32.76778],[-80.63443,32.76603],[-80.63581,32.76483],[-80.63768,32.76538],[-80.63816,32.76713],[-80.63678,32.76833],[-80.63726,32.77008],[-80.64148,32.77292],[-80.64286,32.77172],[-80.64237,32.76998],[-80.64051,32.76943],[-80.64002,32.76768],[-80.64141,32.76648],[-80.64562,32.76933],[-80.647,32.76813],[-80.64887,32.76868],[-80.65025,32.76748],[-80.64977,32.76573],[-80.65115,32.76453],[-80.65301,32.76508],[-80.6535,32.76683],[-80.65212,32.76803],[-80.6526,32.76977],[-80.65447,32.77032],[-80.65495,32.77207],[-80.65357,32.77327],[-80.6517,32.77272],[-80.65032,32.77392],[-80.6508,32.77567],[-80.65592,32.77557],[-80.6573,32.77437],[-80.65682,32.77262],[-80.6582,32.77142],[-80.65771,32.76967],[-80.65585,32.76912],[-80.65536,32.76737],[-80.65675,32.76618],[-80.65626,32.76443],[-80.65205,32.76158],[-80.65156,32.75983],[-80.65294,32.75863],[-80.65716,32.76148],[-80.65764,32.76323],[-80.65951,32.76378],[-80.65999,32.76552],[-80.66186,32.76607],[-80.66234,32.76782],[-80.66421,32.76837],[-80.66559,32.76717],[-80.66746,32.76772],[-80.66884,32.76652],[-80.66836,32.76477],[-80.66324,32.76487],[-80.66276,32.76313],[-80.66414,32.76193],[-80.66366,32.76018],[-80.66504,32.75898],[-80.67015,32.75887],[-80.67153,32.75767],[-80.67575,32.76052],[-80.67624,32.76227],[-80.67485,32.76347],[-80.67299,32.76292],[-80.6716,32.76412],[-80.67209,32.76587],[-80.67071,32.76707],[-80.67119,32.76882],[-80.66981,32.77002],[-80.66794,32.76947],[-80.66656,32.77067],[-80.6647,32.77012],[-80.66331,32.77132],[-80.6638,32.77307],[-80.66566,32.77362],[-80.66615,32.77537],[-80.66477,32.77657],[-80.6629,32.77602],[-80.66152,32.77722],[-80.662,32.77896],[-80.66062,32.78016],[-80.65875,32.77962],[-80.65737,32.78081],[-80.65786,32.78256],[-80.65647,32.78376],[-80.65461,32.78321],[-80.65323,32.78441],[-80.65371,32.78616],[-80.65233,32.78736],[-80.64721,32.78746],[-80.64583,32.78866],[-80.64631,32.79041],[-80.64493,32.79161],[-80.64307,32.79106],[-80.64168,32.79226],[-80.64217,32.79401],[-80.64079,32.7952],[-80.63567,32.7953],[-80.63429,32.7965],[-80.63477,32.79825],[-80.63339,32.79945],[-80.63153,32.7989],[-80.63014,32.8001],[-80.62828,32.79955],[-80.6269,32.80075],[-80.62503,32.8002],[-80.62365,32.8014],[-80.62413,32.80314],[-80.62275,32.80434],[-80.62088,32.80379],[-80.6195,32.80499],[-80.61764,32.80444],[-80.61625,32.80564],[-80.61439,32.80509],[-80.61301,32.80629],[-80.61114,32.80574],[-80.60976,32.80694],[-80.60789,32.80639],[-80.60651,32.80758]],[[-80.47887,32.8164],[-80.47701,32.81585],[-80.47563,32.81705],[-80.47611,32.81879],[-80.47473,32.81999],[-80.47287,32.81944],[-80.47149,32.82063],[-80.47197,32.82238],[-80.47383,32.82293],[-80.47431,32.82468],[-80.47617,32.82523],[-80.47665,32.82698],[-80.47527,32.82817],[-80.47575,32.82992],[-80.47761,32.83047],[-80.47899,32.82928],[-80.48085,32.82983],[-80.48223,32.82863],[-80.48175,32.82689],[-80.48313,32.82569],[-80.48265,32.82394],[-80.48079,32.82339],[-80.48031,32.82164],[-80.48169,32.82045],[-80.48121,32.8187],[-80.48259,32.81751],[-80.48211,32.81576],[-80.48025,32.81521],[-80.47887,32.8164]],[[-80.49707,32.82661],[-80.49755,32.82836],[-80.49941,32.82891],[-80.50079,32.82771],[-80.50031,32.82596],[-80.49845,32.82541],[-80.49797,32.82367],[-80.49935,32.82247],[-80.49887,32.82072],[-80.49376,32.82082],[-80.49328,32.81907],[-80.49467,32.81787],[-80.49419,32.81612],[-80.48998,32.81327],[-80.4886,32.81447],[-80.48908,32.81622],[-80.4877,32.81741],[-80.48818,32.81916],[-80.4868,32.82036],[-80.48728,32.8221],[-80.4859,32.8233],[-80.48638,32.82505],[-80.49148,32.82495],[-80.49286,32.82376],[-80.49707,32.82661]],[[-80.49863,32.79497],[-80.49815,32.79322],[-80.49629,32.79267],[-80.4949,32.79387],[-80.49539,32.79562],[-80.49725,32.79617],[-80.49863,32.79497]],[[-80.53131,32.81427],[-80.52945,32.81372],[-80.52807,32.81492],[-80.52855,32.81667],[-80.53041,32.81722],[-80.53179,32.81602],[-80.53131,32.81427]],[[-80.53793,32.82586],[-80.53744,32.82411],[-80.53558,32.82356],[-80.5342,32.82476],[-80.53468,32.8265],[-80.53654,32.82706],[-80.53793,32.82586]],[[-80.54898,32.81629],[-80.54712,32.81573],[-80.54573,32.81693],[-80.54387,32.81638],[-80.54249,32.81758],[-80.54297,32.81933],[-80.54483,32.81988],[-80.54622,32.81868],[-80.54808,32.81923],[-80.54946,32.81803],[-80.54898,32.81629]],[[-80.55817,32.80616],[-80.55865,32.80791],[-80.56376,32.80781],[-80.56514,32.80661],[-80.56466,32.80487],[-80.55955,32.80496],[-80.55817,32.80616]],[[-80.58352,32.78635],[-80.58538,32.7869],[-80.58677,32.7857],[-80.58628,32.78396],[-80.58442,32.78341],[-80.58304,32.7846],[-80.58352,32.78635]],[[-80.59637,32.77087],[-80.59775,32.76968],[-80.59727,32.76793],[-80.59865,32.76673],[-80.59817,32.76498],[-80.5963,32.76443],[-80.59492,32.76563],[-80.59306,32.76508],[-80.59168,32.76628],[-80.58981,32.76573],[-80.58843,32.76693],[-80.58891,32.76867],[-80.59402,32.76858],[-80.59451,32.77032],[-80.59637,32.77087]],[[-80.59223,32.77447],[-80.59361,32.77327],[-80.59313,32.77152],[-80.59126,32.77097],[-80.58988,32.77217],[-80.59036,32.77392],[-80.59223,32.77447]],[[-80.62987,32.77432],[-80.62849,32.77552],[-80.62897,32.77727],[-80.63084,32.77782],[-80.63222,32.77662],[-80.63173,32.77487],[-80.62987,32.77432]],[[-80.63284,32.79126],[-80.63332,32.79301],[-80.63519,32.79356],[-80.63657,32.79236],[-80.63609,32.79061],[-80.63422,32.79006],[-80.63284,32.79126]],[[-80.63643,32.77947],[-80.63781,32.77827],[-80.63733,32.77652],[-80.63546,32.77597],[-80.63408,32.77717],[-80.63457,32.77892],[-80.63643,32.77947]]]}},{"type":"Feature","properties":{"sqmi":23.56},"geometry":{"type":"Polygon","coordinates":[[[-81.65793,30.9139],[-81.6598,30.91441],[-81.6603,30.91617],[-81.65893,30.91742],[-81.65943,30.91918],[-81.65807,30.92042],[-81.65856,30.92218],[-81.66279,30.92497],[-81.66329,30.92673],[-81.66193,30.92798],[-81.66242,30.92974],[-81.66429,30.93025],[-81.66479,30.93201],[-81.66342,30.93326],[-81.66392,30.93502],[-81.66256,30.93626],[-81.66069,30.93574],[-81.65933,30.93698],[-81.65982,30.93874],[-81.66492,30.93854],[-81.66542,30.9403],[-81.66405,30.94154],[-81.66219,30.94102],[-81.66082,30.94226],[-81.65896,30.94175],[-81.65759,30.94299],[-81.65809,30.94475],[-81.65673,30.94599],[-81.65722,30.94775],[-81.65909,30.94827],[-81.65959,30.95003],[-81.65822,30.95127],[-81.65636,30.95075],[-81.65499,30.95199],[-81.65549,30.95375],[-81.65416,30.95496],[-81.65349,30.95482],[-81.65481,30.95387],[-81.6509,30.95572],[-81.64903,30.9552],[-81.64767,30.95644],[-81.6458,30.95592],[-81.64444,30.95717],[-81.64257,30.95665],[-81.64121,30.95789],[-81.6417,30.95965],[-81.64357,30.96017],[-81.64493,30.95893],[-81.6468,30.95944],[-81.6473,30.9612],[-81.64916,30.96172],[-81.64966,30.96348],[-81.65152,30.964],[-81.65202,30.96576],[-81.65066,30.967],[-81.64879,30.96648],[-81.64743,30.96772],[-81.64556,30.96721],[-81.6442,30.96845],[-81.63997,30.96565],[-81.6386,30.96689],[-81.6391,30.96865],[-81.63774,30.96989],[-81.63587,30.96938],[-81.63451,30.97062],[-81.63501,30.97238],[-81.63364,30.97362],[-81.63178,30.9731],[-81.63128,30.97134],[-81.62941,30.97082],[-81.62805,30.97206],[-81.62618,30.97154],[-81.62569,30.96978],[-81.62382,30.96927],[-81.62246,30.97051],[-81.62059,30.96999],[-81.62009,30.96823],[-81.615,30.96843],[-81.6145,30.96667],[-81.61264,30.96615],[-81.61214,30.96439],[-81.61351,30.96315],[-81.61301,30.96139],[-81.61438,30.96015],[-81.61388,30.95839],[-81.61201,30.95787],[-81.61152,30.95611],[-81.60729,30.95332],[-81.6064,30.95138],[-81.6076,30.95082],[-81.60715,30.94883],[-81.60445,30.94858],[-81.60766,30.94856],[-81.60903,30.94732],[-81.60853,30.94556],[-81.6099,30.94432],[-81.6094,30.94256],[-81.61076,30.94132],[-81.61027,30.93956],[-81.6084,30.93904],[-81.60704,30.94028],[-81.60753,30.94204],[-81.60522,30.94247],[-81.60368,30.94831],[-81.60257,30.94876],[-81.60207,30.947],[-81.60021,30.94648],[-81.59885,30.94773],[-81.59934,30.94948],[-81.59798,30.95073],[-81.59848,30.95248],[-81.60034,30.953],[-81.60084,30.95476],[-81.59947,30.956],[-81.59761,30.95548],[-81.59624,30.95673],[-81.59115,30.95693],[-81.59066,30.95517],[-81.59202,30.95393],[-81.59152,30.95217],[-81.59289,30.95093],[-81.59475,30.95145],[-81.59612,30.95021],[-81.59562,30.94845],[-81.59698,30.94721],[-81.59649,30.94545],[-81.59785,30.94421],[-81.59735,30.94245],[-81.59872,30.94121],[-81.59822,30.93945],[-81.59959,30.93821],[-81.59909,30.93645],[-81.60045,30.9352],[-81.59996,30.93345],[-81.60132,30.9322],[-81.60082,30.93044],[-81.60219,30.9292],[-81.60169,30.92744],[-81.60306,30.9262],[-81.60256,30.92444],[-81.6007,30.92393],[-81.6002,30.92217],[-81.60156,30.92092],[-81.60107,30.91916],[-81.60243,30.91792],[-81.60193,30.91616],[-81.60007,30.91565],[-81.59957,30.91389],[-81.60094,30.91265],[-81.60044,30.91089],[-81.60181,30.90964],[-81.60131,30.90788],[-81.60267,30.90664],[-81.60218,30.90488],[-81.60031,30.90437],[-81.59982,30.90261],[-81.60118,30.90136],[-81.60068,30.89961],[-81.60205,30.89836],[-81.60155,30.8966],[-81.59969,30.89609],[-81.59919,30.89433],[-81.60056,30.89309],[-81.60006,30.89133],[-81.60142,30.89008],[-81.60093,30.88832],[-81.59907,30.88781],[-81.59857,30.88605],[-81.59993,30.88481],[-81.59944,30.88305],[-81.59757,30.88253],[-81.59708,30.88077],[-81.59844,30.87953],[-81.59794,30.87777],[-81.59372,30.87497],[-81.59323,30.87321],[-81.59459,30.87197],[-81.59409,30.87021],[-81.59223,30.86969],[-81.59174,30.86793],[-81.5931,30.86669],[-81.59819,30.86649],[-81.59868,30.86825],[-81.60054,30.86876],[-81.60191,30.86752],[-81.60377,30.86804],[-81.60427,30.8698],[-81.60613,30.87032],[-81.60663,30.87208],[-81.61171,30.87187],[-81.61296,30.87021],[-81.6151,30.86983],[-81.61733,30.86633],[-81.61893,30.86636],[-81.61789,30.86602],[-81.61701,30.86634],[-81.61667,30.86514],[-81.61481,30.86462],[-81.61431,30.86286],[-81.61568,30.86162],[-81.61518,30.85986],[-81.61655,30.85862],[-81.61605,30.85686],[-81.61741,30.85562],[-81.61927,30.85614],[-81.62064,30.85489],[-81.6225,30.85541],[-81.62386,30.85417],[-81.62337,30.85241],[-81.62473,30.85117],[-81.62982,30.85096],[-81.63118,30.84971],[-81.63304,30.85023],[-81.63441,30.84899],[-81.63863,30.85178],[-81.63913,30.85354],[-81.64099,30.85406],[-81.64149,30.85582],[-81.64658,30.85561],[-81.64708,30.85737],[-81.64571,30.85861],[-81.64385,30.8581],[-81.64248,30.85934],[-81.64298,30.8611],[-81.64484,30.86162],[-81.64534,30.86338],[-81.64398,30.86462],[-81.64212,30.8641],[-81.64075,30.86534],[-81.64125,30.8671],[-81.63989,30.86835],[-81.64038,30.87011],[-81.64225,30.87062],[-81.64274,30.87238],[-81.64138,30.87363],[-81.64188,30.87539],[-81.64374,30.8759],[-81.64424,30.87766],[-81.64287,30.87891],[-81.64337,30.88067],[-81.64524,30.88118],[-81.64573,30.88294],[-81.6476,30.88346],[-81.64896,30.88222],[-81.64846,30.88046],[-81.64983,30.87922],[-81.65169,30.87973],[-81.65219,30.88149],[-81.65641,30.88429],[-81.65691,30.88605],[-81.66114,30.88884],[-81.66164,30.8906],[-81.66027,30.89184],[-81.66077,30.8936],[-81.66263,30.89412],[-81.66313,30.89588],[-81.66177,30.89712],[-81.66227,30.89888],[-81.6609,30.90013],[-81.65904,30.89961],[-81.65767,30.90085],[-81.65817,30.90261],[-81.6624,30.90541],[-81.6629,30.90717],[-81.66153,30.90841],[-81.65967,30.90789],[-81.6583,30.90913],[-81.65644,30.90862],[-81.65594,30.90686],[-81.65171,30.90406],[-81.65035,30.9053],[-81.65085,30.90706],[-81.64948,30.90831],[-81.64998,30.91007],[-81.65185,30.91058],[-81.65234,30.91234],[-81.65744,30.91214],[-81.65793,30.9139]],[[-81.60199,30.87927],[-81.60223,30.87915],[-81.60185,30.87919],[-81.60199,30.87927]],[[-81.6088,30.8843],[-81.60966,30.88302],[-81.60921,30.88281],[-81.6088,30.8843]],[[-81.61939,30.88094],[-81.61991,30.87952],[-81.61855,30.87863],[-81.62016,30.87746],[-81.61966,30.8757],[-81.6178,30.87518],[-81.61643,30.87642],[-81.61746,30.87833],[-81.61631,30.87894],[-81.61939,30.88094]],[[-81.63204,30.86313],[-81.63241,30.86312],[-81.63196,30.86277],[-81.63204,30.86313]],[[-81.64153,30.90448],[-81.6429,30.90323],[-81.6424,30.90147],[-81.64053,30.90096],[-81.63917,30.9022],[-81.63967,30.90396],[-81.64153,30.90448]],[[-81.6407,30.95417],[-81.64095,30.95396],[-81.6409,30.95388],[-81.6407,30.95417]],[[-81.64218,30.93708],[-81.64082,30.93833],[-81.64131,30.94009],[-81.64641,30.93988],[-81.64691,30.94164],[-81.64877,30.94216],[-81.65014,30.94092],[-81.64964,30.93916],[-81.64777,30.93864],[-81.64727,30.93688],[-81.64218,30.93708]],[[-81.64849,30.90479],[-81.64799,30.90303],[-81.64612,30.90251],[-81.64476,30.90375],[-81.64526,30.90551],[-81.64712,30.90603],[-81.64849,30.90479]],[[-81.6557,30.91814],[-81.65384,30.91762],[-81.65247,30.91887],[-81.65297,30.92063],[-81.65484,30.92114],[-81.6562,30.9199],[-81.6557,30.91814]],[[-81.66107,30.9299],[-81.66062,30.92822],[-81.65942,30.92862],[-81.65926,30.92736],[-81.65727,30.92728],[-81.65703,30.92801],[-81.65895,30.92929],[-81.65769,30.93199],[-81.65322,30.93266],[-81.65848,30.93321],[-81.65992,30.92998],[-81.66107,30.9299]]]}},{"type":"Feature","properties":{"sqmi":23.42},"geometry":{"type":"Polygon","coordinates":[[[-79.27015,33.26403],[-79.26946,33.26495],[-79.269,33.26322],[-79.27038,33.26205],[-79.26764,33.25801],[-79.26902,33.25684],[-79.26856,33.25511],[-79.26994,33.25394],[-79.26949,33.25221],[-79.27087,33.25104],[-79.27041,33.2493],[-79.27182,33.24876],[-79.27271,33.24524],[-79.27454,33.24581],[-79.27592,33.24464],[-79.27547,33.2429],[-79.27684,33.24174],[-79.27639,33.24],[-79.27777,33.23884],[-79.27731,33.2371],[-79.2819,33.23534],[-79.28144,33.2336],[-79.28282,33.23243],[-79.28237,33.2307],[-79.28374,33.22953],[-79.28557,33.2301],[-79.28695,33.22893],[-79.2865,33.2272],[-79.28787,33.22603],[-79.28971,33.2266],[-79.29108,33.22543],[-79.29063,33.2237],[-79.29201,33.22253],[-79.29155,33.22079],[-79.29293,33.21963],[-79.29019,33.21559],[-79.29477,33.21382],[-79.29432,33.21209],[-79.2957,33.21092],[-79.29753,33.21149],[-79.30211,33.20972],[-79.30394,33.21029],[-79.30532,33.20912],[-79.30487,33.20739],[-79.30624,33.20622],[-79.31128,33.20619],[-79.31266,33.20502],[-79.31678,33.20789],[-79.32136,33.20613],[-79.3232,33.2067],[-79.32594,33.21074],[-79.32754,33.21166],[-79.32897,33.21079],[-79.33025,33.21125],[-79.33012,33.21388],[-79.33236,33.20954],[-79.33648,33.21241],[-79.34106,33.21064],[-79.3429,33.21121],[-79.34335,33.21295],[-79.3484,33.21291],[-79.34885,33.21465],[-79.35068,33.21522],[-79.35206,33.21405],[-79.35161,33.21231],[-79.35298,33.21115],[-79.35482,33.21171],[-79.35619,33.21055],[-79.35574,33.20881],[-79.35712,33.20764],[-79.35666,33.2059],[-79.35804,33.20474],[-79.35758,33.203],[-79.35896,33.20183],[-79.36079,33.2024],[-79.36125,33.20414],[-79.35987,33.2053],[-79.36033,33.20704],[-79.35895,33.20821],[-79.36169,33.21225],[-79.36032,33.21342],[-79.36077,33.21516],[-79.35939,33.21632],[-79.36214,33.22036],[-79.35755,33.22213],[-79.35801,33.22387],[-79.35663,33.22504],[-79.35709,33.22677],[-79.35892,33.22734],[-79.3603,33.22617],[-79.35984,33.22444],[-79.36122,33.22327],[-79.36305,33.22384],[-79.36443,33.22267],[-79.36626,33.22324],[-79.36672,33.22497],[-79.36534,33.22614],[-79.3658,33.22788],[-79.36442,33.22905],[-79.36259,33.22848],[-79.36121,33.22965],[-79.36166,33.23138],[-79.35708,33.23315],[-79.35982,33.23719],[-79.35844,33.23836],[-79.3589,33.2401],[-79.36073,33.24066],[-79.36119,33.2424],[-79.3566,33.24417],[-79.35706,33.2459],[-79.35568,33.24707],[-79.35613,33.24881],[-79.35476,33.24998],[-79.35521,33.25171],[-79.35383,33.25288],[-79.35429,33.25462],[-79.35291,33.25578],[-79.35337,33.25752],[-79.35199,33.25869],[-79.35245,33.26043],[-79.35107,33.26159],[-79.35152,33.26333],[-79.35014,33.2645],[-79.34831,33.26393],[-79.34693,33.2651],[-79.34739,33.26683],[-79.34601,33.268],[-79.34418,33.26743],[-79.3428,33.2686],[-79.34325,33.27033],[-79.34188,33.2715],[-79.34004,33.27093],[-79.33866,33.2721],[-79.33912,33.27383],[-79.33774,33.275],[-79.33591,33.27443],[-79.33453,33.2756],[-79.33499,33.27734],[-79.33361,33.2785],[-79.33635,33.28254],[-79.33497,33.28371],[-79.33543,33.28545],[-79.33726,33.28602],[-79.33864,33.28485],[-79.33819,33.28311],[-79.33956,33.28195],[-79.3414,33.28252],[-79.34599,33.28075],[-79.34782,33.28132],[-79.34828,33.28306],[-79.3469,33.28422],[-79.34507,33.28365],[-79.34369,33.28482],[-79.34414,33.28656],[-79.34277,33.28772],[-79.34551,33.29176],[-79.34413,33.29293],[-79.34459,33.29467],[-79.34321,33.29583],[-79.34138,33.29527],[-79.34092,33.29353],[-79.3423,33.29236],[-79.34184,33.29063],[-79.34001,33.29006],[-79.33863,33.29122],[-79.33909,33.29296],[-79.33771,33.29413],[-79.33816,33.29586],[-79.33679,33.29703],[-79.33266,33.29416],[-79.33128,33.29532],[-79.33174,33.29706],[-79.33036,33.29823],[-79.32624,33.29535],[-79.32486,33.29652],[-79.32532,33.29825],[-79.32394,33.29942],[-79.32439,33.30116],[-79.32301,33.30232],[-79.32118,33.30175],[-79.32073,33.30002],[-79.3221,33.29885],[-79.32165,33.29711],[-79.31753,33.29424],[-79.31707,33.2925],[-79.31845,33.29134],[-79.31799,33.2896],[-79.31616,33.28903],[-79.31157,33.2908],[-79.30974,33.29023],[-79.30836,33.29139],[-79.30881,33.29313],[-79.30744,33.29429],[-79.30332,33.29142],[-79.30057,33.28738],[-79.29874,33.28681],[-79.29736,33.28798],[-79.29553,33.28741],[-79.29094,33.28917],[-79.28911,33.2886],[-79.28865,33.28686],[-79.29003,33.2857],[-79.28958,33.28396],[-79.28546,33.28109],[-79.285,33.27935],[-79.28638,33.27819],[-79.28593,33.27645],[-79.28181,33.27358],[-79.28043,33.27474],[-79.28089,33.27648],[-79.28284,33.2775],[-79.2825,33.27935],[-79.27678,33.27231],[-79.27128,33.26765],[-79.2746,33.26893],[-79.27015,33.26403]],[[-79.28062,33.26831],[-79.27795,33.26879],[-79.27918,33.2662],[-79.2753,33.26826],[-79.27656,33.26875],[-79.27648,33.26998],[-79.27792,33.27133],[-79.2801,33.27014],[-79.28062,33.26831]],[[-79.29638,33.28263],[-79.29641,33.28192],[-79.29264,33.28284],[-79.293,33.28387],[-79.29114,33.28462],[-79.29638,33.28263]],[[-79.29919,33.2756],[-79.30085,33.27443],[-79.29622,33.27567],[-79.29616,33.27638],[-79.29919,33.2756]],[[-79.29929,33.21283],[-79.29806,33.21261],[-79.29812,33.21356],[-79.29929,33.21283]],[[-79.30492,33.21747],[-79.30327,33.21854],[-79.30378,33.21851],[-79.30492,33.21747]],[[-79.31303,33.20888],[-79.31209,33.20952],[-79.31226,33.20958],[-79.31303,33.20888]],[[-79.32903,33.27389],[-79.3272,33.27332],[-79.32261,33.27509],[-79.32306,33.27682],[-79.3249,33.27739],[-79.32949,33.27563],[-79.32903,33.27389]],[[-79.3313,33.28895],[-79.33313,33.28952],[-79.33451,33.28835],[-79.33405,33.28661],[-79.33222,33.28605],[-79.33084,33.28721],[-79.3313,33.28895]],[[-79.33365,33.21059],[-79.33206,33.21035],[-79.33177,33.21143],[-79.3336,33.21189],[-79.33448,33.2135],[-79.33365,33.21059]],[[-79.3353,33.21489],[-79.3342,33.21445],[-79.33504,33.21888],[-79.3353,33.21489]],[[-79.35322,33.21678],[-79.3524,33.21554],[-79.35185,33.21662],[-79.35322,33.21678]]]}},{"type":"Feature","properties":{"sqmi":19.26},"geometry":{"type":"Polygon","coordinates":[[[-80.97846,32.34378],[-80.97895,32.34554],[-80.98406,32.34541],[-80.98544,32.3442],[-80.98495,32.34244],[-80.98633,32.34123],[-80.98584,32.33948],[-80.98161,32.33665],[-80.98112,32.33489],[-80.9825,32.33368],[-80.98437,32.33422],[-80.98486,32.33597],[-80.98673,32.33652],[-80.98722,32.33827],[-80.99233,32.33814],[-80.99371,32.33693],[-80.99322,32.33517],[-80.99135,32.33463],[-80.99086,32.33288],[-80.99224,32.33167],[-80.99411,32.33221],[-80.99549,32.331],[-80.99736,32.33154],[-80.99785,32.33329],[-81.00098,32.33499],[-81.00152,32.33596],[-81.00021,32.33558],[-80.99883,32.3368],[-80.99932,32.33855],[-81.00119,32.33909],[-81.00281,32.33642],[-81.00215,32.33401],[-81.0008,32.33288],[-81.00061,32.33087],[-81.00198,32.32965],[-81.00621,32.33249],[-81.00759,32.33128],[-81.00946,32.33182],[-81.00995,32.33357],[-81.00857,32.33478],[-81.00906,32.33653],[-81.00768,32.33775],[-81.00817,32.3395],[-81.0124,32.34233],[-81.01378,32.34112],[-81.01565,32.34166],[-81.01614,32.34341],[-81.01476,32.34462],[-81.01525,32.34638],[-81.01387,32.34759],[-81.012,32.34705],[-81.01063,32.34826],[-81.00876,32.34772],[-81.00738,32.34893],[-81.00551,32.34839],[-81.00502,32.34664],[-81.00315,32.3461],[-81.00177,32.34731],[-81.00226,32.34906],[-81.00413,32.3496],[-81.00462,32.35136],[-81.00974,32.35122],[-81.01023,32.35298],[-81.00885,32.35419],[-81.00698,32.35365],[-81.0056,32.35486],[-81.00373,32.35432],[-81.00235,32.35553],[-81.00284,32.35728],[-81.00471,32.35782],[-81.0052,32.35958],[-81.00382,32.36079],[-81.00431,32.36254],[-81.00618,32.36308],[-81.00667,32.36483],[-81.00529,32.36605],[-81.00342,32.36551],[-81.00204,32.36672],[-81.00253,32.36847],[-81.00116,32.36968],[-81.00165,32.37143],[-81.00352,32.37197],[-81.00401,32.37373],[-81.00263,32.37494],[-81.00312,32.37669],[-81.00824,32.37656],[-81.00873,32.37831],[-81.00735,32.37952],[-81.00548,32.37898],[-81.0041,32.3802],[-81.00223,32.37965],[-81.00085,32.38087],[-81.00134,32.38262],[-81.00557,32.38545],[-81.00606,32.3872],[-81.00468,32.38842],[-81.00281,32.38787],[-81.00232,32.38612],[-81.00045,32.38558],[-80.99996,32.38383],[-80.99573,32.38099],[-80.99435,32.38221],[-80.99484,32.38396],[-80.99346,32.38517],[-80.99395,32.38692],[-80.99257,32.38813],[-80.9907,32.38759],[-80.98932,32.3888],[-80.98981,32.39055],[-80.98843,32.39177],[-80.98892,32.39352],[-80.99079,32.39406],[-80.99217,32.39285],[-80.99404,32.39339],[-80.99453,32.39514],[-80.99315,32.39635],[-80.99128,32.39581],[-80.9899,32.39702],[-80.99039,32.39877],[-80.99226,32.39932],[-80.99275,32.40107],[-80.99137,32.40228],[-80.99187,32.40403],[-80.99049,32.40524],[-80.99098,32.40699],[-80.99285,32.40754],[-80.99334,32.40929],[-80.99521,32.40983],[-80.9957,32.41158],[-80.99432,32.41279],[-80.99481,32.41454],[-80.99668,32.41509],[-80.99717,32.41684],[-80.99579,32.41805],[-80.99628,32.4198],[-80.9949,32.42101],[-80.98978,32.42114],[-80.9884,32.42235],[-80.98889,32.4241],[-80.98751,32.42531],[-80.98564,32.42477],[-80.98426,32.42598],[-80.98239,32.42544],[-80.9819,32.42369],[-80.97678,32.42381],[-80.9754,32.42503],[-80.97589,32.42678],[-80.98101,32.42665],[-80.9815,32.4284],[-80.98337,32.42894],[-80.98386,32.4307],[-80.98248,32.43191],[-80.98061,32.43137],[-80.97923,32.43258],[-80.97736,32.43203],[-80.97598,32.43324],[-80.97411,32.4327],[-80.97362,32.43095],[-80.97175,32.43041],[-80.97037,32.43162],[-80.9685,32.43108],[-80.96801,32.42932],[-80.96289,32.42945],[-80.9624,32.4277],[-80.95817,32.42486],[-80.95769,32.42311],[-80.95257,32.42324],[-80.95208,32.42148],[-80.95346,32.42027],[-80.95858,32.42015],[-80.95995,32.41894],[-80.95947,32.41719],[-80.95435,32.41731],[-80.95386,32.41556],[-80.95199,32.41502],[-80.9515,32.41327],[-80.95288,32.41206],[-80.95239,32.4103],[-80.95052,32.40976],[-80.94914,32.41097],[-80.94727,32.41043],[-80.94589,32.41164],[-80.94403,32.4111],[-80.94354,32.40935],[-80.93931,32.40651],[-80.93882,32.40476],[-80.93371,32.40489],[-80.93322,32.40313],[-80.9346,32.40192],[-80.93411,32.40017],[-80.93549,32.39896],[-80.935,32.39721],[-80.93638,32.396],[-80.93589,32.39425],[-80.93727,32.39304],[-80.93678,32.39129],[-80.93491,32.39075],[-80.93353,32.39195],[-80.93402,32.39371],[-80.93264,32.39492],[-80.93077,32.39437],[-80.93028,32.39262],[-80.93166,32.39141],[-80.93118,32.38966],[-80.93255,32.38845],[-80.93207,32.3867],[-80.93344,32.38549],[-80.93296,32.38374],[-80.93433,32.38253],[-80.93385,32.38078],[-80.93522,32.37957],[-80.93709,32.38011],[-80.93847,32.3789],[-80.93798,32.37715],[-80.93936,32.37594],[-80.93887,32.37418],[-80.94025,32.37297],[-80.93976,32.37122],[-80.94114,32.37001],[-80.94065,32.36826],[-80.94203,32.36705],[-80.94154,32.3653],[-80.94292,32.36409],[-80.94243,32.36233],[-80.94381,32.36112],[-80.94568,32.36167],[-80.94706,32.36045],[-80.94657,32.3587],[-80.94795,32.35749],[-80.94746,32.35574],[-80.94884,32.35453],[-80.94835,32.35278],[-80.94973,32.35157],[-80.94924,32.34981],[-80.95062,32.3486],[-80.95248,32.34915],[-80.95386,32.34793],[-80.95809,32.35077],[-80.95946,32.34956],[-80.96133,32.3501],[-80.96271,32.34889],[-80.96222,32.34714],[-80.9636,32.34592],[-80.96783,32.34876],[-80.9692,32.34755],[-80.97107,32.34809],[-80.97245,32.34688],[-80.97432,32.34742],[-80.9757,32.34621],[-80.97521,32.34446],[-80.97334,32.34391],[-80.97285,32.34216],[-80.97423,32.34095],[-80.97846,32.34378]],[[-80.94345,32.40288],[-80.94207,32.40409],[-80.94256,32.40584],[-80.94443,32.40639],[-80.94581,32.40518],[-80.94532,32.40342],[-80.94345,32.40288]],[[-80.96036,32.41422],[-80.96173,32.41301],[-80.96125,32.41126],[-80.95938,32.41072],[-80.958,32.41193],[-80.95849,32.41368],[-80.96036,32.41422]],[[-80.96142,32.42419],[-80.96329,32.42474],[-80.96467,32.42353],[-80.96418,32.42177],[-80.96231,32.42123],[-80.96093,32.42244],[-80.96142,32.42419]]]}},{"type":"Feature","properties":{"sqmi":17.07},"geometry":{"type":"Polygon","coordinates":[[[-80.58549,32.70664],[-80.58597,32.70839],[-80.58459,32.70959],[-80.58273,32.70904],[-80.58135,32.71024],[-80.57714,32.70739],[-80.57576,32.70859],[-80.57624,32.71034],[-80.57486,32.71154],[-80.573,32.71099],[-80.57162,32.71219],[-80.56976,32.71164],[-80.56928,32.70989],[-80.56507,32.70704],[-80.56369,32.70824],[-80.56417,32.70999],[-80.56279,32.71119],[-80.55769,32.71129],[-80.55631,32.71249],[-80.55679,32.71423],[-80.55865,32.71478],[-80.55913,32.71653],[-80.55775,32.71773],[-80.55823,32.71948],[-80.55685,32.72068],[-80.55733,32.72242],[-80.55595,32.72362],[-80.55409,32.72307],[-80.55271,32.72427],[-80.55085,32.72372],[-80.55037,32.72197],[-80.54526,32.72207],[-80.54478,32.72032],[-80.53951,32.71981],[-80.5392,32.71867],[-80.53734,32.71812],[-80.53555,32.71908],[-80.53196,32.71654],[-80.53033,32.71363],[-80.52493,32.712],[-80.52755,32.70743],[-80.52797,32.70893],[-80.52983,32.70948],[-80.53121,32.70829],[-80.53073,32.70654],[-80.52887,32.70599],[-80.52767,32.70316],[-80.52592,32.70231],[-80.52046,32.70254],[-80.51871,32.69965],[-80.51453,32.6968],[-80.51284,32.69427],[-80.50893,32.6928],[-80.50866,32.69145],[-80.51132,32.68559],[-80.51118,32.68426],[-80.50864,32.68242],[-80.51056,32.68291],[-80.51194,32.68172],[-80.5138,32.68227],[-80.51518,32.68107],[-80.5147,32.67932],[-80.51608,32.67812],[-80.51794,32.67867],[-80.51932,32.67747],[-80.52118,32.67802],[-80.52256,32.67683],[-80.52442,32.67737],[-80.5258,32.67618],[-80.52531,32.67443],[-80.52669,32.67323],[-80.52855,32.67378],[-80.52993,32.67258],[-80.53179,32.67313],[-80.53317,32.67193],[-80.53503,32.67248],[-80.53641,32.67128],[-80.53828,32.67183],[-80.53965,32.67063],[-80.53917,32.66889],[-80.54055,32.66769],[-80.54007,32.66594],[-80.54145,32.66474],[-80.54331,32.66529],[-80.54469,32.66409],[-80.54421,32.66234],[-80.54559,32.66114],[-80.54745,32.66169],[-80.54883,32.66049],[-80.54835,32.65875],[-80.54973,32.65755],[-80.55159,32.6581],[-80.55297,32.6569],[-80.55249,32.65515],[-80.55387,32.65395],[-80.55339,32.6522],[-80.55477,32.651],[-80.55663,32.65155],[-80.55801,32.65035],[-80.55753,32.6486],[-80.55891,32.64741],[-80.56401,32.6473],[-80.56539,32.6461],[-80.56959,32.64895],[-80.57097,32.64775],[-80.57049,32.646],[-80.56629,32.64316],[-80.5658,32.64141],[-80.56718,32.64021],[-80.56904,32.64076],[-80.57042,32.63956],[-80.57229,32.64011],[-80.57367,32.63891],[-80.57553,32.63946],[-80.57601,32.6412],[-80.57463,32.6424],[-80.57511,32.64415],[-80.57697,32.6447],[-80.57835,32.6435],[-80.57787,32.64175],[-80.57925,32.64055],[-80.58111,32.6411],[-80.58159,32.64285],[-80.58345,32.6434],[-80.58394,32.64515],[-80.58256,32.64635],[-80.58304,32.64809],[-80.58166,32.64929],[-80.57655,32.6494],[-80.57518,32.6506],[-80.57566,32.65234],[-80.58076,32.65224],[-80.58124,32.65399],[-80.5831,32.65454],[-80.58358,32.65629],[-80.58869,32.65618],[-80.58917,32.65793],[-80.59103,32.65848],[-80.59241,32.65728],[-80.59427,32.65783],[-80.59476,32.65958],[-80.59662,32.66013],[-80.5971,32.66188],[-80.59572,32.66308],[-80.5962,32.66482],[-80.59482,32.66602],[-80.59296,32.66548],[-80.59158,32.66667],[-80.59206,32.66842],[-80.59393,32.66897],[-80.59441,32.67072],[-80.59303,32.67192],[-80.59351,32.67367],[-80.59772,32.67651],[-80.5982,32.67826],[-80.60006,32.67881],[-80.60054,32.68056],[-80.59916,32.68176],[-80.59965,32.68351],[-80.59827,32.68471],[-80.59875,32.68646],[-80.59737,32.68766],[-80.59785,32.6894],[-80.59647,32.6906],[-80.59695,32.69235],[-80.59557,32.69355],[-80.59371,32.693],[-80.59233,32.6942],[-80.59281,32.69595],[-80.59143,32.69715],[-80.59191,32.6989],[-80.59053,32.7001],[-80.59101,32.70184],[-80.58963,32.70304],[-80.59012,32.70479],[-80.58874,32.70599],[-80.58453,32.70314],[-80.58315,32.70434],[-80.58363,32.70609],[-80.58549,32.70664]],[[-80.55361,32.72132],[-80.55499,32.72013],[-80.55451,32.71838],[-80.55265,32.71783],[-80.55127,32.71903],[-80.55175,32.72077],[-80.55361,32.72132]],[[-80.57066,32.70869],[-80.57252,32.70924],[-80.5739,32.70804],[-80.57342,32.70629],[-80.57156,32.70574],[-80.57018,32.70694],[-80.57066,32.70869]]]}},{"type":"Feature","properties":{"sqmi":17.03},"geometry":{"type":"Polygon","coordinates":[[[-80.54857,32.72786],[-80.54905,32.72961],[-80.54767,32.73081],[-80.54581,32.73026],[-80.54533,32.72851],[-80.54022,32.72861],[-80.53884,32.72981],[-80.53932,32.73156],[-80.53794,32.73275],[-80.53374,32.72991],[-80.53236,32.7311],[-80.53284,32.73285],[-80.53146,32.73405],[-80.5296,32.7335],[-80.52822,32.7347],[-80.52636,32.73415],[-80.52497,32.73534],[-80.52546,32.73709],[-80.52732,32.73764],[-80.5278,32.73939],[-80.52642,32.74059],[-80.52131,32.74068],[-80.52083,32.73894],[-80.51663,32.73609],[-80.51525,32.73729],[-80.51339,32.73674],[-80.51201,32.73793],[-80.50781,32.73508],[-80.50643,32.73628],[-80.50132,32.73638],[-80.49994,32.73757],[-80.50042,32.73932],[-80.49904,32.74052],[-80.49718,32.73997],[-80.4967,32.73822],[-80.49484,32.73767],[-80.49436,32.73592],[-80.4925,32.73537],[-80.49112,32.73657],[-80.48926,32.73602],[-80.48788,32.73722],[-80.48602,32.73666],[-80.48464,32.73786],[-80.48044,32.73501],[-80.47906,32.73621],[-80.47954,32.73796],[-80.47816,32.73915],[-80.4763,32.7386],[-80.47492,32.7398],[-80.47306,32.73925],[-80.47168,32.74044],[-80.47216,32.74219],[-80.47402,32.74274],[-80.4745,32.74449],[-80.47312,32.74569],[-80.47126,32.74514],[-80.47078,32.74339],[-80.46658,32.74054],[-80.4652,32.74174],[-80.46334,32.74118],[-80.46196,32.74238],[-80.46244,32.74413],[-80.46106,32.74532],[-80.4592,32.74477],[-80.45782,32.74597],[-80.45596,32.74542],[-80.45458,32.74661],[-80.45272,32.74606],[-80.45224,32.74432],[-80.45421,32.74094],[-80.45182,32.73603],[-80.45309,32.73494],[-80.45261,32.73319],[-80.45075,32.73264],[-80.4473,32.72752],[-80.43479,32.72269],[-80.43582,32.72179],[-80.43768,32.72234],[-80.43906,32.72115],[-80.43858,32.7194],[-80.43996,32.71821],[-80.43948,32.71646],[-80.43762,32.71591],[-80.43714,32.71416],[-80.43852,32.71296],[-80.43804,32.71122],[-80.43619,32.71067],[-80.43571,32.70892],[-80.43709,32.70772],[-80.43894,32.70827],[-80.44032,32.70708],[-80.43985,32.70533],[-80.44122,32.70413],[-80.44308,32.70469],[-80.44446,32.70349],[-80.44398,32.70174],[-80.44213,32.70119],[-80.44165,32.69944],[-80.43979,32.69889],[-80.43931,32.69715],[-80.43745,32.6966],[-80.43607,32.69779],[-80.43421,32.69724],[-80.43284,32.69844],[-80.42864,32.69559],[-80.42816,32.69384],[-80.43278,32.692],[-80.4323,32.69025],[-80.43044,32.6897],[-80.42906,32.6909],[-80.42754,32.69045],[-80.42909,32.68728],[-80.42749,32.68435],[-80.42549,32.68319],[-80.42667,32.68216],[-80.42619,32.68042],[-80.42512,32.6801],[-80.42532,32.67887],[-80.42749,32.67807],[-80.42836,32.67544],[-80.4229,32.67463],[-80.42221,32.66989],[-80.42099,32.66764],[-80.419,32.66661],[-80.41865,32.66534],[-80.42003,32.66414],[-80.41955,32.6624],[-80.42417,32.66055],[-80.42603,32.6611],[-80.4265,32.66285],[-80.42836,32.6634],[-80.42884,32.66515],[-80.42746,32.66635],[-80.42794,32.66809],[-80.43303,32.668],[-80.43351,32.66974],[-80.43213,32.67094],[-80.43261,32.67269],[-80.4368,32.67554],[-80.43728,32.67728],[-80.4359,32.67848],[-80.43638,32.68023],[-80.43824,32.68078],[-80.43872,32.68252],[-80.43734,32.68372],[-80.43782,32.68547],[-80.43644,32.68666],[-80.43692,32.68841],[-80.43554,32.68961],[-80.43602,32.69135],[-80.43787,32.69191],[-80.43925,32.69071],[-80.44111,32.69126],[-80.44249,32.69006],[-80.44435,32.69061],[-80.44573,32.68942],[-80.44992,32.69227],[-80.4513,32.69107],[-80.45316,32.69162],[-80.45454,32.69042],[-80.4564,32.69097],[-80.45688,32.69272],[-80.46197,32.69262],[-80.46245,32.69437],[-80.46431,32.69492],[-80.46569,32.69372],[-80.46755,32.69428],[-80.46803,32.69602],[-80.46989,32.69657],[-80.47127,32.69538],[-80.47313,32.69593],[-80.47361,32.69767],[-80.47547,32.69822],[-80.47685,32.69703],[-80.4787,32.69758],[-80.48008,32.69638],[-80.48194,32.69693],[-80.48332,32.69573],[-80.48518,32.69628],[-80.48656,32.69509],[-80.48608,32.69334],[-80.48746,32.69214],[-80.48932,32.69269],[-80.4907,32.69149],[-80.49256,32.69204],[-80.49394,32.69085],[-80.4958,32.6914],[-80.49718,32.6902],[-80.4967,32.68845],[-80.49808,32.68725],[-80.49994,32.6878],[-80.50132,32.68661],[-80.50318,32.68716],[-80.50456,32.68596],[-80.50642,32.68651],[-80.5078,32.68531],[-80.50754,32.68337],[-80.50999,32.6844],[-80.50733,32.69274],[-80.50896,32.6943],[-80.5121,32.69505],[-80.51352,32.69742],[-80.51765,32.69991],[-80.51943,32.7032],[-80.5177,32.70269],[-80.51632,32.70389],[-80.5168,32.70563],[-80.51866,32.70618],[-80.52004,32.70499],[-80.51957,32.70328],[-80.52631,32.70341],[-80.52514,32.70489],[-80.52647,32.70689],[-80.52396,32.71195],[-80.52421,32.71333],[-80.52997,32.71464],[-80.53085,32.71942],[-80.5362,32.72019],[-80.53644,32.72107],[-80.53506,32.72227],[-80.53554,32.72402],[-80.5374,32.72456],[-80.53788,32.72631],[-80.53974,32.72686],[-80.54112,32.72566],[-80.54298,32.72621],[-80.54436,32.72502],[-80.54857,32.72786]],[[-80.45112,32.70151],[-80.45223,32.70078],[-80.45158,32.70018],[-80.45058,32.70062],[-80.45112,32.70151]],[[-80.46424,32.73824],[-80.4661,32.73879],[-80.46748,32.7376],[-80.467,32.73585],[-80.46514,32.7353],[-80.46376,32.73649],[-80.4619,32.73594],[-80.46052,32.73714],[-80.45866,32.73659],[-80.45728,32.73779],[-80.45776,32.73953],[-80.45962,32.74008],[-80.461,32.73889],[-80.46286,32.73944],[-80.46424,32.73824]],[[-80.48782,32.73078],[-80.48644,32.73197],[-80.48692,32.73372],[-80.48878,32.73427],[-80.49016,32.73307],[-80.48968,32.73133],[-80.48782,32.73078]],[[-80.51741,32.72026],[-80.51879,32.71907],[-80.51831,32.71732],[-80.51645,32.71677],[-80.51507,32.71797],[-80.51086,32.71512],[-80.50948,32.71631],[-80.50996,32.71806],[-80.51182,32.71861],[-80.5123,32.72036],[-80.51417,32.72091],[-80.51555,32.71971],[-80.51741,32.72026]],[[-80.51996,32.71853],[-80.52161,32.71878],[-80.52065,32.71962],[-80.52113,32.72136],[-80.52623,32.72127],[-80.52761,32.72007],[-80.52713,32.71832],[-80.52527,32.71777],[-80.52389,32.71897],[-80.52207,32.71843],[-80.52238,32.71745],[-80.51983,32.71775],[-80.51996,32.71853]]]}},{"type":"Feature","properties":{"sqmi":16.77},"geometry":{"type":"Polygon","coordinates":[[[-81.42887,30.21449],[-81.43022,30.21325],[-81.42973,30.21149],[-81.43109,30.21024],[-81.4306,30.20848],[-81.42875,30.20797],[-81.42826,30.20621],[-81.42962,30.20497],[-81.42913,30.20321],[-81.43048,30.20196],[-81.42999,30.2002],[-81.43134,30.19896],[-81.43085,30.1972],[-81.42901,30.19669],[-81.42852,30.19493],[-81.42987,30.19368],[-81.42938,30.19192],[-81.43074,30.19068],[-81.43025,30.18892],[-81.4284,30.1884],[-81.42791,30.18665],[-81.42927,30.1854],[-81.42878,30.18364],[-81.43013,30.18239],[-81.42964,30.18064],[-81.4278,30.18012],[-81.42731,30.17837],[-81.42866,30.17712],[-81.43051,30.17763],[-81.43186,30.17638],[-81.43371,30.1769],[-81.43506,30.17565],[-81.43457,30.17389],[-81.43272,30.17338],[-81.43223,30.17162],[-81.43359,30.17037],[-81.4331,30.16861],[-81.43445,30.16737],[-81.43396,30.16561],[-81.43532,30.16436],[-81.43716,30.16487],[-81.43852,30.16363],[-81.43803,30.16187],[-81.43618,30.16136],[-81.43569,30.1596],[-81.43704,30.15835],[-81.43655,30.15659],[-81.43471,30.15608],[-81.43422,30.15432],[-81.43004,30.15154],[-81.42955,30.14978],[-81.43091,30.14854],[-81.43042,30.14678],[-81.43177,30.14553],[-81.43361,30.14604],[-81.43497,30.14479],[-81.43681,30.14531],[-81.43817,30.14406],[-81.44001,30.14457],[-81.44136,30.14332],[-81.44087,30.14156],[-81.44223,30.14032],[-81.44407,30.14083],[-81.44543,30.13958],[-81.44494,30.13782],[-81.44309,30.13731],[-81.4426,30.13555],[-81.44396,30.1343],[-81.44813,30.13708],[-81.44862,30.13884],[-81.45047,30.13935],[-81.45182,30.13811],[-81.45367,30.13862],[-81.45502,30.13737],[-81.45687,30.13788],[-81.45822,30.13663],[-81.46006,30.13714],[-81.46142,30.13589],[-81.4656,30.13868],[-81.46695,30.13743],[-81.4688,30.13794],[-81.47015,30.13669],[-81.47433,30.13947],[-81.47569,30.13822],[-81.4752,30.13646],[-81.47655,30.13521],[-81.48073,30.13799],[-81.48209,30.13675],[-81.48393,30.13726],[-81.48442,30.13902],[-81.48307,30.14026],[-81.48356,30.14202],[-81.4822,30.14327],[-81.4827,30.14503],[-81.48134,30.14628],[-81.48183,30.14804],[-81.48048,30.14929],[-81.48097,30.15104],[-81.47962,30.15229],[-81.47777,30.15178],[-81.47642,30.15303],[-81.47691,30.15479],[-81.47875,30.1553],[-81.47924,30.15706],[-81.48109,30.15757],[-81.48244,30.15632],[-81.48195,30.15456],[-81.48331,30.15331],[-81.48282,30.15156],[-81.48417,30.15031],[-81.48922,30.15008],[-81.48971,30.15184],[-81.49155,30.15235],[-81.49204,30.15411],[-81.49069,30.15536],[-81.49118,30.15712],[-81.48983,30.15836],[-81.48798,30.15785],[-81.48663,30.1591],[-81.48712,30.16086],[-81.48576,30.16211],[-81.48625,30.16387],[-81.4849,30.16512],[-81.48539,30.16687],[-81.48724,30.16739],[-81.48859,30.16614],[-81.4881,30.16438],[-81.48945,30.16313],[-81.4945,30.1629],[-81.49499,30.16466],[-81.49364,30.16591],[-81.49413,30.16767],[-81.49278,30.16892],[-81.49327,30.17068],[-81.49191,30.17193],[-81.4924,30.17368],[-81.49105,30.17493],[-81.4892,30.17442],[-81.48785,30.17567],[-81.48834,30.17743],[-81.48698,30.17868],[-81.48194,30.1789],[-81.48058,30.18015],[-81.48107,30.18191],[-81.47972,30.18316],[-81.47787,30.18264],[-81.47738,30.18089],[-81.47874,30.17964],[-81.47825,30.17788],[-81.4764,30.17737],[-81.47505,30.17862],[-81.47554,30.18037],[-81.47418,30.18162],[-81.47467,30.18338],[-81.47332,30.18463],[-81.46914,30.18185],[-81.46778,30.1831],[-81.46827,30.18485],[-81.46692,30.1861],[-81.46507,30.18559],[-81.46372,30.18684],[-81.46421,30.1886],[-81.46839,30.19138],[-81.46888,30.19314],[-81.46753,30.19438],[-81.46568,30.19387],[-81.46433,30.19512],[-81.46248,30.19461],[-81.46113,30.19586],[-81.46162,30.19761],[-81.46346,30.19813],[-81.46482,30.19688],[-81.46666,30.19739],[-81.46802,30.19614],[-81.46986,30.19665],[-81.47122,30.19541],[-81.47306,30.19592],[-81.47356,30.19768],[-81.4722,30.19892],[-81.47035,30.19841],[-81.469,30.19966],[-81.46949,30.20142],[-81.46814,30.20267],[-81.46863,30.20442],[-81.47367,30.2042],[-81.47417,30.20596],[-81.47601,30.20647],[-81.4765,30.20823],[-81.47835,30.20874],[-81.4797,30.20749],[-81.47921,30.20573],[-81.48057,30.20449],[-81.48242,30.205],[-81.48291,30.20676],[-81.48155,30.20801],[-81.48204,30.20976],[-81.48069,30.21101],[-81.47884,30.2105],[-81.47749,30.21175],[-81.47798,30.21351],[-81.47982,30.21402],[-81.48032,30.21578],[-81.47896,30.21702],[-81.47945,30.21878],[-81.4781,30.22003],[-81.47625,30.21952],[-81.47489,30.22077],[-81.47539,30.22252],[-81.47723,30.22304],[-81.47772,30.22479],[-81.47637,30.22604],[-81.47686,30.2278],[-81.47551,30.22905],[-81.476,30.23081],[-81.47464,30.23205],[-81.47513,30.23381],[-81.47698,30.23432],[-81.47747,30.23608],[-81.47612,30.23733],[-81.47427,30.23682],[-81.47291,30.23807],[-81.4734,30.23982],[-81.47205,30.24107],[-81.4702,30.24056],[-81.46971,30.2388],[-81.46466,30.23902],[-81.46417,30.23726],[-81.46553,30.23602],[-81.46504,30.23426],[-81.46639,30.23301],[-81.46824,30.23352],[-81.46959,30.23228],[-81.4691,30.23052],[-81.46725,30.23001],[-81.46676,30.22825],[-81.46258,30.22547],[-81.46209,30.22371],[-81.45791,30.22092],[-81.45741,30.21917],[-81.45237,30.21939],[-81.45188,30.21763],[-81.45003,30.21712],[-81.44954,30.21536],[-81.44769,30.21485],[-81.44634,30.21609],[-81.44683,30.21785],[-81.44548,30.2191],[-81.44363,30.21859],[-81.44228,30.21983],[-81.44277,30.22159],[-81.44141,30.22284],[-81.43957,30.22233],[-81.43907,30.22057],[-81.44043,30.21932],[-81.43994,30.21756],[-81.44129,30.21632],[-81.4408,30.21456],[-81.43576,30.21478],[-81.43527,30.21302],[-81.43662,30.21178],[-81.43613,30.21002],[-81.43429,30.20951],[-81.43293,30.21075],[-81.43342,30.21251],[-81.43207,30.21376],[-81.43256,30.21552],[-81.4344,30.21603],[-81.43489,30.21779],[-81.43354,30.21903],[-81.43403,30.22079],[-81.43587,30.2213],[-81.43636,30.22306],[-81.43501,30.22431],[-81.43316,30.2238],[-81.43181,30.22504],[-81.42996,30.22453],[-81.42947,30.22277],[-81.43083,30.22153],[-81.43034,30.21977],[-81.43169,30.21852],[-81.4312,30.21676],[-81.42936,30.21625],[-81.42887,30.21449]],[[-81.4341,30.1478],[-81.43275,30.14905],[-81.43324,30.15081],[-81.43508,30.15132],[-81.43644,30.15007],[-81.43595,30.14831],[-81.4341,30.1478]],[[-81.43863,30.17015],[-81.43679,30.16964],[-81.43543,30.17088],[-81.43592,30.17264],[-81.43777,30.17315],[-81.43912,30.17191],[-81.43863,30.17015]],[[-81.43634,30.1489],[-81.43683,30.14887],[-81.43681,30.14857],[-81.43634,30.1489]],[[-81.44729,30.1437],[-81.44751,30.14358],[-81.44742,30.1434],[-81.44729,30.1437]],[[-81.44976,30.14256],[-81.4498,30.14212],[-81.44768,30.14389],[-81.44976,30.14256]],[[-81.4604,30.17927],[-81.46056,30.17898],[-81.46031,30.17897],[-81.4604,30.17927]],[[-81.46045,30.17865],[-81.46062,30.1788],[-81.4607,30.17857],[-81.46045,30.17865]],[[-81.46092,30.1779],[-81.46126,30.17815],[-81.46125,30.17792],[-81.46092,30.1779]],[[-81.46664,30.19227],[-81.46694,30.19217],[-81.46631,30.19186],[-81.46664,30.19227]],[[-81.47711,30.21651],[-81.47662,30.21475],[-81.47478,30.21424],[-81.47342,30.21549],[-81.47157,30.21498],[-81.47022,30.21622],[-81.47071,30.21798],[-81.47256,30.2185],[-81.47391,30.21725],[-81.47576,30.21776],[-81.47711,30.21651]]]}},{"type":"Feature","properties":{"sqmi":16.3},"geometry":{"type":"Polygon","coordinates":[[[-76.66272,35.79703],[-76.66472,35.79775],[-76.66657,35.79683],[-76.66857,35.79755],[-76.66873,35.79919],[-76.66688,35.80011],[-76.66703,35.80175],[-76.66518,35.80267],[-76.66533,35.80431],[-76.66734,35.80503],[-76.66919,35.80411],[-76.66903,35.80247],[-76.67088,35.80155],[-76.67073,35.79991],[-76.67258,35.79899],[-76.67458,35.79971],[-76.67643,35.79879],[-76.67843,35.79951],[-76.68028,35.79859],[-76.68614,35.7991],[-76.68799,35.79818],[-76.68783,35.79654],[-76.68968,35.79562],[-76.68953,35.79398],[-76.69138,35.79306],[-76.69723,35.79358],[-76.69738,35.79522],[-76.69939,35.79594],[-76.69954,35.79758],[-76.70154,35.7983],[-76.70339,35.79737],[-76.70925,35.79789],[-76.7094,35.79953],[-76.70755,35.80045],[-76.70555,35.79973],[-76.7037,35.80065],[-76.70385,35.80229],[-76.70201,35.80321],[-76.70216,35.80485],[-76.70416,35.80557],[-76.70601,35.80465],[-76.70586,35.80301],[-76.70771,35.80209],[-76.70971,35.80281],[-76.70986,35.80445],[-76.71187,35.80517],[-76.71202,35.8068],[-76.71402,35.80752],[-76.71418,35.80916],[-76.70848,35.81029],[-76.70262,35.80977],[-76.70077,35.81069],[-76.70093,35.81233],[-76.69908,35.81325],[-76.69322,35.81274],[-76.69137,35.81366],[-76.68937,35.81294],[-76.68752,35.81386],[-76.68767,35.8155],[-76.68968,35.81622],[-76.68983,35.81786],[-76.69183,35.81858],[-76.69199,35.82022],[-76.69399,35.82094],[-76.69414,35.82257],[-76.69615,35.82329],[-76.6963,35.82493],[-76.69831,35.82565],[-76.70016,35.82473],[-76.7,35.82309],[-76.70185,35.82217],[-76.70386,35.82289],[-76.70401,35.82453],[-76.70601,35.82525],[-76.70617,35.82689],[-76.70432,35.82781],[-76.70447,35.82945],[-76.70262,35.83037],[-76.70278,35.83201],[-76.70093,35.83293],[-76.70108,35.83457],[-76.69923,35.83549],[-76.69938,35.83713],[-76.70139,35.83785],[-76.70154,35.83949],[-76.70355,35.84021],[-76.7037,35.84185],[-76.70185,35.84277],[-76.69985,35.84205],[-76.69969,35.84041],[-76.69769,35.8397],[-76.69198,35.84082],[-76.68998,35.8401],[-76.68813,35.84102],[-76.68828,35.84266],[-76.68643,35.84358],[-76.68443,35.84286],[-76.68427,35.84122],[-76.68227,35.8405],[-76.68212,35.83886],[-76.68011,35.83814],[-76.67826,35.83907],[-76.67841,35.84071],[-76.67656,35.84163],[-76.6707,35.84111],[-76.66885,35.84203],[-76.66685,35.84131],[-76.6667,35.83967],[-76.66855,35.83875],[-76.66839,35.83711],[-76.66639,35.83639],[-76.66624,35.83475],[-76.66423,35.83403],[-76.66238,35.83495],[-76.65652,35.83443],[-76.65467,35.83535],[-76.64881,35.83483],[-76.64696,35.83575],[-76.64711,35.8374],[-76.64526,35.83832],[-76.64326,35.8376],[-76.64141,35.83852],[-76.64156,35.84016],[-76.63585,35.84128],[-76.63385,35.84056],[-76.6337,35.83892],[-76.62784,35.8384],[-76.62769,35.83676],[-76.62954,35.83584],[-76.62939,35.8342],[-76.62738,35.83348],[-76.62553,35.8344],[-76.62568,35.83604],[-76.62383,35.83696],[-76.62398,35.8386],[-76.62599,35.83932],[-76.62614,35.84096],[-76.62429,35.84188],[-76.61843,35.84136],[-76.61658,35.84228],[-76.61457,35.84156],[-76.61442,35.83992],[-76.61242,35.8392],[-76.61227,35.83756],[-76.61026,35.83684],[-76.60841,35.83776],[-76.60856,35.8394],[-76.60671,35.84032],[-76.60471,35.8396],[-76.60456,35.83796],[-76.60255,35.83724],[-76.6024,35.8356],[-76.6004,35.83488],[-76.60025,35.83323],[-76.59825,35.83251],[-76.5964,35.83343],[-76.59655,35.83507],[-76.59469,35.83599],[-76.59269,35.83527],[-76.59254,35.83363],[-76.59054,35.83291],[-76.59039,35.83127],[-76.58838,35.83055],[-76.58823,35.82891],[-76.58623,35.82819],[-76.58608,35.82655],[-76.58793,35.82563],[-76.58994,35.82635],[-76.59009,35.82799],[-76.59209,35.82871],[-76.59394,35.82779],[-76.59379,35.82615],[-76.59179,35.82543],[-76.59164,35.82379],[-76.59349,35.82287],[-76.59334,35.82123],[-76.59904,35.82011],[-76.59889,35.81847],[-76.60074,35.81755],[-76.60059,35.81591],[-76.60245,35.81499],[-76.60229,35.81336],[-76.60029,35.81263],[-76.60014,35.811],[-76.60199,35.81008],[-76.60184,35.80844],[-76.60369,35.80752],[-76.60354,35.80588],[-76.60925,35.80476],[-76.60909,35.80312],[-76.60709,35.8024],[-76.60694,35.80076],[-76.60879,35.79984],[-76.60864,35.7982],[-76.61049,35.79728],[-76.61034,35.79564],[-76.61219,35.79472],[-76.61204,35.79308],[-76.61389,35.79216],[-76.61374,35.79052],[-76.61559,35.7896],[-76.61759,35.79032],[-76.61774,35.79196],[-76.61974,35.79268],[-76.62159,35.79176],[-76.6236,35.79248],[-76.62545,35.79156],[-76.62745,35.79228],[-76.6293,35.79136],[-76.63515,35.79188],[-76.6353,35.79352],[-76.6373,35.79424],[-76.63745,35.79588],[-76.6356,35.7968],[-76.63576,35.79844],[-76.63776,35.79916],[-76.63961,35.79824],[-76.63946,35.7966],[-76.64131,35.79568],[-76.64115,35.79404],[-76.63915,35.79332],[-76.639,35.79168],[-76.64085,35.79076],[-76.64285,35.79148],[-76.643,35.79312],[-76.64501,35.79384],[-76.65071,35.79272],[-76.65271,35.79344],[-76.65286,35.79508],[-76.65486,35.7958],[-76.65671,35.79488],[-76.66257,35.7954],[-76.66272,35.79703]],[[-76.64605,35.82591],[-76.6479,35.82499],[-76.64775,35.82335],[-76.6496,35.82243],[-76.64945,35.82079],[-76.64359,35.82027],[-76.64174,35.82119],[-76.64189,35.82283],[-76.64004,35.82375],[-76.63804,35.82304],[-76.63788,35.8214],[-76.63588,35.82068],[-76.63018,35.8218],[-76.63033,35.82344],[-76.63233,35.82416],[-76.63418,35.82324],[-76.63619,35.82396],[-76.63634,35.8256],[-76.63449,35.82652],[-76.63464,35.82816],[-76.63664,35.82888],[-76.63679,35.83052],[-76.63494,35.83144],[-76.63509,35.83308],[-76.6371,35.8338],[-76.63895,35.83288],[-76.64481,35.83339],[-76.64666,35.83247],[-76.64651,35.83083],[-76.6445,35.83011],[-76.64435,35.82847],[-76.6462,35.82755],[-76.64605,35.82591]],[[-76.66192,35.83003],[-76.65992,35.82931],[-76.65807,35.83023],[-76.65822,35.83187],[-76.66022,35.83259],[-76.66208,35.83167],[-76.66192,35.83003]],[[-76.66409,35.81179],[-76.66224,35.81271],[-76.6624,35.81435],[-76.66825,35.81487],[-76.6701,35.81395],[-76.66995,35.81231],[-76.66409,35.81179]],[[-76.68891,35.80802],[-76.68875,35.80638],[-76.68675,35.80566],[-76.6866,35.80402],[-76.68459,35.8033],[-76.68274,35.80422],[-76.68074,35.80351],[-76.68059,35.80187],[-76.67859,35.80115],[-76.67674,35.80207],[-76.67689,35.80371],[-76.67889,35.80443],[-76.67905,35.80607],[-76.68105,35.80678],[-76.6812,35.80842],[-76.67935,35.80934],[-76.67951,35.81098],[-76.68536,35.8115],[-76.68721,35.81058],[-76.68706,35.80894],[-76.68891,35.80802]]]}},{"type":"Feature","properties":{"sqmi":16.29},"geometry":{"type":"Polygon","coordinates":[[[-75.80349,35.84378],[-75.80336,35.84214],[-75.80523,35.84123],[-75.80511,35.83959],[-75.80312,35.83886],[-75.80125,35.83976],[-75.79926,35.83903],[-75.79914,35.83739],[-75.79714,35.83665],[-75.79702,35.83501],[-75.79889,35.83411],[-75.79876,35.83246],[-75.79677,35.83173],[-75.79491,35.83264],[-75.79292,35.8319],[-75.79279,35.83026],[-75.7908,35.82953],[-75.79068,35.82789],[-75.79255,35.82698],[-75.79242,35.82534],[-75.79043,35.82461],[-75.78857,35.82551],[-75.78658,35.82478],[-75.78645,35.82314],[-75.78446,35.82241],[-75.78434,35.82077],[-75.78621,35.81986],[-75.78608,35.81822],[-75.78795,35.81731],[-75.78783,35.81567],[-75.78584,35.81494],[-75.78397,35.81584],[-75.78409,35.81748],[-75.78223,35.81839],[-75.78024,35.81766],[-75.78012,35.81602],[-75.77813,35.81528],[-75.778,35.81364],[-75.77987,35.81274],[-75.77975,35.81109],[-75.7739,35.81053],[-75.77378,35.80889],[-75.77565,35.80799],[-75.77552,35.80635],[-75.76968,35.80579],[-75.76956,35.80415],[-75.77142,35.80324],[-75.7713,35.8016],[-75.77317,35.80069],[-75.77515,35.80143],[-75.77702,35.80052],[-75.7769,35.79888],[-75.77876,35.79797],[-75.78075,35.79871],[-75.78262,35.7978],[-75.78846,35.79836],[-75.79033,35.79745],[-75.79231,35.79819],[-75.79418,35.79728],[-75.80002,35.79784],[-75.80189,35.79693],[-75.80388,35.79767],[-75.804,35.79931],[-75.80599,35.80004],[-75.80611,35.80168],[-75.8081,35.80241],[-75.80823,35.80405],[-75.81022,35.80479],[-75.81034,35.80643],[-75.81233,35.80716],[-75.81245,35.8088],[-75.81444,35.80953],[-75.81631,35.80863],[-75.81618,35.80698],[-75.8142,35.80625],[-75.81407,35.80461],[-75.81208,35.80388],[-75.81196,35.80224],[-75.80997,35.80151],[-75.80984,35.79986],[-75.80786,35.79913],[-75.80773,35.79749],[-75.8096,35.79658],[-75.81159,35.79732],[-75.81171,35.79896],[-75.8137,35.79969],[-75.81382,35.80133],[-75.81581,35.80206],[-75.81768,35.80116],[-75.81755,35.79952],[-75.81556,35.79878],[-75.81544,35.79714],[-75.8173,35.79624],[-75.81929,35.79697],[-75.82116,35.79606],[-75.82103,35.79442],[-75.8229,35.79352],[-75.82489,35.79425],[-75.82675,35.79334],[-75.82874,35.79407],[-75.83061,35.79317],[-75.8326,35.7939],[-75.83446,35.79299],[-75.83645,35.79372],[-75.83831,35.79282],[-75.84416,35.79337],[-75.84602,35.79247],[-75.84801,35.7932],[-75.84988,35.79229],[-75.85187,35.79302],[-75.85373,35.79212],[-75.85572,35.79285],[-75.85758,35.79194],[-75.85957,35.79267],[-75.86144,35.79177],[-75.86728,35.79232],[-75.86914,35.79141],[-75.87113,35.79215],[-75.87126,35.79379],[-75.87325,35.79452],[-75.87511,35.79361],[-75.88105,35.79544],[-75.87922,35.79671],[-75.87723,35.79598],[-75.87537,35.79689],[-75.87549,35.79853],[-75.87748,35.79926],[-75.87761,35.8009],[-75.87574,35.80181],[-75.87587,35.80345],[-75.87786,35.80418],[-75.87799,35.80582],[-75.88383,35.80638],[-75.88396,35.80802],[-75.88595,35.80875],[-75.88608,35.81039],[-75.88807,35.81112],[-75.88819,35.81276],[-75.89404,35.81332],[-75.89417,35.81496],[-75.89616,35.81569],[-75.89628,35.81733],[-75.90213,35.81789],[-75.90226,35.81953],[-75.90039,35.82044],[-75.90052,35.82208],[-75.90251,35.82281],[-75.90264,35.82445],[-75.90078,35.82536],[-75.9009,35.827],[-75.90675,35.82755],[-75.90688,35.82919],[-75.90887,35.82993],[-75.909,35.83157],[-75.91485,35.83212],[-75.91497,35.83376],[-75.91697,35.83449],[-75.91709,35.83613],[-75.91523,35.83704],[-75.91536,35.83869],[-75.91349,35.83959],[-75.91362,35.84124],[-75.91073,35.84177],[-75.91162,35.83972],[-75.91084,35.8374],[-75.91294,35.83562],[-75.9126,35.83477],[-75.91036,35.83719],[-75.91055,35.84138],[-75.9079,35.84232],[-75.9059,35.84159],[-75.90578,35.83995],[-75.90378,35.83922],[-75.90366,35.83758],[-75.90167,35.83684],[-75.90154,35.8352],[-75.89955,35.83447],[-75.89942,35.83283],[-75.89743,35.8321],[-75.8973,35.83046],[-75.89531,35.82972],[-75.89518,35.82808],[-75.88933,35.82753],[-75.88921,35.82589],[-75.88722,35.82516],[-75.88535,35.82606],[-75.88336,35.82533],[-75.88323,35.82369],[-75.88124,35.82296],[-75.87552,35.82404],[-75.87353,35.82331],[-75.8734,35.82167],[-75.87141,35.82094],[-75.86955,35.82185],[-75.86967,35.82349],[-75.87166,35.82422],[-75.87179,35.82586],[-75.86993,35.82677],[-75.86408,35.82621],[-75.86221,35.82712],[-75.86234,35.82876],[-75.86433,35.82949],[-75.86446,35.83113],[-75.86645,35.83187],[-75.86657,35.83351],[-75.86856,35.83424],[-75.86869,35.83588],[-75.86682,35.83679],[-75.86695,35.83843],[-75.86508,35.83934],[-75.86309,35.83861],[-75.86297,35.83697],[-75.86098,35.83623],[-75.86085,35.83459],[-75.85886,35.83386],[-75.85873,35.83222],[-75.8606,35.83131],[-75.86047,35.82967],[-75.85848,35.82894],[-75.85662,35.82985],[-75.85674,35.83149],[-75.85488,35.83239],[-75.85289,35.83166],[-75.85276,35.83002],[-75.85077,35.82929],[-75.84505,35.83037],[-75.8392,35.82981],[-75.83907,35.82817],[-75.83708,35.82744],[-75.83696,35.8258],[-75.83497,35.82507],[-75.83484,35.82343],[-75.83285,35.82269],[-75.83099,35.8236],[-75.829,35.82287],[-75.82887,35.82123],[-75.82688,35.82049],[-75.82676,35.81885],[-75.82862,35.81794],[-75.8285,35.8163],[-75.82651,35.81557],[-75.82464,35.81648],[-75.82265,35.81575],[-75.82253,35.81411],[-75.82054,35.81337],[-75.81867,35.81428],[-75.8188,35.81592],[-75.81693,35.81683],[-75.81705,35.81847],[-75.81133,35.81955],[-75.81146,35.82119],[-75.80959,35.8221],[-75.80971,35.82374],[-75.80785,35.82465],[-75.80797,35.82629],[-75.80996,35.82702],[-75.81009,35.82866],[-75.81208,35.82939],[-75.81394,35.82849],[-75.81593,35.82922],[-75.81606,35.83086],[-75.82191,35.83142],[-75.82203,35.83306],[-75.82402,35.83379],[-75.82415,35.83544],[-75.82614,35.83617],[-75.82626,35.83781],[-75.82825,35.83854],[-75.82838,35.84018],[-75.83037,35.84092],[-75.83049,35.84256],[-75.82863,35.84347],[-75.82663,35.84273],[-75.82477,35.84364],[-75.82489,35.84528],[-75.82688,35.84602],[-75.82875,35.84511],[-75.83074,35.84584],[-75.83087,35.84748],[-75.829,35.84839],[-75.82912,35.85003],[-75.83112,35.85077],[-75.83298,35.84986],[-75.83286,35.84822],[-75.83472,35.84731],[-75.83672,35.84804],[-75.83684,35.84968],[-75.83497,35.85059],[-75.8351,35.85223],[-75.83323,35.85314],[-75.83336,35.85478],[-75.83149,35.85569],[-75.82564,35.85513],[-75.82377,35.85604],[-75.8239,35.85768],[-75.82203,35.85859],[-75.82216,35.86023],[-75.82029,35.86114],[-75.8183,35.86041],[-75.81643,35.86131],[-75.81655,35.86296],[-75.81469,35.86386],[-75.80883,35.8633],[-75.80697,35.86421],[-75.80709,35.86585],[-75.80522,35.86676],[-75.80323,35.86603],[-75.80136,35.86694],[-75.79937,35.8662],[-75.79925,35.86456],[-75.80112,35.86365],[-75.80099,35.86201],[-75.799,35.86128],[-75.79888,35.85963],[-75.8046,35.85855],[-75.80448,35.85691],[-75.80635,35.856],[-75.80622,35.85436],[-75.81195,35.85328],[-75.81182,35.85164],[-75.80983,35.8509],[-75.80971,35.84926],[-75.81543,35.84818],[-75.81531,35.84654],[-75.81332,35.84581],[-75.81319,35.84416],[-75.81892,35.84308],[-75.81879,35.84144],[-75.82066,35.84053],[-75.82054,35.83889],[-75.81855,35.83816],[-75.81668,35.83907],[-75.8168,35.84071],[-75.81494,35.84162],[-75.81295,35.84088],[-75.81108,35.84179],[-75.8112,35.84343],[-75.80548,35.84451],[-75.80349,35.84378]],[[-75.80654,35.82925],[-75.80725,35.82885],[-75.80716,35.82877],[-75.80654,35.82925]],[[-75.84889,35.80468],[-75.84876,35.80304],[-75.84677,35.80231],[-75.84491,35.80321],[-75.84503,35.80485],[-75.84702,35.80559],[-75.84715,35.80723],[-75.84914,35.80796],[-75.851,35.80705],[-75.85088,35.80541],[-75.84889,35.80468]],[[-75.87053,35.80945],[-75.87239,35.80855],[-75.87227,35.80691],[-75.87028,35.80617],[-75.86841,35.80708],[-75.86854,35.80872],[-75.86667,35.80963],[-75.86468,35.8089],[-75.86282,35.80981],[-75.86295,35.81145],[-75.86494,35.81218],[-75.87066,35.8111],[-75.87053,35.80945]],[[-75.86743,35.81947],[-75.86929,35.81857],[-75.86917,35.81692],[-75.87103,35.81602],[-75.87091,35.81438],[-75.86892,35.81364],[-75.86705,35.81455],[-75.86718,35.81619],[-75.86531,35.8171],[-75.86544,35.81874],[-75.86743,35.81947]]]}},{"type":"Feature","properties":{"sqmi":15.9},"geometry":{"type":"Polygon","coordinates":[[[-77.09443,35.32557],[-77.0926,35.32649],[-77.09061,35.32579],[-77.09045,35.32416],[-77.08846,35.32345],[-77.08829,35.32183],[-77.0863,35.32112],[-77.08614,35.31949],[-77.08415,35.31879],[-77.08398,35.31716],[-77.082,35.31646],[-77.08017,35.31737],[-77.08034,35.319],[-77.08233,35.31971],[-77.08249,35.32133],[-77.08067,35.32225],[-77.08083,35.32388],[-77.07901,35.3248],[-77.07917,35.32643],[-77.07735,35.32734],[-77.07752,35.32897],[-77.07188,35.3301],[-77.07204,35.33173],[-77.07022,35.33265],[-77.06442,35.33215],[-77.06425,35.33053],[-77.06608,35.32961],[-77.06591,35.32798],[-77.06011,35.32749],[-77.05828,35.32841],[-77.0563,35.3277],[-77.05613,35.32607],[-77.05033,35.32558],[-77.05017,35.32395],[-77.04818,35.32325],[-77.04801,35.32162],[-77.04602,35.32091],[-77.04586,35.31929],[-77.04387,35.31858],[-77.04371,35.31695],[-77.04172,35.31625],[-77.04156,35.31462],[-77.03957,35.31391],[-77.0394,35.31229],[-77.03742,35.31158],[-77.03725,35.30995],[-77.03526,35.30925],[-77.0351,35.30762],[-77.03311,35.30691],[-77.03295,35.30529],[-77.03096,35.30458],[-77.0308,35.30295],[-77.025,35.30246],[-77.02484,35.30083],[-77.02285,35.30012],[-77.02269,35.2985],[-77.0207,35.29779],[-77.02054,35.29617],[-77.01855,35.29546],[-77.01839,35.29383],[-77.02021,35.29291],[-77.0222,35.29362],[-77.02402,35.2927],[-77.02386,35.29108],[-77.02568,35.29016],[-77.02552,35.28853],[-77.02353,35.28783],[-77.02337,35.2862],[-77.02519,35.28528],[-77.03099,35.28578],[-77.03281,35.28486],[-77.03265,35.28324],[-77.03066,35.28253],[-77.0305,35.2809],[-77.03232,35.27999],[-77.03431,35.28069],[-77.03613,35.27977],[-77.03597,35.27815],[-77.03017,35.27765],[-77.02835,35.27857],[-77.02851,35.2802],[-77.02669,35.28112],[-77.02089,35.28062],[-77.01907,35.28154],[-77.01923,35.28316],[-77.02122,35.28387],[-77.02138,35.28549],[-77.01956,35.28641],[-77.01972,35.28804],[-77.02171,35.28875],[-77.02187,35.29037],[-77.02005,35.29129],[-77.01806,35.29058],[-77.0179,35.28896],[-77.01591,35.28825],[-77.01575,35.28662],[-77.01757,35.28571],[-77.01741,35.28408],[-77.01542,35.28337],[-77.0136,35.28429],[-77.01376,35.28592],[-77.01194,35.28683],[-77.00995,35.28613],[-77.00979,35.2845],[-77.01161,35.28358],[-77.01145,35.28196],[-77.00946,35.28125],[-77.0093,35.27963],[-77.00731,35.27892],[-77.00715,35.27729],[-77.00516,35.27659],[-77.005,35.27496],[-77.00682,35.27404],[-77.00666,35.27242],[-77.00468,35.27171],[-77.00451,35.27009],[-77.00253,35.26938],[-77.00237,35.26775],[-77.00419,35.26684],[-77.00403,35.26521],[-77.00204,35.2645],[-77.00188,35.26288],[-76.99989,35.26217],[-76.99973,35.26055],[-77.00155,35.25963],[-77.00139,35.25801],[-76.99941,35.2573],[-76.99924,35.25567],[-77.00107,35.25476],[-77.0009,35.25313],[-76.99892,35.25243],[-76.99876,35.2508],[-77.00058,35.24988],[-77.00042,35.24826],[-76.99843,35.24755],[-76.99827,35.24593],[-77.00009,35.24501],[-76.99993,35.24339],[-77.00175,35.24247],[-77.00754,35.24297],[-77.00937,35.24205],[-77.0092,35.24042],[-77.01102,35.23951],[-77.01301,35.24021],[-77.01483,35.2393],[-77.01467,35.23767],[-77.01649,35.23676],[-77.01633,35.23513],[-77.01815,35.23421],[-77.02013,35.23492],[-77.02195,35.234],[-77.02179,35.23238],[-77.02361,35.23146],[-77.0256,35.23217],[-77.02576,35.23379],[-77.02775,35.2345],[-77.02791,35.23612],[-77.02609,35.23704],[-77.02625,35.23866],[-77.02824,35.23937],[-77.03006,35.23845],[-77.03204,35.23916],[-77.03386,35.23824],[-77.03965,35.23874],[-77.04148,35.23782],[-77.04131,35.2362],[-77.03933,35.23549],[-77.03916,35.23387],[-77.03718,35.23316],[-77.03536,35.23408],[-77.03552,35.2357],[-77.0337,35.23662],[-77.03171,35.23591],[-77.03155,35.23429],[-77.03337,35.23337],[-77.03321,35.23175],[-77.03884,35.23062],[-77.04082,35.23132],[-77.04098,35.23295],[-77.04297,35.23365],[-77.04479,35.23274],[-77.04463,35.23111],[-77.04645,35.23019],[-77.04843,35.2309],[-77.0486,35.23252],[-77.05058,35.23323],[-77.0524,35.23231],[-77.05224,35.23069],[-77.05025,35.22998],[-77.05009,35.22836],[-77.05191,35.22744],[-77.0577,35.22794],[-77.05786,35.22956],[-77.05604,35.23048],[-77.05621,35.2321],[-77.05819,35.23281],[-77.05836,35.23443],[-77.06034,35.23514],[-77.06051,35.23676],[-77.05488,35.23789],[-77.05504,35.23951],[-77.05322,35.24043],[-77.05124,35.23973],[-77.04942,35.24064],[-77.04958,35.24227],[-77.04776,35.24319],[-77.04792,35.24481],[-77.0461,35.24573],[-77.04626,35.24735],[-77.05206,35.24785],[-77.05388,35.24693],[-77.05371,35.24531],[-77.05554,35.24439],[-77.06133,35.24488],[-77.06315,35.24396],[-77.06298,35.24234],[-77.06481,35.24142],[-77.06679,35.24213],[-77.06696,35.24375],[-77.06513,35.24467],[-77.0653,35.24629],[-77.06348,35.24721],[-77.06364,35.24884],[-77.06182,35.24975],[-77.05984,35.24905],[-77.05967,35.24742],[-77.05769,35.24672],[-77.05586,35.24764],[-77.05603,35.24926],[-77.05421,35.25018],[-77.05437,35.2518],[-77.05255,35.25272],[-77.05271,35.25434],[-77.04708,35.25547],[-77.04725,35.2571],[-77.04543,35.25802],[-77.04344,35.25731],[-77.04328,35.25569],[-77.04129,35.25498],[-77.03947,35.2559],[-77.03963,35.25752],[-77.03781,35.25844],[-77.03797,35.26006],[-77.03996,35.26077],[-77.04178,35.25985],[-77.04758,35.26035],[-77.04774,35.26197],[-77.04973,35.26268],[-77.04989,35.2643],[-77.04807,35.26522],[-77.04823,35.26685],[-77.05022,35.26755],[-77.05204,35.26664],[-77.05783,35.26713],[-77.058,35.26875],[-77.05999,35.26946],[-77.06015,35.27109],[-77.05452,35.27222],[-77.05253,35.27151],[-77.05237,35.26988],[-77.05038,35.26918],[-77.04856,35.2701],[-77.04872,35.27172],[-77.0469,35.27264],[-77.04491,35.27193],[-77.04475,35.27031],[-77.04276,35.2696],[-77.0426,35.26798],[-77.04442,35.26706],[-77.04426,35.26543],[-77.04227,35.26473],[-77.04211,35.2631],[-77.04012,35.2624],[-77.0383,35.26331],[-77.03847,35.26494],[-77.03664,35.26586],[-77.03681,35.26748],[-77.03118,35.26861],[-77.03134,35.27024],[-77.03332,35.27094],[-77.03349,35.27257],[-77.03167,35.27349],[-77.03183,35.27511],[-77.03762,35.27561],[-77.04326,35.27448],[-77.04524,35.27518],[-77.04541,35.27681],[-77.04739,35.27751],[-77.04922,35.2766],[-77.0512,35.2773],[-77.05303,35.27638],[-77.05882,35.27688],[-77.05899,35.2785],[-77.06097,35.27921],[-77.06114,35.28084],[-77.0555,35.28197],[-77.05567,35.28359],[-77.05385,35.28451],[-77.05401,35.28614],[-77.056,35.28684],[-77.05616,35.28847],[-77.06196,35.28896],[-77.06212,35.29059],[-77.06411,35.29129],[-77.06593,35.29038],[-77.06577,35.28875],[-77.06378,35.28804],[-77.06362,35.28642],[-77.06544,35.2855],[-77.06528,35.28387],[-77.0671,35.28296],[-77.06909,35.28366],[-77.06925,35.28529],[-77.07124,35.28599],[-77.0714,35.28762],[-77.07339,35.28832],[-77.07355,35.28995],[-77.07173,35.29087],[-77.0719,35.29249],[-77.07388,35.2932],[-77.07405,35.29483],[-77.07604,35.29553],[-77.0762,35.29716],[-77.07438,35.29808],[-77.07454,35.2997],[-77.07653,35.30041],[-77.0767,35.30204],[-77.07869,35.30274],[-77.08051,35.30182],[-77.08034,35.3002],[-77.08217,35.29928],[-77.08415,35.29998],[-77.08432,35.30161],[-77.0825,35.30253],[-77.08266,35.30415],[-77.08084,35.30507],[-77.081,35.3067],[-77.07918,35.30762],[-77.07935,35.30924],[-77.07752,35.31016],[-77.07769,35.31179],[-77.07968,35.3125],[-77.08531,35.31136],[-77.08515,35.30974],[-77.08697,35.30882],[-77.0868,35.30719],[-77.08482,35.30649],[-77.08465,35.30486],[-77.08647,35.30394],[-77.08631,35.30232],[-77.08813,35.3014],[-77.09012,35.3021],[-77.09028,35.30373],[-77.08846,35.30465],[-77.08863,35.30627],[-77.09061,35.30698],[-77.09078,35.30861],[-77.08896,35.30953],[-77.08912,35.31115],[-77.09111,35.31186],[-77.09128,35.31348],[-77.08945,35.3144],[-77.08962,35.31603],[-77.09161,35.31674],[-77.09177,35.31836],[-77.09376,35.31907],[-77.09393,35.32069],[-77.09211,35.32161],[-77.09227,35.32324],[-77.09426,35.32395],[-77.09443,35.32557]],[[-77.01164,35.26479],[-77.00966,35.26408],[-77.00783,35.265],[-77.008,35.26663],[-77.00998,35.26733],[-77.01181,35.26642],[-77.01164,35.26479]],[[-77.01975,35.26924],[-77.01991,35.27087],[-77.0219,35.27158],[-77.02372,35.27066],[-77.02356,35.26903],[-77.02157,35.26833],[-77.01975,35.26924]],[[-77.02405,35.27391],[-77.02206,35.2732],[-77.02024,35.27412],[-77.0204,35.27574],[-77.02239,35.27645],[-77.02421,35.27553],[-77.02405,35.27391]],[[-77.03468,35.24636],[-77.0327,35.24566],[-77.03087,35.24657],[-77.03104,35.2482],[-77.03302,35.2489],[-77.03484,35.24799],[-77.03468,35.24636]],[[-77.04258,35.28677],[-77.04242,35.28515],[-77.03662,35.28465],[-77.0348,35.28557],[-77.03496,35.28719],[-77.03695,35.2879],[-77.03711,35.28953],[-77.03529,35.29044],[-77.03545,35.29207],[-77.03363,35.29299],[-77.03379,35.29461],[-77.03578,35.29532],[-77.0376,35.2944],[-77.03744,35.29278],[-77.04307,35.29165],[-77.04291,35.29002],[-77.04092,35.28931],[-77.04076,35.28769],[-77.04258,35.28677]],[[-77.04389,35.29977],[-77.04406,35.3014],[-77.04604,35.30211],[-77.05168,35.30098],[-77.05151,35.29935],[-77.04572,35.29886],[-77.04389,35.29977]],[[-77.04805,35.28402],[-77.05004,35.28472],[-77.05186,35.2838],[-77.0517,35.28218],[-77.04971,35.28147],[-77.04789,35.28239],[-77.04805,35.28402]],[[-77.06078,35.31519],[-77.06062,35.31356],[-77.05863,35.31285],[-77.0568,35.31377],[-77.05482,35.31306],[-77.05465,35.31144],[-77.05266,35.31073],[-77.05084,35.31165],[-77.051,35.31328],[-77.04918,35.3142],[-77.04934,35.31582],[-77.05133,35.31653],[-77.05316,35.31561],[-77.05896,35.3161],[-77.06078,35.31519]],[[-77.06558,35.32473],[-77.06757,35.32544],[-77.07321,35.3243],[-77.07304,35.32268],[-77.07105,35.32197],[-77.07089,35.32035],[-77.07271,35.31943],[-77.07255,35.3178],[-77.07056,35.31709],[-77.06873,35.31801],[-77.06675,35.31731],[-77.06658,35.31568],[-77.06459,35.31497],[-77.06277,35.31589],[-77.06293,35.31752],[-77.06111,35.31844],[-77.06127,35.32006],[-77.06326,35.32077],[-77.06343,35.3224],[-77.06542,35.3231],[-77.06558,35.32473]]]}},{"type":"Feature","properties":{"sqmi":15.44},"geometry":{"type":"Polygon","coordinates":[[[-81.75658,28.20766],[-81.75707,28.20942],[-81.75574,28.2107],[-81.75623,28.21245],[-81.7549,28.21373],[-81.75539,28.21549],[-81.75405,28.21676],[-81.75454,28.21852],[-81.75636,28.21901],[-81.75685,28.22077],[-81.75552,28.22204],[-81.75601,28.2238],[-81.76098,28.2235],[-81.76147,28.22525],[-81.76014,28.22653],[-81.75832,28.22604],[-81.75699,28.22732],[-81.75748,28.22908],[-81.76161,28.23181],[-81.7621,28.23357],[-81.76076,28.23484],[-81.76125,28.2366],[-81.75992,28.23787],[-81.76041,28.23963],[-81.76223,28.24012],[-81.76356,28.23884],[-81.76539,28.23933],[-81.76672,28.23806],[-81.76854,28.23854],[-81.76903,28.2403],[-81.7677,28.24157],[-81.76587,28.24109],[-81.76454,28.24236],[-81.76503,28.24412],[-81.76685,28.24461],[-81.76734,28.24637],[-81.76916,28.24685],[-81.7705,28.24558],[-81.77232,28.24606],[-81.77365,28.24479],[-81.77548,28.24527],[-81.77681,28.244],[-81.77863,28.24449],[-81.77996,28.24321],[-81.77947,28.24145],[-81.78081,28.24018],[-81.78263,28.24066],[-81.78312,28.24242],[-81.78179,28.2437],[-81.78228,28.24546],[-81.78094,28.24673],[-81.77596,28.24703],[-81.77463,28.24831],[-81.77512,28.25007],[-81.77379,28.25134],[-81.77197,28.25086],[-81.77063,28.25213],[-81.76881,28.25165],[-81.76748,28.25292],[-81.76565,28.25243],[-81.76432,28.25371],[-81.7625,28.25322],[-81.76117,28.2545],[-81.75934,28.25401],[-81.75801,28.25528],[-81.7585,28.25704],[-81.75717,28.25832],[-81.75534,28.25783],[-81.75401,28.25911],[-81.75219,28.25862],[-81.75086,28.25989],[-81.74903,28.25941],[-81.7477,28.26068],[-81.74588,28.2602],[-81.74455,28.26147],[-81.74272,28.26098],[-81.74139,28.26226],[-81.74188,28.26402],[-81.74055,28.26529],[-81.73873,28.2648],[-81.73739,28.26608],[-81.73557,28.26559],[-81.73424,28.26686],[-81.73242,28.26638],[-81.73108,28.26765],[-81.73157,28.26941],[-81.73024,28.27068],[-81.72842,28.2702],[-81.72711,28.27145],[-81.72526,28.27099],[-81.72393,28.27226],[-81.72211,28.27177],[-81.72077,28.27304],[-81.72126,28.2748],[-81.71993,28.27608],[-81.71811,28.27559],[-81.71678,28.27686],[-81.71726,28.27862],[-81.71593,28.2799],[-81.71095,28.2802],[-81.70962,28.28147],[-81.71011,28.28323],[-81.70878,28.2845],[-81.70696,28.28401],[-81.70562,28.28529],[-81.70611,28.28704],[-81.70478,28.28832],[-81.70065,28.28559],[-81.69931,28.28686],[-81.69749,28.28637],[-81.69616,28.28764],[-81.69434,28.28716],[-81.69301,28.28843],[-81.69119,28.28794],[-81.68985,28.28922],[-81.68803,28.28873],[-81.6867,28.29],[-81.68488,28.28951],[-81.68439,28.28776],[-81.68572,28.28648],[-81.68524,28.28472],[-81.68657,28.28345],[-81.68608,28.28169],[-81.68741,28.28042],[-81.68693,28.27866],[-81.68826,28.27739],[-81.68777,28.27563],[-81.6828,28.27593],[-81.68231,28.27417],[-81.68364,28.2729],[-81.68546,28.27339],[-81.6868,28.27211],[-81.68862,28.2726],[-81.68995,28.27133],[-81.69177,28.27181],[-81.6931,28.27054],[-81.69262,28.26878],[-81.69395,28.26751],[-81.69346,28.26575],[-81.69479,28.26448],[-81.69977,28.26418],[-81.70089,28.26803],[-81.70226,28.26832],[-81.70635,28.26359],[-81.70838,28.26485],[-81.70972,28.26358],[-81.71154,28.26406],[-81.71287,28.26279],[-81.71238,28.26103],[-81.71056,28.26055],[-81.71007,28.25879],[-81.71141,28.25751],[-81.71092,28.25576],[-81.7091,28.25527],[-81.70777,28.25654],[-81.70594,28.25606],[-81.70461,28.25733],[-81.70048,28.2546],[-81.7,28.25284],[-81.70133,28.25157],[-81.70084,28.24981],[-81.69902,28.24932],[-81.69853,28.24756],[-81.69986,28.24629],[-81.69938,28.24453],[-81.69756,28.24405],[-81.69707,28.24229],[-81.69294,28.23956],[-81.69245,28.2378],[-81.69379,28.23652],[-81.6933,28.23477],[-81.69463,28.23349],[-81.6996,28.23319],[-81.70009,28.23495],[-81.70191,28.23544],[-81.70324,28.23416],[-81.70506,28.23465],[-81.70555,28.23641],[-81.70422,28.23768],[-81.70471,28.23944],[-81.70653,28.23993],[-81.70702,28.24168],[-81.70568,28.24296],[-81.70617,28.24472],[-81.70799,28.2452],[-81.70932,28.24393],[-81.70884,28.24217],[-81.71017,28.2409],[-81.70968,28.23914],[-81.71101,28.23787],[-81.71053,28.23611],[-81.70871,28.23562],[-81.70822,28.23386],[-81.70409,28.23113],[-81.7036,28.22937],[-81.70493,28.2281],[-81.70445,28.22634],[-81.70263,28.22585],[-81.70214,28.2241],[-81.70347,28.22282],[-81.70298,28.22106],[-81.70116,28.22058],[-81.70068,28.21882],[-81.70183,28.21676],[-81.70152,28.21579],[-81.6997,28.2153],[-81.69921,28.21354],[-81.70055,28.21227],[-81.70236,28.21276],[-81.70285,28.21451],[-81.70467,28.215],[-81.70516,28.21676],[-81.70698,28.21724],[-81.70831,28.21597],[-81.71013,28.21646],[-81.71146,28.21518],[-81.71559,28.21791],[-81.71693,28.21664],[-81.71875,28.21713],[-81.72008,28.21585],[-81.71959,28.21409],[-81.72092,28.21282],[-81.72505,28.21555],[-81.72638,28.21428],[-81.7259,28.21252],[-81.72723,28.21124],[-81.72905,28.21173],[-81.72954,28.21349],[-81.7282,28.21476],[-81.72869,28.21652],[-81.73051,28.21701],[-81.73185,28.21573],[-81.73136,28.21397],[-81.73269,28.2127],[-81.73451,28.21318],[-81.73584,28.21191],[-81.73535,28.21015],[-81.73669,28.20888],[-81.73851,28.20936],[-81.73984,28.20809],[-81.74166,28.20857],[-81.74299,28.2073],[-81.74481,28.20778],[-81.74615,28.20651],[-81.74566,28.20475],[-81.74699,28.20348],[-81.74881,28.20396],[-81.7493,28.20572],[-81.74797,28.207],[-81.74846,28.20876],[-81.74712,28.21003],[-81.74761,28.21179],[-81.75259,28.21148],[-81.75392,28.21021],[-81.75343,28.20845],[-81.75161,28.20797],[-81.75112,28.20621],[-81.75245,28.20493],[-81.75658,28.20766]],[[-81.68849,28.27487],[-81.6893,28.27492],[-81.68921,28.27467],[-81.68849,28.27487]],[[-81.70169,28.21483],[-81.70178,28.21461],[-81.70166,28.21461],[-81.70169,28.21483]],[[-81.70315,28.25205],[-81.70364,28.25381],[-81.70861,28.25351],[-81.70994,28.25224],[-81.70945,28.25048],[-81.70448,28.25078],[-81.70315,28.25205]],[[-81.71054,28.25341],[-81.71004,28.25265],[-81.70964,28.25317],[-81.71001,28.25416],[-81.71054,28.25341]],[[-81.7118,28.25276],[-81.71186,28.25246],[-81.71114,28.2523],[-81.7118,28.25276]],[[-81.71132,28.21693],[-81.71135,28.21677],[-81.71115,28.21676],[-81.71132,28.21693]],[[-81.71172,28.2167],[-81.71188,28.21663],[-81.71173,28.21649],[-81.71172,28.2167]],[[-81.71508,28.22867],[-81.71458,28.22846],[-81.71454,28.2286],[-81.71508,28.22867]],[[-81.71511,28.2236],[-81.71513,28.22343],[-81.71475,28.22342],[-81.71511,28.2236]],[[-81.71595,28.225],[-81.71602,28.22486],[-81.71554,28.22464],[-81.71595,28.225]],[[-81.71739,28.24368],[-81.71614,28.24107],[-81.71652,28.24995],[-81.71739,28.24368]],[[-81.72011,28.2585],[-81.72043,28.25776],[-81.71879,28.25698],[-81.71832,28.25764],[-81.72011,28.2585]],[[-81.71954,28.22168],[-81.72057,28.22158],[-81.72026,28.22124],[-81.71954,28.22168]],[[-81.72205,28.25445],[-81.72173,28.25144],[-81.72066,28.25182],[-81.72205,28.25445]],[[-81.72433,28.23813],[-81.7239,28.23794],[-81.72396,28.23857],[-81.72433,28.23813]],[[-81.7243,28.22065],[-81.72427,28.22073],[-81.72524,28.22074],[-81.7243,28.22065]],[[-81.72531,28.24608],[-81.72545,28.24556],[-81.72495,28.24553],[-81.72531,28.24608]],[[-81.72603,28.25667],[-81.72595,28.25603],[-81.72522,28.25627],[-81.72532,28.25708],[-81.72603,28.25667]],[[-81.72651,28.25368],[-81.72672,28.25422],[-81.72694,28.25335],[-81.72651,28.25368]],[[-81.72983,28.25811],[-81.72943,28.25688],[-81.72929,28.25699],[-81.72983,28.25811]],[[-81.73086,28.23953],[-81.73013,28.23944],[-81.73021,28.24041],[-81.73086,28.23953]],[[-81.73127,28.22592],[-81.73097,28.22505],[-81.73064,28.22539],[-81.73127,28.22592]],[[-81.73237,28.25393],[-81.73245,28.2538],[-81.73207,28.25386],[-81.73237,28.25393]],[[-81.73291,28.25377],[-81.7332,28.25363],[-81.73291,28.25356],[-81.73291,28.25377]],[[-81.73419,28.25326],[-81.73427,28.25305],[-81.73401,28.25309],[-81.73419,28.25326]],[[-81.7343,28.25769],[-81.73507,28.25715],[-81.73472,28.25715],[-81.7343,28.25769]],[[-81.7349,28.25254],[-81.73498,28.25243],[-81.73471,28.25238],[-81.7349,28.25254]],[[-81.73806,28.23974],[-81.73741,28.23976],[-81.73743,28.24045],[-81.73806,28.23974]],[[-81.74313,28.21385],[-81.74361,28.21561],[-81.74544,28.2161],[-81.74677,28.21482],[-81.74628,28.21306],[-81.74446,28.21258],[-81.74313,28.21385]],[[-81.74963,28.21349],[-81.74884,28.21324],[-81.74843,28.2139],[-81.74963,28.21349]],[[-81.74998,28.21524],[-81.74953,28.21473],[-81.74901,28.21504],[-81.74998,28.21524]],[[-81.75117,28.2175],[-81.75117,28.21744],[-81.75067,28.21742],[-81.75117,28.2175]],[[-81.7553,28.23338],[-81.75663,28.23211],[-81.75614,28.23035],[-81.75432,28.22987],[-81.75299,28.23114],[-81.75348,28.2329],[-81.7553,28.23338]],[[-81.75537,28.21894],[-81.75456,28.2189],[-81.75469,28.21989],[-81.75524,28.22017],[-81.75537,28.21894]]]}},{"type":"Feature","properties":{"sqmi":14.33},"geometry":{"type":"Polygon","coordinates":[[[-77.72598,34.41973],[-77.72776,34.41881],[-77.73186,34.42179],[-77.73205,34.42339],[-77.73401,34.42407],[-77.73579,34.42316],[-77.7356,34.42156],[-77.73738,34.42064],[-77.7372,34.41904],[-77.73897,34.41813],[-77.73879,34.41652],[-77.74057,34.41561],[-77.74253,34.41629],[-77.74271,34.4179],[-77.74094,34.41881],[-77.74112,34.42041],[-77.74308,34.4211],[-77.74486,34.42018],[-77.74682,34.42087],[-77.7486,34.41995],[-77.75056,34.42064],[-77.75234,34.41972],[-77.75804,34.42018],[-77.75982,34.41926],[-77.75963,34.41766],[-77.76515,34.41651],[-77.76926,34.41948],[-77.76944,34.42109],[-77.76767,34.422],[-77.76785,34.4236],[-77.76607,34.42452],[-77.76626,34.42612],[-77.76074,34.42727],[-77.76092,34.42887],[-77.75915,34.42978],[-77.75933,34.43138],[-77.75381,34.43253],[-77.754,34.43413],[-77.75222,34.43505],[-77.7524,34.43665],[-77.75062,34.43756],[-77.75081,34.43917],[-77.74529,34.44031],[-77.74547,34.44191],[-77.7437,34.44283],[-77.74388,34.44443],[-77.73836,34.44558],[-77.73854,34.44718],[-77.73676,34.44809],[-77.7348,34.44741],[-77.73302,34.44832],[-77.73321,34.44993],[-77.73143,34.45084],[-77.73161,34.45244],[-77.72609,34.45359],[-77.72627,34.45519],[-77.72449,34.45611],[-77.72468,34.45771],[-77.71915,34.45885],[-77.71934,34.46046],[-77.71756,34.46137],[-77.71774,34.46297],[-77.71596,34.46389],[-77.71614,34.46549],[-77.71436,34.46641],[-77.71455,34.46801],[-77.70902,34.46915],[-77.70921,34.47076],[-77.70743,34.47167],[-77.70761,34.47327],[-77.70208,34.47442],[-77.69638,34.47396],[-77.6946,34.47488],[-77.69478,34.47648],[-77.693,34.4774],[-77.69104,34.47671],[-77.69085,34.47511],[-77.68515,34.47465],[-77.68496,34.47304],[-77.68086,34.47007],[-77.67533,34.47121],[-77.67551,34.47281],[-77.67373,34.47373],[-77.67391,34.47533],[-77.67213,34.47625],[-77.67231,34.47785],[-77.67053,34.47877],[-77.67071,34.48037],[-77.66893,34.48128],[-77.66911,34.48289],[-77.66733,34.4838],[-77.66751,34.4854],[-77.66948,34.48609],[-77.66966,34.48769],[-77.66788,34.48861],[-77.66806,34.49021],[-77.67002,34.4909],[-77.67021,34.4925],[-77.66842,34.49342],[-77.66861,34.49502],[-77.67057,34.49571],[-77.67075,34.49731],[-77.66522,34.49846],[-77.66326,34.49777],[-77.66308,34.49617],[-77.65737,34.49571],[-77.65719,34.4941],[-77.65522,34.49341],[-77.65504,34.49181],[-77.65682,34.4909],[-77.65664,34.48929],[-77.65468,34.48861],[-77.6545,34.487],[-77.64879,34.48654],[-77.64861,34.48494],[-77.64665,34.48425],[-77.64486,34.48517],[-77.64504,34.48677],[-77.64326,34.48768],[-77.64344,34.48929],[-77.64166,34.4902],[-77.64184,34.49181],[-77.64006,34.49272],[-77.64024,34.49432],[-77.63846,34.49524],[-77.63864,34.49684],[-77.63686,34.49776],[-77.63704,34.49936],[-77.639,34.50005],[-77.63918,34.50165],[-77.6374,34.50257],[-77.63169,34.50211],[-77.63151,34.5005],[-77.62954,34.49981],[-77.62936,34.49821],[-77.63115,34.4973],[-77.63097,34.49569],[-77.62526,34.49523],[-77.62508,34.49363],[-77.62686,34.49271],[-77.63257,34.49318],[-77.63435,34.49226],[-77.63417,34.49066],[-77.63595,34.48974],[-77.63577,34.48814],[-77.63166,34.48516],[-77.63148,34.48356],[-77.63327,34.48264],[-77.63737,34.48562],[-77.63915,34.48471],[-77.63897,34.4831],[-77.64076,34.48219],[-77.64058,34.48059],[-77.63647,34.47761],[-77.63629,34.476],[-77.63807,34.47509],[-77.63789,34.47349],[-77.63593,34.4728],[-77.63575,34.4712],[-77.63378,34.47051],[-77.6336,34.46891],[-77.63539,34.46799],[-77.63735,34.46868],[-77.63913,34.46777],[-77.63895,34.46616],[-77.64073,34.46525],[-77.64269,34.46594],[-77.64822,34.46479],[-77.64804,34.46319],[-77.64607,34.4625],[-77.64589,34.4609],[-77.64767,34.45999],[-77.64964,34.46067],[-77.64982,34.46228],[-77.65552,34.46274],[-77.6557,34.46434],[-77.65767,34.46503],[-77.65945,34.46411],[-77.65927,34.46251],[-77.6573,34.46182],[-77.65712,34.46022],[-77.66265,34.45908],[-77.66246,34.45748],[-77.6605,34.45679],[-77.66032,34.45519],[-77.6621,34.45427],[-77.66406,34.45496],[-77.66584,34.45404],[-77.67155,34.4545],[-77.67333,34.45359],[-77.67315,34.45199],[-77.67119,34.4513],[-77.671,34.4497],[-77.67278,34.44878],[-77.6726,34.44718],[-77.67064,34.44649],[-77.67046,34.44489],[-77.66476,34.44443],[-77.66457,34.44283],[-77.66635,34.44192],[-77.66617,34.44031],[-77.66421,34.43963],[-77.66403,34.43803],[-77.66581,34.43711],[-77.66563,34.43551],[-77.66741,34.4346],[-77.67311,34.43505],[-77.67329,34.43666],[-77.66777,34.4378],[-77.66795,34.4394],[-77.67206,34.44238],[-77.67224,34.44398],[-77.6742,34.44466],[-77.67598,34.44375],[-77.67794,34.44444],[-77.67972,34.44352],[-77.67954,34.44192],[-77.68132,34.441],[-77.68328,34.44169],[-77.68346,34.44329],[-77.68168,34.44421],[-77.68187,34.44581],[-77.68009,34.44672],[-77.68027,34.44833],[-77.67849,34.44924],[-77.67867,34.45084],[-77.68063,34.45153],[-77.68081,34.45313],[-77.67903,34.45405],[-77.67922,34.45565],[-77.68492,34.45611],[-77.6851,34.45771],[-77.68707,34.4584],[-77.68885,34.45748],[-77.68866,34.45588],[-77.69044,34.45496],[-77.69026,34.45336],[-77.69204,34.45245],[-77.69186,34.45084],[-77.69364,34.44993],[-77.6956,34.45062],[-77.69578,34.45222],[-77.694,34.45313],[-77.69419,34.45474],[-77.69615,34.45542],[-77.69793,34.45451],[-77.69775,34.4529],[-77.70327,34.45176],[-77.70309,34.45016],[-77.69738,34.4497],[-77.6972,34.4481],[-77.69898,34.44718],[-77.6988,34.44558],[-77.70058,34.44467],[-77.70039,34.44307],[-77.70217,34.44215],[-77.70413,34.44284],[-77.70591,34.44192],[-77.70573,34.44032],[-77.70377,34.43963],[-77.70359,34.43803],[-77.70162,34.43735],[-77.70144,34.43574],[-77.69574,34.43529],[-77.69556,34.43368],[-77.69734,34.43277],[-77.69715,34.43117],[-77.70267,34.43002],[-77.70678,34.433],[-77.70856,34.43208],[-77.70838,34.43048],[-77.70641,34.4298],[-77.70623,34.42819],[-77.70801,34.42728],[-77.70783,34.42568],[-77.70961,34.42476],[-77.71371,34.42774],[-77.71549,34.42682],[-77.71531,34.42522],[-77.71709,34.42431],[-77.7169,34.4227],[-77.71868,34.42179],[-77.72438,34.42225],[-77.72616,34.42133],[-77.72598,34.41973]],[[-77.64716,34.47212],[-77.64912,34.47281],[-77.6509,34.47189],[-77.65072,34.47029],[-77.6525,34.46937],[-77.65232,34.46777],[-77.6541,34.46686],[-77.65392,34.46525],[-77.65196,34.46457],[-77.65018,34.46548],[-77.65036,34.46708],[-77.64858,34.468],[-77.64662,34.46731],[-77.64484,34.46823],[-77.64502,34.46983],[-77.64698,34.47052],[-77.64716,34.47212]],[[-77.68565,34.46252],[-77.68761,34.4632],[-77.68939,34.46229],[-77.68921,34.46069],[-77.68725,34.46],[-77.68547,34.46091],[-77.68565,34.46252]],[[-77.70332,34.4687],[-77.70154,34.46961],[-77.70172,34.47121],[-77.70368,34.4719],[-77.70546,34.47099],[-77.70528,34.46938],[-77.70706,34.46847],[-77.70688,34.46687],[-77.70866,34.46595],[-77.70847,34.46435],[-77.70651,34.46366],[-77.70473,34.46458],[-77.70491,34.46618],[-77.70313,34.46709],[-77.70332,34.4687]],[[-77.70596,34.45885],[-77.70418,34.45977],[-77.70437,34.46137],[-77.70633,34.46206],[-77.70811,34.46114],[-77.70793,34.45954],[-77.70596,34.45885]]]}},{"type":"Feature","properties":{"sqmi":14.11},"geometry":{"type":"Polygon","coordinates":[[[-80.35377,32.82738],[-80.35191,32.82682],[-80.35053,32.82802],[-80.34867,32.82746],[-80.34406,32.82929],[-80.3422,32.82874],[-80.34082,32.82993],[-80.33896,32.82938],[-80.33434,32.83121],[-80.33249,32.83066],[-80.33201,32.82891],[-80.33339,32.82772],[-80.33291,32.82598],[-80.33106,32.82542],[-80.33058,32.82368],[-80.33196,32.82248],[-80.33148,32.82074],[-80.32962,32.82018],[-80.32915,32.81844],[-80.32405,32.81852],[-80.32358,32.81678],[-80.32496,32.81559],[-80.32448,32.81384],[-80.32262,32.81329],[-80.32124,32.81448],[-80.31939,32.81393],[-80.31891,32.81218],[-80.32353,32.81035],[-80.32538,32.8109],[-80.32676,32.80971],[-80.32629,32.80796],[-80.32767,32.80677],[-80.32952,32.80732],[-80.33,32.80907],[-80.32862,32.81026],[-80.3291,32.81201],[-80.33095,32.81256],[-80.33143,32.81431],[-80.33005,32.8155],[-80.33053,32.81725],[-80.33238,32.8178],[-80.337,32.81597],[-80.33653,32.81422],[-80.33791,32.81303],[-80.343,32.81294],[-80.34762,32.81111],[-80.35181,32.81396],[-80.35319,32.81277],[-80.35271,32.81102],[-80.35409,32.80983],[-80.35361,32.80808],[-80.35176,32.80753],[-80.35128,32.80578],[-80.35266,32.80459],[-80.35685,32.80744],[-80.35823,32.80625],[-80.36009,32.8068],[-80.36057,32.80855],[-80.35919,32.80974],[-80.35966,32.81149],[-80.35828,32.81268],[-80.35876,32.81443],[-80.36062,32.81498],[-80.3611,32.81672],[-80.36295,32.81728],[-80.36433,32.81608],[-80.36386,32.81434],[-80.36524,32.81315],[-80.37033,32.81306],[-80.37171,32.81186],[-80.37591,32.81472],[-80.37729,32.81352],[-80.37681,32.81178],[-80.37819,32.81058],[-80.37771,32.80884],[-80.37585,32.80828],[-80.37538,32.80654],[-80.37676,32.80534],[-80.37628,32.8036],[-80.37766,32.8024],[-80.37718,32.80066],[-80.37532,32.8001],[-80.37485,32.79836],[-80.37065,32.79551],[-80.37018,32.79376],[-80.37156,32.79257],[-80.37341,32.79312],[-80.37389,32.79487],[-80.37808,32.79772],[-80.37856,32.79946],[-80.38366,32.79937],[-80.38414,32.80112],[-80.38599,32.80167],[-80.38737,32.80048],[-80.3869,32.79873],[-80.38828,32.79754],[-80.39014,32.79809],[-80.39152,32.7969],[-80.39104,32.79515],[-80.39242,32.79396],[-80.39194,32.79221],[-80.39008,32.79166],[-80.3896,32.78991],[-80.39098,32.78872],[-80.39518,32.79157],[-80.39566,32.79331],[-80.39428,32.79451],[-80.39475,32.79626],[-80.39895,32.79911],[-80.40033,32.79791],[-80.39985,32.79617],[-80.40123,32.79497],[-80.40075,32.79322],[-80.39889,32.79267],[-80.39842,32.79093],[-80.3998,32.78973],[-80.40489,32.78964],[-80.40537,32.79139],[-80.40723,32.79194],[-80.40861,32.79075],[-80.40813,32.789],[-80.40627,32.78845],[-80.4058,32.7867],[-80.4016,32.78385],[-80.40112,32.7821],[-80.4025,32.78091],[-80.4067,32.78376],[-80.40808,32.78257],[-80.40994,32.78312],[-80.41042,32.78486],[-80.41551,32.78477],[-80.41689,32.78358],[-80.41641,32.78183],[-80.4178,32.78064],[-80.41732,32.77889],[-80.4187,32.7777],[-80.42056,32.77825],[-80.42103,32.77999],[-80.41965,32.78119],[-80.42013,32.78294],[-80.42199,32.78349],[-80.42247,32.78523],[-80.42757,32.78514],[-80.42805,32.78689],[-80.42991,32.78744],[-80.43039,32.78919],[-80.42901,32.79038],[-80.42948,32.79213],[-80.42631,32.79718],[-80.42083,32.79835],[-80.41869,32.80146],[-80.4214,32.79881],[-80.42636,32.79821],[-80.42855,32.79495],[-80.43044,32.79562],[-80.43092,32.79737],[-80.43602,32.79728],[-80.4365,32.79902],[-80.43836,32.79958],[-80.43884,32.80132],[-80.43746,32.80252],[-80.43794,32.80427],[-80.43656,32.80546],[-80.43236,32.80261],[-80.43098,32.8038],[-80.43146,32.80555],[-80.43008,32.80675],[-80.42822,32.80619],[-80.42684,32.80739],[-80.42731,32.80913],[-80.43241,32.80904],[-80.43289,32.81079],[-80.43151,32.81199],[-80.42965,32.81143],[-80.42827,32.81263],[-80.42875,32.81437],[-80.43295,32.81723],[-80.43433,32.81603],[-80.43619,32.81658],[-80.43667,32.81833],[-80.44177,32.81824],[-80.44225,32.81999],[-80.44411,32.82054],[-80.44459,32.82228],[-80.44321,32.82348],[-80.44369,32.82523],[-80.44555,32.82578],[-80.44603,32.82752],[-80.44465,32.82872],[-80.44513,32.83047],[-80.44933,32.83332],[-80.45071,32.83212],[-80.45257,32.83267],[-80.45395,32.83148],[-80.45581,32.83203],[-80.45719,32.83084],[-80.45905,32.83139],[-80.45953,32.83314],[-80.45815,32.83433],[-80.45863,32.83608],[-80.46049,32.83663],[-80.46097,32.83838],[-80.45959,32.83957],[-80.46007,32.84132],[-80.45869,32.84251],[-80.45917,32.84426],[-80.45779,32.84545],[-80.45593,32.8449],[-80.45455,32.8461],[-80.45269,32.84554],[-80.4513,32.84674],[-80.44944,32.84619],[-80.44896,32.84444],[-80.4471,32.84389],[-80.44662,32.84214],[-80.448,32.84095],[-80.44987,32.8415],[-80.45035,32.84325],[-80.45221,32.8438],[-80.45359,32.8426],[-80.45311,32.84086],[-80.45449,32.83966],[-80.45401,32.83791],[-80.45215,32.83736],[-80.45167,32.83562],[-80.44657,32.83571],[-80.44609,32.83396],[-80.44423,32.83341],[-80.44284,32.8346],[-80.44332,32.83635],[-80.44518,32.8369],[-80.44566,32.83865],[-80.44428,32.83984],[-80.44476,32.84159],[-80.44338,32.84278],[-80.44386,32.84453],[-80.44248,32.84572],[-80.44062,32.84517],[-80.44014,32.84343],[-80.43828,32.84287],[-80.4378,32.84113],[-80.43594,32.84057],[-80.43456,32.84177],[-80.4327,32.84122],[-80.43132,32.84241],[-80.42946,32.84186],[-80.42898,32.84011],[-80.42712,32.83956],[-80.42664,32.83781],[-80.42154,32.8379],[-80.42106,32.83616],[-80.41686,32.8333],[-80.41224,32.83514],[-80.40804,32.83229],[-80.40666,32.83348],[-80.40156,32.83357],[-80.40108,32.83182],[-80.39955,32.83099],[-80.40422,32.82474],[-80.40433,32.81935],[-80.40748,32.81111],[-80.40375,32.8184],[-80.40324,32.82414],[-80.39784,32.83247],[-80.39598,32.83191],[-80.3946,32.83311],[-80.3904,32.83026],[-80.38902,32.83145],[-80.38716,32.8309],[-80.38254,32.83273],[-80.37835,32.82988],[-80.37373,32.83171],[-80.36954,32.82886],[-80.36492,32.83069],[-80.36072,32.82784],[-80.35934,32.82903],[-80.35425,32.82912],[-80.35377,32.82738]],[[-80.34077,32.8235],[-80.34029,32.82176],[-80.33843,32.8212],[-80.33705,32.8224],[-80.33753,32.82414],[-80.33939,32.8247],[-80.34077,32.8235]],[[-80.34348,32.81469],[-80.3421,32.81588],[-80.34257,32.81763],[-80.34443,32.81818],[-80.34581,32.81699],[-80.34533,32.81524],[-80.34348,32.81469]],[[-80.34586,32.82342],[-80.34634,32.82516],[-80.3482,32.82572],[-80.34958,32.82452],[-80.3491,32.82278],[-80.35048,32.82158],[-80.35,32.81984],[-80.35138,32.81865],[-80.35091,32.8169],[-80.34905,32.81635],[-80.34767,32.81754],[-80.34815,32.81929],[-80.34676,32.82048],[-80.34724,32.82222],[-80.34586,32.82342]],[[-80.36943,32.816],[-80.36757,32.81544],[-80.36619,32.81664],[-80.36667,32.81838],[-80.36529,32.81958],[-80.36577,32.82132],[-80.36763,32.82188],[-80.36901,32.82068],[-80.36853,32.81894],[-80.36991,32.81774],[-80.36943,32.816]],[[-80.38,32.8047],[-80.37862,32.8059],[-80.37909,32.80764],[-80.38095,32.80819],[-80.38143,32.80994],[-80.38329,32.81049],[-80.38467,32.8093],[-80.38419,32.80755],[-80.38233,32.807],[-80.38185,32.80525],[-80.38,32.8047]],[[-80.43078,32.83423],[-80.43126,32.83598],[-80.43312,32.83653],[-80.4345,32.83533],[-80.43402,32.83359],[-80.42982,32.83074],[-80.42934,32.82899],[-80.43072,32.8278],[-80.43025,32.82605],[-80.43163,32.82485],[-80.43115,32.82311],[-80.42695,32.82026],[-80.42557,32.82145],[-80.42371,32.8209],[-80.42233,32.82209],[-80.42281,32.82384],[-80.42467,32.82439],[-80.42514,32.82614],[-80.427,32.82669],[-80.42748,32.82844],[-80.4261,32.82963],[-80.42658,32.83138],[-80.43078,32.83423]]]}},{"type":"Feature","properties":{"sqmi":13.62},"geometry":{"type":"Polygon","coordinates":[[[-80.44523,32.73742],[-80.44337,32.73687],[-80.44199,32.73807],[-80.44013,32.73752],[-80.43965,32.73577],[-80.43779,32.73522],[-80.43641,32.73641],[-80.43455,32.73586],[-80.43407,32.73412],[-80.42898,32.73421],[-80.4276,32.7354],[-80.42808,32.73715],[-80.42994,32.7377],[-80.43041,32.73945],[-80.42903,32.74064],[-80.42718,32.74009],[-80.4267,32.73835],[-80.42484,32.7378],[-80.42346,32.73899],[-80.42394,32.74074],[-80.4258,32.74129],[-80.42627,32.74304],[-80.4249,32.74423],[-80.42537,32.74598],[-80.42076,32.74782],[-80.42123,32.74956],[-80.42309,32.75012],[-80.42357,32.75186],[-80.42219,32.75306],[-80.42267,32.7548],[-80.42129,32.756],[-80.41943,32.75545],[-80.41895,32.7537],[-80.41709,32.75315],[-80.41662,32.7514],[-80.418,32.75021],[-80.41752,32.74846],[-80.4189,32.74727],[-80.41842,32.74552],[-80.42304,32.74368],[-80.42256,32.74193],[-80.41746,32.74203],[-80.41698,32.74028],[-80.41513,32.73973],[-80.41465,32.73798],[-80.41045,32.73513],[-80.40997,32.73338],[-80.41459,32.73155],[-80.41411,32.7298],[-80.41226,32.72925],[-80.41178,32.7275],[-80.41316,32.72631],[-80.41268,32.72456],[-80.41406,32.72336],[-80.41358,32.72162],[-80.41172,32.72106],[-80.41034,32.72226],[-80.41082,32.72401],[-80.40944,32.7252],[-80.40758,32.72465],[-80.40711,32.7229],[-80.40291,32.72006],[-80.40244,32.71831],[-80.39734,32.7184],[-80.39686,32.71665],[-80.39267,32.71381],[-80.39129,32.715],[-80.39177,32.71675],[-80.39039,32.71794],[-80.39087,32.71969],[-80.38949,32.72088],[-80.38763,32.72033],[-80.38716,32.71859],[-80.38853,32.71739],[-80.38806,32.71564],[-80.38387,32.71279],[-80.38249,32.71399],[-80.38296,32.71574],[-80.38159,32.71693],[-80.37973,32.71638],[-80.37835,32.71757],[-80.37883,32.71932],[-80.37745,32.72052],[-80.37559,32.71996],[-80.37511,32.71822],[-80.37326,32.71767],[-80.37188,32.71886],[-80.37236,32.72061],[-80.37421,32.72116],[-80.37469,32.72291],[-80.37331,32.7241],[-80.37379,32.72585],[-80.37241,32.72704],[-80.37289,32.72879],[-80.37151,32.72998],[-80.36965,32.72943],[-80.36827,32.73063],[-80.36408,32.72778],[-80.3627,32.72897],[-80.36318,32.73072],[-80.3618,32.73191],[-80.35761,32.72906],[-80.35623,32.73025],[-80.35671,32.732],[-80.35533,32.7332],[-80.35024,32.73329],[-80.34886,32.73448],[-80.34934,32.73623],[-80.34796,32.73742],[-80.3461,32.73687],[-80.34562,32.73512],[-80.347,32.73393],[-80.34653,32.73218],[-80.34791,32.73099],[-80.34743,32.72924],[-80.34557,32.72869],[-80.3451,32.72694],[-80.34648,32.72575],[-80.346,32.724],[-80.34414,32.72345],[-80.34276,32.72464],[-80.34091,32.72409],[-80.34043,32.72235],[-80.34181,32.72115],[-80.34133,32.71941],[-80.34271,32.71821],[-80.3478,32.71812],[-80.34918,32.71693],[-80.34871,32.71518],[-80.34685,32.71463],[-80.34637,32.71288],[-80.34219,32.71003],[-80.34171,32.70829],[-80.34309,32.70709],[-80.34261,32.70535],[-80.34722,32.70351],[-80.34908,32.70406],[-80.35046,32.70287],[-80.34998,32.70112],[-80.34813,32.70057],[-80.34765,32.69882],[-80.34903,32.69763],[-80.35322,32.70048],[-80.35369,32.70222],[-80.35555,32.70277],[-80.35602,32.70452],[-80.35788,32.70507],[-80.36249,32.70323],[-80.36435,32.70379],[-80.36483,32.70553],[-80.36668,32.70608],[-80.36716,32.70783],[-80.36902,32.70838],[-80.37039,32.70719],[-80.36992,32.70544],[-80.36806,32.70489],[-80.36758,32.70314],[-80.3722,32.7013],[-80.37172,32.69956],[-80.3731,32.69836],[-80.37819,32.69827],[-80.3828,32.69643],[-80.38233,32.69469],[-80.38371,32.69349],[-80.38323,32.69174],[-80.38137,32.69119],[-80.38089,32.68945],[-80.37904,32.68889],[-80.37856,32.68715],[-80.37994,32.68595],[-80.3818,32.6865],[-80.38227,32.68825],[-80.38413,32.6888],[-80.38551,32.68761],[-80.38503,32.68586],[-80.38641,32.68466],[-80.38593,32.68292],[-80.38408,32.68237],[-80.3836,32.68062],[-80.37941,32.67777],[-80.37893,32.67602],[-80.38355,32.67418],[-80.3854,32.67474],[-80.38678,32.67354],[-80.3863,32.67179],[-80.38445,32.67124],[-80.38307,32.67244],[-80.37888,32.66959],[-80.3784,32.66784],[-80.38301,32.666],[-80.38254,32.66426],[-80.38068,32.6637],[-80.3793,32.6649],[-80.37512,32.66205],[-80.37374,32.66325],[-80.37421,32.66499],[-80.37284,32.66619],[-80.36775,32.66628],[-80.36727,32.66454],[-80.37188,32.6627],[-80.3714,32.66095],[-80.37278,32.65975],[-80.37787,32.65966],[-80.37835,32.66141],[-80.3802,32.66196],[-80.38158,32.66076],[-80.38111,32.65902],[-80.38248,32.65782],[-80.38667,32.66067],[-80.38805,32.65947],[-80.38991,32.66002],[-80.39038,32.66177],[-80.38901,32.66297],[-80.38948,32.66471],[-80.39134,32.66526],[-80.39385,32.66317],[-80.39224,32.66232],[-80.39362,32.66112],[-80.39548,32.66168],[-80.39595,32.66342],[-80.40104,32.66333],[-80.40152,32.66507],[-80.40338,32.66563],[-80.40476,32.66443],[-80.40895,32.66728],[-80.41033,32.66608],[-80.41218,32.66663],[-80.41266,32.66838],[-80.41128,32.66957],[-80.41176,32.67132],[-80.41362,32.67187],[-80.41409,32.67362],[-80.41272,32.67482],[-80.41319,32.67656],[-80.41181,32.67776],[-80.41229,32.67951],[-80.41648,32.68235],[-80.41696,32.6841],[-80.41558,32.6853],[-80.41606,32.68704],[-80.41468,32.68824],[-80.41516,32.68999],[-80.41707,32.69073],[-80.41513,32.69319],[-80.41288,32.69413],[-80.41336,32.69587],[-80.41549,32.69742],[-80.41713,32.70341],[-80.41899,32.70396],[-80.41946,32.70571],[-80.42097,32.70616],[-80.4218,32.70801],[-80.42042,32.7092],[-80.4209,32.71095],[-80.41628,32.71279],[-80.41676,32.71454],[-80.41538,32.71573],[-80.41586,32.71748],[-80.42005,32.72033],[-80.42053,32.72207],[-80.42239,32.72263],[-80.42377,32.72143],[-80.42563,32.72198],[-80.42611,32.72373],[-80.42796,32.72428],[-80.42934,32.72308],[-80.43143,32.72343],[-80.43665,32.72534],[-80.43726,32.72703],[-80.43912,32.72759],[-80.44021,32.72664],[-80.44624,32.72846],[-80.44795,32.73074],[-80.44703,32.73154],[-80.44751,32.73328],[-80.44613,32.73448],[-80.44661,32.73623],[-80.44847,32.73678],[-80.44985,32.73558],[-80.45291,32.74044],[-80.45268,32.74124],[-80.45128,32.74082],[-80.4508,32.73908],[-80.44895,32.73852],[-80.44757,32.73972],[-80.44804,32.74147],[-80.44666,32.74266],[-80.44481,32.74211],[-80.44433,32.74036],[-80.44571,32.73917],[-80.44523,32.73742]],[[-80.36679,32.71895],[-80.36864,32.7195],[-80.37002,32.71831],[-80.36954,32.71656],[-80.37092,32.71537],[-80.37045,32.71362],[-80.36859,32.71307],[-80.36721,32.71426],[-80.36769,32.71601],[-80.36631,32.71721],[-80.36679,32.71895]],[[-80.37884,32.66376],[-80.37939,32.66356],[-80.37914,32.66298],[-80.37729,32.66308],[-80.37884,32.66376]],[[-80.38376,32.69993],[-80.3819,32.69937],[-80.38052,32.70057],[-80.381,32.70232],[-80.38286,32.70287],[-80.38424,32.70167],[-80.38376,32.69993]],[[-80.40801,32.71996],[-80.40939,32.71877],[-80.40891,32.71702],[-80.40705,32.71647],[-80.40657,32.71472],[-80.40238,32.71187],[-80.401,32.71307],[-80.40148,32.71482],[-80.40567,32.71766],[-80.40615,32.71941],[-80.40801,32.71996]],[[-80.41873,32.72796],[-80.42059,32.72851],[-80.42197,32.72731],[-80.42149,32.72557],[-80.41963,32.72502],[-80.41825,32.72621],[-80.41873,32.72796]]]}},{"type":"Feature","properties":{"sqmi":13.14},"geometry":{"type":"Polygon","coordinates":[[[-81.12999,32.29569],[-81.12576,32.29285],[-81.12526,32.2911],[-81.12664,32.28989],[-81.12852,32.29042],[-81.12989,32.28921],[-81.1294,32.28746],[-81.12428,32.28759],[-81.12379,32.28584],[-81.125,32.28404],[-81.127,32.28351],[-81.12768,32.28184],[-81.12652,32.27865],[-81.124,32.27685],[-81.12419,32.27532],[-81.12457,32.2764],[-81.12645,32.27693],[-81.12907,32.27665],[-81.13078,32.27573],[-81.13286,32.27233],[-81.13473,32.27182],[-81.13779,32.27312],[-81.1423,32.27213],[-81.14291,32.27029],[-81.13873,32.26843],[-81.13802,32.2658],[-81.14023,32.26478],[-81.14536,32.26464],[-81.1474,32.26328],[-81.14713,32.2587],[-81.14851,32.25749],[-81.15038,32.25803],[-81.15176,32.25681],[-81.15126,32.25506],[-81.14917,32.25373],[-81.1489,32.25276],[-81.15028,32.25155],[-81.1554,32.25141],[-81.15589,32.25316],[-81.15777,32.2537],[-81.15914,32.25248],[-81.15865,32.25073],[-81.16003,32.24951],[-81.16515,32.24937],[-81.16565,32.25113],[-81.16752,32.25166],[-81.1689,32.25045],[-81.1684,32.24869],[-81.16978,32.24748],[-81.17491,32.24734],[-81.1754,32.24909],[-81.17727,32.24963],[-81.17777,32.25138],[-81.17639,32.2526],[-81.17688,32.25435],[-81.1755,32.25557],[-81.176,32.25732],[-81.17462,32.25854],[-81.17511,32.26029],[-81.17373,32.26151],[-81.17423,32.26326],[-81.17935,32.26312],[-81.17985,32.26488],[-81.17847,32.26609],[-81.17896,32.26785],[-81.17758,32.26906],[-81.17808,32.27082],[-81.1832,32.27068],[-81.1837,32.27243],[-81.18232,32.27365],[-81.18044,32.27311],[-81.17906,32.27433],[-81.17956,32.27608],[-81.1838,32.27891],[-81.18429,32.28066],[-81.18291,32.28188],[-81.18341,32.28363],[-81.18528,32.28417],[-81.18577,32.28593],[-81.1844,32.28714],[-81.18489,32.2889],[-81.18351,32.29011],[-81.18164,32.28957],[-81.18026,32.29079],[-81.18075,32.29254],[-81.17937,32.29376],[-81.17987,32.29551],[-81.18174,32.29605],[-81.18223,32.29781],[-81.18085,32.29902],[-81.17898,32.29848],[-81.1776,32.2997],[-81.17809,32.30145],[-81.17997,32.30199],[-81.18046,32.30375],[-81.18234,32.30428],[-81.18283,32.30604],[-81.18145,32.30725],[-81.18194,32.30901],[-81.18057,32.31022],[-81.17544,32.31036],[-81.17406,32.31158],[-81.17455,32.31333],[-81.17317,32.31455],[-81.1713,32.31401],[-81.16992,32.31522],[-81.16805,32.31469],[-81.16667,32.3159],[-81.16479,32.31536],[-81.16341,32.31658],[-81.16154,32.31604],[-81.16016,32.31726],[-81.16065,32.31901],[-81.15927,32.32022],[-81.1574,32.31969],[-81.15602,32.3209],[-81.15415,32.32036],[-81.15277,32.32158],[-81.15089,32.32104],[-81.14951,32.32225],[-81.14764,32.32171],[-81.14626,32.32293],[-81.14439,32.32239],[-81.14301,32.32361],[-81.1435,32.32536],[-81.14212,32.32657],[-81.14262,32.32833],[-81.14124,32.32954],[-81.14173,32.3313],[-81.14035,32.33251],[-81.14084,32.33426],[-81.13946,32.33548],[-81.13996,32.33723],[-81.13858,32.33845],[-81.13907,32.3402],[-81.13736,32.34219],[-81.1381,32.34324],[-81.13271,32.34007],[-81.13041,32.34143],[-81.12919,32.33791],[-81.12977,32.33635],[-81.13275,32.33529],[-81.13535,32.33144],[-81.13579,32.33212],[-81.13798,32.33004],[-81.13866,32.3279],[-81.13618,32.32396],[-81.13168,32.32153],[-81.13235,32.31845],[-81.13041,32.31326],[-81.13367,32.30816],[-81.13017,32.30624],[-81.12774,32.30643],[-81.12734,32.30459],[-81.12546,32.30405],[-81.12497,32.3023],[-81.12635,32.30108],[-81.12822,32.30162],[-81.1296,32.30041],[-81.12911,32.29865],[-81.13049,32.29744],[-81.12999,32.29569]],[[-81.13602,32.33465],[-81.13595,32.33342],[-81.13412,32.33639],[-81.13602,32.33465]]]}},{"type":"Feature","properties":{"sqmi":12.85},"geometry":{"type":"Polygon","coordinates":[[[-80.92443,32.47624],[-80.9263,32.47678],[-80.92679,32.47853],[-80.93102,32.48137],[-80.93151,32.48312],[-80.93013,32.48433],[-80.92826,32.48379],[-80.92688,32.485],[-80.92737,32.48675],[-80.92924,32.48729],[-80.93062,32.48608],[-80.93249,32.48663],[-80.93297,32.48838],[-80.93159,32.48959],[-80.93208,32.49134],[-80.9307,32.49255],[-80.93119,32.4943],[-80.93542,32.49714],[-80.9368,32.49593],[-80.93631,32.49418],[-80.93769,32.49297],[-80.94281,32.49284],[-80.9433,32.4946],[-80.94192,32.4958],[-80.94005,32.49526],[-80.93867,32.49647],[-80.93916,32.49822],[-80.94339,32.50106],[-80.94388,32.50281],[-80.9425,32.50402],[-80.94299,32.50577],[-80.94811,32.50565],[-80.9486,32.5074],[-80.94722,32.50861],[-80.94535,32.50807],[-80.94397,32.50927],[-80.94446,32.51103],[-80.94633,32.51157],[-80.94682,32.51332],[-80.94544,32.51453],[-80.94593,32.51628],[-80.95016,32.51912],[-80.95065,32.52087],[-80.94927,32.52208],[-80.94976,32.52383],[-80.95163,32.52437],[-80.95212,32.52612],[-80.95074,32.52733],[-80.94886,32.52679],[-80.94837,32.52504],[-80.94414,32.5222],[-80.94276,32.52341],[-80.94089,32.52287],[-80.93951,32.52407],[-80.94,32.52583],[-80.93862,32.52703],[-80.93675,32.52649],[-80.93537,32.5277],[-80.9335,32.52716],[-80.93301,32.5254],[-80.93439,32.5242],[-80.93626,32.52474],[-80.93764,32.52353],[-80.93715,32.52178],[-80.93853,32.52057],[-80.93804,32.51882],[-80.93617,32.51828],[-80.93479,32.51948],[-80.93528,32.52124],[-80.9339,32.52244],[-80.93203,32.5219],[-80.93065,32.52311],[-80.92642,32.52027],[-80.92504,32.52148],[-80.92553,32.52323],[-80.92415,32.52444],[-80.92464,32.52619],[-80.92651,32.52673],[-80.927,32.52848],[-80.92562,32.52969],[-80.92611,32.53144],[-80.92798,32.53199],[-80.92847,32.53374],[-80.92708,32.53495],[-80.92757,32.5367],[-80.92944,32.53724],[-80.92993,32.53899],[-80.92855,32.5402],[-80.92668,32.53966],[-80.92619,32.53791],[-80.92107,32.53803],[-80.92058,32.53627],[-80.91871,32.53573],[-80.91822,32.53398],[-80.91635,32.53344],[-80.91497,32.53464],[-80.91074,32.53181],[-80.90936,32.53301],[-80.90749,32.53247],[-80.90701,32.53072],[-80.90189,32.53084],[-80.9014,32.52909],[-80.89953,32.52854],[-80.89815,32.52975],[-80.89628,32.52921],[-80.8949,32.53041],[-80.89539,32.53217],[-80.89401,32.53337],[-80.89449,32.53512],[-80.89311,32.53633],[-80.89125,32.53579],[-80.88986,32.53699],[-80.89035,32.53875],[-80.89547,32.53863],[-80.89596,32.54038],[-80.89458,32.54158],[-80.89271,32.54104],[-80.89133,32.54225],[-80.88946,32.5417],[-80.88897,32.53995],[-80.88385,32.54007],[-80.88337,32.53832],[-80.8815,32.53778],[-80.88101,32.53603],[-80.88239,32.53482],[-80.8819,32.53307],[-80.88003,32.53252],[-80.87865,32.53373],[-80.87678,32.53319],[-80.8754,32.53439],[-80.87353,32.53385],[-80.87305,32.5321],[-80.87443,32.53089],[-80.87629,32.53143],[-80.87768,32.53023],[-80.87719,32.52848],[-80.87207,32.5286],[-80.87069,32.5298],[-80.87118,32.53155],[-80.8698,32.53276],[-80.86793,32.53222],[-80.86744,32.53047],[-80.86882,32.52926],[-80.86833,32.52751],[-80.86646,32.52696],[-80.86598,32.52521],[-80.86736,32.52401],[-80.86687,32.52225],[-80.86825,32.52105],[-80.86776,32.5193],[-80.86914,32.51809],[-80.8706,32.51851],[-80.8717,32.52044],[-80.87012,32.52159],[-80.87061,32.52334],[-80.87483,32.52618],[-80.87621,32.52497],[-80.87572,32.52322],[-80.8771,32.52202],[-80.87661,32.52027],[-80.87475,32.51972],[-80.87345,32.52085],[-80.87105,32.5186],[-80.87239,32.51743],[-80.8719,32.51568],[-80.87328,32.51447],[-80.87279,32.51272],[-80.87417,32.51151],[-80.87369,32.50976],[-80.87507,32.50855],[-80.87458,32.5068],[-80.87596,32.50559],[-80.87547,32.50384],[-80.87685,32.50264],[-80.87872,32.50318],[-80.8801,32.50197],[-80.87961,32.50022],[-80.88099,32.49901],[-80.8805,32.49726],[-80.88188,32.49605],[-80.88139,32.4943],[-80.88277,32.4931],[-80.88229,32.49134],[-80.88367,32.49014],[-80.88318,32.48839],[-80.88456,32.48718],[-80.88407,32.48543],[-80.88545,32.48422],[-80.88496,32.48247],[-80.88634,32.48126],[-80.88585,32.47951],[-80.88399,32.47897],[-80.8835,32.47721],[-80.88488,32.47601],[-80.88439,32.47426],[-80.88577,32.47305],[-80.88764,32.47359],[-80.88813,32.47534],[-80.88999,32.47589],[-80.89048,32.47764],[-80.8891,32.47884],[-80.88959,32.4806],[-80.88821,32.4818],[-80.8887,32.48355],[-80.89381,32.48343],[-80.8943,32.48519],[-80.89292,32.48639],[-80.89341,32.48814],[-80.89853,32.48802],[-80.89991,32.48682],[-80.90178,32.48736],[-80.90316,32.48615],[-80.90738,32.48899],[-80.90876,32.48778],[-80.90827,32.48603],[-80.90965,32.48482],[-80.90917,32.48307],[-80.90494,32.48023],[-80.90445,32.47848],[-80.90583,32.47727],[-80.91006,32.48011],[-80.91144,32.4789],[-80.91331,32.47944],[-80.91469,32.47824],[-80.9142,32.47648],[-80.91233,32.47594],[-80.91184,32.47419],[-80.91322,32.47298],[-80.91509,32.47352],[-80.91558,32.47528],[-80.91745,32.47582],[-80.91883,32.47461],[-80.91834,32.47286],[-80.91972,32.47165],[-80.91923,32.4699],[-80.92061,32.46869],[-80.92248,32.46923],[-80.92297,32.47098],[-80.92159,32.47219],[-80.92207,32.47394],[-80.92394,32.47449],[-80.92443,32.47624]],[[-80.89367,32.50753],[-80.89229,32.50874],[-80.89277,32.51049],[-80.89464,32.51103],[-80.89602,32.50982],[-80.89553,32.50807],[-80.89367,32.50753]],[[-80.90172,32.51792],[-80.9031,32.51671],[-80.90261,32.51496],[-80.90074,32.51441],[-80.90025,32.51266],[-80.89513,32.51278],[-80.89375,32.51399],[-80.89424,32.51574],[-80.89611,32.51628],[-80.8966,32.51804],[-80.90172,32.51792]],[[-80.90439,32.50904],[-80.90488,32.51079],[-80.9035,32.512],[-80.90399,32.51375],[-80.90586,32.51429],[-80.90724,32.51308],[-80.90675,32.51133],[-80.90813,32.51013],[-80.90764,32.50837],[-80.90341,32.50554],[-80.90203,32.50674],[-80.90252,32.5085],[-80.90439,32.50904]],[[-80.90318,32.52317],[-80.90367,32.52492],[-80.90554,32.52546],[-80.90692,32.52426],[-80.90643,32.52251],[-80.90456,32.52196],[-80.90318,32.52317]],[[-80.91204,32.52414],[-80.91017,32.52359],[-80.90879,32.5248],[-80.90928,32.52655],[-80.91115,32.5271],[-80.91253,32.52589],[-80.91204,32.52414]],[[-80.91618,32.52051],[-80.91431,32.51997],[-80.91293,32.52118],[-80.91342,32.52293],[-80.91529,32.52347],[-80.91667,32.52226],[-80.91618,32.52051]],[[-80.91814,32.52752],[-80.91765,32.52577],[-80.91578,32.52522],[-80.9144,32.52643],[-80.91489,32.52818],[-80.91676,32.52873],[-80.91814,32.52752]],[[-80.9209,32.5251],[-80.92228,32.52389],[-80.92179,32.52214],[-80.91992,32.5216],[-80.91854,32.52281],[-80.91903,32.52456],[-80.9209,32.5251]],[[-80.92323,32.49037],[-80.92509,32.49092],[-80.92648,32.48971],[-80.92599,32.48796],[-80.92412,32.48741],[-80.92274,32.48862],[-80.92323,32.49037]],[[-80.92918,32.51785],[-80.92967,32.51961],[-80.93154,32.52015],[-80.93292,32.51894],[-80.93243,32.51719],[-80.93056,32.51665],[-80.92918,32.51785]]]}},{"type":"Feature","properties":{"sqmi":12.69},"geometry":{"type":"Polygon","coordinates":[[[-81.18474,29.30625],[-81.18608,29.30499],[-81.1856,29.30324],[-81.18378,29.30273],[-81.1833,29.30098],[-81.18464,29.29973],[-81.18416,29.29797],[-81.1855,29.29672],[-81.18502,29.29496],[-81.18003,29.29521],[-81.17955,29.29345],[-81.17773,29.29295],[-81.17725,29.29119],[-81.17859,29.28994],[-81.17811,29.28818],[-81.17629,29.28768],[-81.17581,29.28592],[-81.17715,29.28467],[-81.17897,29.28517],[-81.17945,29.28693],[-81.18127,29.28743],[-81.18261,29.28618],[-81.18213,29.28443],[-81.18031,29.28392],[-81.17983,29.28217],[-81.18117,29.28091],[-81.18069,29.27916],[-81.18203,29.27791],[-81.18155,29.27615],[-81.18606,29.27415],[-81.18558,29.27239],[-81.18376,29.27189],[-81.18328,29.27013],[-81.18778,29.26813],[-81.1896,29.26863],[-81.19008,29.27039],[-81.19507,29.27014],[-81.19555,29.2719],[-81.19737,29.2724],[-81.19785,29.27416],[-81.19651,29.27541],[-81.19469,29.27491],[-81.19335,29.27616],[-81.19383,29.27792],[-81.19565,29.27842],[-81.19613,29.28018],[-81.20112,29.27993],[-81.2016,29.28169],[-81.20342,29.28219],[-81.2039,29.28395],[-81.20573,29.28445],[-81.20707,29.2832],[-81.20889,29.2837],[-81.21023,29.28245],[-81.21205,29.28295],[-81.21254,29.28471],[-81.21119,29.28596],[-81.20937,29.28546],[-81.20803,29.28671],[-81.20851,29.28847],[-81.21264,29.29123],[-81.21312,29.29299],[-81.21178,29.29424],[-81.20995,29.29374],[-81.20861,29.29499],[-81.20909,29.29674],[-81.20775,29.298],[-81.20823,29.29975],[-81.20689,29.30101],[-81.20737,29.30276],[-81.20919,29.30327],[-81.21054,29.30201],[-81.21006,29.30026],[-81.2114,29.299],[-81.21092,29.29725],[-81.21226,29.296],[-81.21408,29.2965],[-81.21456,29.29825],[-81.21322,29.29951],[-81.2137,29.30126],[-81.21236,29.30252],[-81.21284,29.30427],[-81.21466,29.30478],[-81.21515,29.30653],[-81.2138,29.30779],[-81.21429,29.30954],[-81.21294,29.31079],[-81.21342,29.31255],[-81.21208,29.3138],[-81.21256,29.31556],[-81.21439,29.31606],[-81.21487,29.31782],[-81.21353,29.31907],[-81.21401,29.32083],[-81.21267,29.32208],[-81.21315,29.32384],[-81.21497,29.32434],[-81.21545,29.3261],[-81.21411,29.32735],[-81.21459,29.32911],[-81.21325,29.33036],[-81.21373,29.33211],[-81.21239,29.33337],[-81.21287,29.33512],[-81.21469,29.33563],[-81.21517,29.33738],[-81.21383,29.33864],[-81.21431,29.34039],[-81.21844,29.34316],[-81.21893,29.34491],[-81.21758,29.34616],[-81.21806,29.34792],[-81.22219,29.35069],[-81.22268,29.35244],[-81.22133,29.35369],[-81.22182,29.35545],[-81.22364,29.35595],[-81.22412,29.35771],[-81.22278,29.35896],[-81.22326,29.36072],[-81.22739,29.36348],[-81.22787,29.36524],[-81.22653,29.36649],[-81.22701,29.36825],[-81.23114,29.37101],[-81.23163,29.37277],[-81.23028,29.37402],[-81.23077,29.37578],[-81.23259,29.37628],[-81.23307,29.37804],[-81.23173,29.37929],[-81.2299,29.37879],[-81.22942,29.37703],[-81.2276,29.37653],[-81.22712,29.37477],[-81.22298,29.37201],[-81.2225,29.37025],[-81.22384,29.369],[-81.22336,29.36724],[-81.22471,29.36599],[-81.22422,29.36423],[-81.2224,29.36373],[-81.22192,29.36197],[-81.22009,29.36147],[-81.21875,29.36272],[-81.21923,29.36448],[-81.21789,29.36573],[-81.21606,29.36522],[-81.21472,29.36648],[-81.2129,29.36597],[-81.21155,29.36722],[-81.20973,29.36672],[-81.20839,29.36797],[-81.20426,29.36521],[-81.20292,29.36646],[-81.19792,29.3667],[-81.19744,29.36494],[-81.19562,29.36444],[-81.19514,29.36268],[-81.19648,29.36143],[-81.196,29.35968],[-81.19418,29.35917],[-81.19369,29.35741],[-81.19504,29.35616],[-81.19456,29.35441],[-81.19273,29.3539],[-81.19225,29.35215],[-81.19359,29.35089],[-81.19311,29.34914],[-81.19129,29.34863],[-81.19081,29.34688],[-81.19215,29.34563],[-81.19167,29.34387],[-81.18985,29.34337],[-81.18937,29.34161],[-81.18438,29.34185],[-81.1839,29.3401],[-81.18524,29.33885],[-81.18476,29.33709],[-81.18293,29.33659],[-81.18245,29.33483],[-81.17747,29.33507],[-81.17699,29.33332],[-81.17286,29.33055],[-81.17238,29.3288],[-81.17056,29.32829],[-81.16921,29.32954],[-81.16509,29.32678],[-81.16375,29.32803],[-81.16423,29.32979],[-81.16289,29.33104],[-81.16106,29.33053],[-81.16058,29.32878],[-81.16193,29.32753],[-81.16144,29.32577],[-81.15962,29.32527],[-81.15914,29.32351],[-81.16365,29.32151],[-81.16317,29.31976],[-81.16135,29.31925],[-81.16087,29.3175],[-81.16537,29.3155],[-81.16489,29.31374],[-81.16307,29.31324],[-81.16259,29.31148],[-81.16393,29.31023],[-81.16806,29.31299],[-81.1694,29.31174],[-81.17122,29.31225],[-81.1717,29.314],[-81.17352,29.31451],[-81.174,29.31626],[-81.17813,29.31903],[-81.17947,29.31777],[-81.17899,29.31602],[-81.17717,29.31551],[-81.17669,29.31376],[-81.17486,29.31325],[-81.17438,29.3115],[-81.17573,29.31025],[-81.17524,29.30849],[-81.17659,29.30724],[-81.17611,29.30548],[-81.17745,29.30423],[-81.17927,29.30473],[-81.17975,29.30649],[-81.18157,29.30699],[-81.18205,29.30875],[-81.18388,29.30925],[-81.18522,29.308],[-81.18474,29.30625]],[[-81.19076,29.28519],[-81.19125,29.28694],[-81.19307,29.28745],[-81.19355,29.2892],[-81.19221,29.29046],[-81.19269,29.29221],[-81.19135,29.29346],[-81.19183,29.29522],[-81.19365,29.29572],[-81.19499,29.29447],[-81.19451,29.29272],[-81.19585,29.29146],[-81.20084,29.29122],[-81.20218,29.28997],[-81.2017,29.28821],[-81.19988,29.28771],[-81.1994,29.28595],[-81.20074,29.2847],[-81.20026,29.28294],[-81.19843,29.28244],[-81.19709,29.28369],[-81.19757,29.28545],[-81.19623,29.2867],[-81.19211,29.28394],[-81.19076,29.28519]]]}},{"type":"Feature","properties":{"sqmi":12.66},"geometry":{"type":"Polygon","coordinates":[[[-81.59652,31.01839],[-81.59789,31.01715],[-81.59739,31.01539],[-81.59875,31.01415],[-81.60062,31.01467],[-81.60112,31.01643],[-81.60534,31.01923],[-81.60584,31.02099],[-81.61094,31.02079],[-81.61143,31.02255],[-81.61007,31.02379],[-81.6082,31.02327],[-81.60684,31.02451],[-81.60733,31.02627],[-81.6092,31.02679],[-81.61057,31.02555],[-81.61243,31.02607],[-81.6138,31.02483],[-81.61566,31.02534],[-81.61703,31.0241],[-81.61889,31.02462],[-81.61939,31.02638],[-81.61802,31.02762],[-81.61616,31.0271],[-81.61479,31.02834],[-81.61293,31.02783],[-81.61156,31.02907],[-81.61206,31.03082],[-81.61715,31.03062],[-81.61765,31.03238],[-81.61952,31.0329],[-81.62088,31.03166],[-81.62039,31.0299],[-81.62175,31.02866],[-81.62125,31.0269],[-81.62262,31.02566],[-81.62772,31.02546],[-81.62821,31.02722],[-81.62685,31.02846],[-81.62498,31.02794],[-81.62362,31.02918],[-81.62412,31.03094],[-81.62275,31.03218],[-81.62325,31.03394],[-81.62188,31.03518],[-81.62238,31.03694],[-81.62424,31.03746],[-81.62474,31.03922],[-81.62338,31.04046],[-81.62151,31.03994],[-81.62015,31.04118],[-81.61828,31.04066],[-81.61691,31.0419],[-81.61505,31.04138],[-81.61368,31.04262],[-81.61418,31.04438],[-81.61605,31.0449],[-81.61654,31.04666],[-81.61518,31.0479],[-81.61568,31.04966],[-81.61431,31.0509],[-81.61481,31.05266],[-81.61344,31.0539],[-81.60921,31.0511],[-81.60785,31.05234],[-81.60598,31.05182],[-81.60462,31.05306],[-81.60511,31.05482],[-81.60934,31.05762],[-81.60984,31.05938],[-81.60847,31.06062],[-81.60897,31.06238],[-81.6076,31.06362],[-81.6081,31.06538],[-81.60674,31.06662],[-81.60487,31.0661],[-81.60437,31.06434],[-81.60574,31.0631],[-81.60524,31.06134],[-81.60661,31.0601],[-81.60611,31.05834],[-81.60425,31.05782],[-81.60288,31.05906],[-81.60101,31.05854],[-81.59965,31.05978],[-81.60015,31.06154],[-81.59878,31.06278],[-81.59691,31.06226],[-81.59555,31.0635],[-81.59605,31.06526],[-81.59791,31.06578],[-81.59928,31.06454],[-81.60114,31.06506],[-81.60164,31.06682],[-81.60027,31.06805],[-81.60077,31.06981],[-81.5994,31.07105],[-81.5999,31.07281],[-81.59854,31.07405],[-81.59903,31.07581],[-81.6009,31.07633],[-81.6014,31.07809],[-81.60003,31.07933],[-81.5958,31.07653],[-81.59444,31.07777],[-81.59493,31.07953],[-81.5968,31.08005],[-81.5973,31.08181],[-81.59593,31.08305],[-81.59406,31.08253],[-81.59357,31.08077],[-81.58847,31.08097],[-81.58797,31.07921],[-81.58934,31.07797],[-81.58884,31.07621],[-81.58698,31.07569],[-81.58561,31.07693],[-81.58375,31.07641],[-81.58238,31.07765],[-81.58051,31.07713],[-81.57915,31.07837],[-81.57965,31.08013],[-81.57828,31.08136],[-81.57878,31.08312],[-81.57741,31.08436],[-81.57791,31.08612],[-81.57977,31.08664],[-81.58027,31.0884],[-81.5789,31.08964],[-81.5794,31.0914],[-81.57803,31.09264],[-81.57617,31.09212],[-81.57567,31.09036],[-81.57704,31.08912],[-81.57654,31.08736],[-81.57468,31.08684],[-81.57331,31.08808],[-81.57145,31.08756],[-81.57095,31.0858],[-81.57231,31.08456],[-81.57182,31.0828],[-81.57318,31.08156],[-81.57269,31.0798],[-81.57405,31.07856],[-81.57592,31.07908],[-81.57728,31.07785],[-81.57679,31.07609],[-81.57815,31.07485],[-81.57766,31.07309],[-81.57579,31.07257],[-81.57529,31.07081],[-81.57666,31.06957],[-81.57616,31.06781],[-81.57753,31.06657],[-81.57703,31.06481],[-81.57517,31.06429],[-81.57467,31.06253],[-81.56958,31.06273],[-81.56908,31.06097],[-81.56721,31.06045],[-81.56672,31.05869],[-81.56485,31.05817],[-81.56349,31.05941],[-81.55926,31.05661],[-81.5579,31.05785],[-81.55603,31.05733],[-81.55467,31.05857],[-81.5528,31.05805],[-81.55231,31.05629],[-81.54722,31.05649],[-81.54672,31.05473],[-81.54808,31.05349],[-81.54759,31.05173],[-81.54572,31.05121],[-81.54436,31.05245],[-81.54486,31.05421],[-81.54349,31.05545],[-81.54399,31.05721],[-81.54262,31.05845],[-81.54076,31.05793],[-81.54026,31.05617],[-81.54163,31.05493],[-81.54113,31.05317],[-81.5425,31.05193],[-81.542,31.05017],[-81.54337,31.04893],[-81.54287,31.04717],[-81.54423,31.04594],[-81.54374,31.04418],[-81.54188,31.04366],[-81.54138,31.0419],[-81.54274,31.04066],[-81.54461,31.04118],[-81.54597,31.03994],[-81.54548,31.03818],[-81.54684,31.03694],[-81.54871,31.03746],[-81.55007,31.03622],[-81.54957,31.03447],[-81.55094,31.03323],[-81.5528,31.03375],[-81.55417,31.03251],[-81.55367,31.03075],[-81.55504,31.02951],[-81.5569,31.03003],[-81.55827,31.02879],[-81.55777,31.02703],[-81.55914,31.02579],[-81.55864,31.02403],[-81.56,31.02279],[-81.56187,31.02331],[-81.56323,31.02207],[-81.56274,31.02031],[-81.5641,31.01908],[-81.56596,31.0196],[-81.56733,31.01836],[-81.56683,31.0166],[-81.5682,31.01536],[-81.57006,31.01588],[-81.57143,31.01464],[-81.57167,31.0133],[-81.57093,31.01288],[-81.5723,31.01164],[-81.57739,31.01144],[-81.57875,31.0102],[-81.58298,31.013],[-81.58434,31.01176],[-81.58621,31.01228],[-81.5867,31.01404],[-81.58534,31.01528],[-81.58348,31.01476],[-81.58211,31.016],[-81.58261,31.01776],[-81.58447,31.01827],[-81.58497,31.02003],[-81.5836,31.02127],[-81.5841,31.02303],[-81.58273,31.02427],[-81.58087,31.02375],[-81.58037,31.02199],[-81.58174,31.02075],[-81.58124,31.01899],[-81.57938,31.01848],[-81.57801,31.01971],[-81.57379,31.01692],[-81.57242,31.01816],[-81.57056,31.01764],[-81.56919,31.01888],[-81.56969,31.02063],[-81.57391,31.02343],[-81.57441,31.02519],[-81.57627,31.02571],[-81.57677,31.02747],[-81.58187,31.02727],[-81.58323,31.02603],[-81.58509,31.02655],[-81.58646,31.02531],[-81.58596,31.02355],[-81.58733,31.02231],[-81.58683,31.02055],[-81.5882,31.01931],[-81.5877,31.01755],[-81.58907,31.01631],[-81.58857,31.01456],[-81.58993,31.01332],[-81.58944,31.01156],[-81.5908,31.01032],[-81.59503,31.01311],[-81.59553,31.01487],[-81.59416,31.01611],[-81.5923,31.01559],[-81.59093,31.01683],[-81.59143,31.01859],[-81.59652,31.01839]],[[-81.56373,31.04814],[-81.5651,31.0469],[-81.5646,31.04514],[-81.56274,31.04462],[-81.56137,31.04586],[-81.56187,31.04762],[-81.56373,31.04814]],[[-81.56932,31.0497],[-81.57069,31.04846],[-81.57019,31.0467],[-81.56833,31.04618],[-81.56696,31.04742],[-81.56746,31.04918],[-81.56609,31.05042],[-81.56659,31.05218],[-81.57082,31.05498],[-81.57218,31.05374],[-81.57169,31.05198],[-81.56982,31.05146],[-81.56932,31.0497]],[[-81.57218,31.02943],[-81.57267,31.03119],[-81.57454,31.03171],[-81.5759,31.03047],[-81.57541,31.02871],[-81.57354,31.02819],[-81.57218,31.02943]],[[-81.5733,31.03947],[-81.57516,31.03999],[-81.57653,31.03875],[-81.57603,31.03699],[-81.57417,31.03647],[-81.5728,31.03771],[-81.5733,31.03947]],[[-81.58086,31.07527],[-81.58049,31.07428],[-81.57967,31.07462],[-81.58028,31.07567],[-81.58086,31.07527]],[[-81.58349,31.06338],[-81.58163,31.06286],[-81.58026,31.06409],[-81.58076,31.06585],[-81.58262,31.06637],[-81.58312,31.06813],[-81.58499,31.06865],[-81.58635,31.06741],[-81.58585,31.06565],[-81.58722,31.06442],[-81.58672,31.06266],[-81.58486,31.06214],[-81.58349,31.06338]],[[-81.59889,31.04498],[-81.5984,31.04322],[-81.59653,31.0427],[-81.59517,31.04394],[-81.5933,31.04342],[-81.59194,31.04466],[-81.59243,31.04642],[-81.5943,31.04694],[-81.5948,31.0487],[-81.59666,31.04922],[-81.59803,31.04798],[-81.59753,31.04622],[-81.59889,31.04498]],[[-81.59778,31.05926],[-81.59728,31.0575],[-81.59542,31.05698],[-81.59405,31.05822],[-81.59455,31.05998],[-81.59642,31.0605],[-81.59778,31.05926]],[[-81.61195,31.04862],[-81.61331,31.04738],[-81.61281,31.04562],[-81.61095,31.0451],[-81.60958,31.04634],[-81.61008,31.0481],[-81.61195,31.04862]]]}},{"type":"Feature","properties":{"sqmi":12.49},"geometry":{"type":"Polygon","coordinates":[[[-81.33898,32.02319],[-81.33426,32.02079],[-81.33661,32.0209],[-81.33799,32.01968],[-81.33749,32.01792],[-81.33562,32.01739],[-81.33424,32.01861],[-81.33236,32.01808],[-81.33187,32.01632],[-81.32675,32.01648],[-81.32625,32.01472],[-81.32763,32.0135],[-81.32713,32.01175],[-81.32526,32.01121],[-81.32476,32.00946],[-81.32049,32.00653],[-81.32002,32.00488],[-81.3214,32.00366],[-81.3209,32.0019],[-81.32228,32.00068],[-81.32178,31.99892],[-81.31991,31.99839],[-81.31942,31.99663],[-81.32079,31.99541],[-81.3203,31.99366],[-81.31842,31.99312],[-81.31793,31.99137],[-81.31369,31.98854],[-81.31319,31.98679],[-81.31457,31.98557],[-81.31881,31.98839],[-81.32019,31.98717],[-81.32206,31.9877],[-81.32343,31.98648],[-81.32531,31.98701],[-81.32668,31.98579],[-81.33005,31.98614],[-81.32911,31.98583],[-81.32993,31.9851],[-81.33257,31.98666],[-81.33538,31.98608],[-81.33742,31.98723],[-81.33792,31.98899],[-81.33979,31.98952],[-81.34167,31.98731],[-81.34028,31.98344],[-81.34089,31.98307],[-81.34174,31.9834],[-81.34205,31.98532],[-81.34717,31.98516],[-81.34767,31.98692],[-81.34954,31.98745],[-81.35092,31.98622],[-81.35279,31.98676],[-81.35417,31.98553],[-81.35367,31.98378],[-81.35178,31.98316],[-81.3538,31.98254],[-81.35456,31.98116],[-81.35897,31.98051],[-81.35926,31.982],[-81.36269,31.98252],[-81.36364,31.98443],[-81.3676,31.98519],[-81.36857,31.98658],[-81.36978,31.98691],[-81.37111,31.98502],[-81.36823,31.98372],[-81.36828,31.98212],[-81.37561,31.98435],[-81.37536,31.98313],[-81.37758,31.98203],[-81.3772,31.97961],[-81.37942,31.98188],[-81.38141,31.98222],[-81.38115,31.98374],[-81.38253,31.98372],[-81.38275,31.9848],[-81.3834,31.98506],[-81.38412,31.9838],[-81.38592,31.9834],[-81.38546,31.98182],[-81.38709,31.98],[-81.38878,31.98051],[-81.38927,31.97821],[-81.3899,31.97969],[-81.39047,31.97997],[-81.3913,31.97963],[-81.39218,31.97852],[-81.39302,31.9794],[-81.39387,31.97945],[-81.39431,31.97781],[-81.39569,31.97901],[-81.39891,31.97909],[-81.40249,31.97854],[-81.39972,31.97828],[-81.39938,31.97753],[-81.40336,31.97723],[-81.40435,31.97635],[-81.40956,31.97917],[-81.41198,31.97845],[-81.4133,31.98134],[-81.41193,31.98256],[-81.41005,31.98203],[-81.40867,31.98325],[-81.40917,31.98501],[-81.40779,31.98624],[-81.40829,31.98799],[-81.40692,31.98922],[-81.40741,31.99097],[-81.40604,31.9922],[-81.40653,31.99395],[-81.40516,31.99518],[-81.40328,31.99464],[-81.4019,31.99587],[-81.4024,31.99763],[-81.40103,31.99885],[-81.40152,32.00061],[-81.40015,32.00183],[-81.39827,32.0013],[-81.39689,32.00252],[-81.39739,32.00428],[-81.39601,32.0055],[-81.39414,32.00497],[-81.39276,32.00619],[-81.39326,32.00795],[-81.39188,32.00917],[-81.39001,32.00864],[-81.38863,32.00986],[-81.38913,32.01162],[-81.38775,32.01284],[-81.38825,32.0146],[-81.38687,32.01582],[-81.385,32.01529],[-81.38362,32.01651],[-81.38412,32.01827],[-81.38274,32.01949],[-81.38086,32.01896],[-81.37949,32.02018],[-81.37998,32.02194],[-81.37861,32.02316],[-81.37673,32.02263],[-81.37535,32.02385],[-81.37585,32.02561],[-81.37447,32.02683],[-81.3726,32.0263],[-81.37122,32.02752],[-81.37172,32.02928],[-81.37034,32.0305],[-81.36522,32.03066],[-81.36472,32.0289],[-81.36047,32.02608],[-81.35909,32.0273],[-81.35722,32.02677],[-81.35584,32.02799],[-81.35634,32.02975],[-81.35821,32.03028],[-81.35871,32.03204],[-81.35733,32.03326],[-81.35546,32.03273],[-81.35496,32.03097],[-81.35258,32.03089],[-81.35022,32.02639],[-81.34835,32.02586],[-81.34697,32.02708],[-81.34273,32.02426],[-81.34135,32.02548],[-81.34184,32.02724],[-81.34047,32.02846],[-81.339,32.02647],[-81.33898,32.02319]],[[-81.37863,32.01539],[-81.37722,32.01424],[-81.37466,32.01339],[-81.37464,32.01258],[-81.37385,32.01198],[-81.37156,32.0113],[-81.36842,32.01099],[-81.3655,32.00659],[-81.36268,32.00525],[-81.36319,32.00376],[-81.36304,32.00314],[-81.36041,32.00184],[-81.35441,32.00197],[-81.35162,32.00007],[-81.3543,32.0022],[-81.36026,32.00195],[-81.36282,32.00323],[-81.36248,32.00527],[-81.36547,32.0068],[-81.36836,32.0111],[-81.37327,32.01197],[-81.37468,32.01361],[-81.37863,32.01539]],[[-81.35558,32.03017],[-81.35503,32.03007],[-81.35497,32.03045],[-81.35558,32.03017]],[[-81.38577,31.98768],[-81.38704,31.98848],[-81.3862,31.98773],[-81.38577,31.98768]],[[-81.3909,31.99329],[-81.39026,31.99364],[-81.3904,31.99391],[-81.3909,31.99329]],[[-81.3906,31.9925],[-81.39105,31.99253],[-81.39109,31.99234],[-81.3906,31.9925]],[[-81.39149,31.99379],[-81.39209,31.99354],[-81.39163,31.99306],[-81.39149,31.99379]],[[-81.40325,31.98934],[-81.40441,31.98933],[-81.40384,31.98905],[-81.40325,31.98934]],[[-81.4043,31.98992],[-81.40489,31.98989],[-81.40381,31.98962],[-81.4043,31.98992]]]}},{"type":"Feature","properties":{"sqmi":12.44},"geometry":{"type":"Polygon","coordinates":[[[-76.0968,35.92745],[-76.09866,35.92654],[-76.10453,35.92709],[-76.11025,35.92599],[-76.11012,35.92435],[-76.10812,35.92362],[-76.10799,35.92197],[-76.10985,35.92106],[-76.10972,35.91942],[-76.10772,35.91869],[-76.10758,35.91704],[-76.11331,35.91595],[-76.11318,35.9143],[-76.11118,35.91357],[-76.11104,35.91193],[-76.11291,35.91102],[-76.11877,35.91156],[-76.1189,35.91321],[-76.1209,35.91394],[-76.12104,35.91558],[-76.12303,35.91631],[-76.12317,35.91795],[-76.12517,35.91868],[-76.1309,35.91758],[-76.13076,35.91594],[-76.13262,35.91503],[-76.13249,35.91338],[-76.13435,35.91247],[-76.13635,35.9132],[-76.13649,35.91484],[-76.13849,35.91557],[-76.14035,35.91466],[-76.14021,35.91301],[-76.13821,35.91228],[-76.13808,35.91064],[-76.13994,35.90973],[-76.13981,35.90809],[-76.13395,35.90754],[-76.13381,35.9059],[-76.13954,35.9048],[-76.1394,35.90316],[-76.1374,35.90243],[-76.13727,35.90079],[-76.13141,35.90024],[-76.13127,35.8986],[-76.13314,35.89769],[-76.139,35.89823],[-76.14086,35.89732],[-76.14286,35.89804],[-76.14299,35.89969],[-76.14499,35.90042],[-76.14685,35.8995],[-76.14885,35.90023],[-76.14899,35.90187],[-76.14326,35.90297],[-76.1434,35.90462],[-76.14154,35.90553],[-76.14167,35.90717],[-76.14367,35.9079],[-76.14553,35.90699],[-76.14753,35.90772],[-76.14767,35.90936],[-76.1458,35.91027],[-76.14594,35.91191],[-76.14408,35.91283],[-76.14421,35.91447],[-76.14621,35.9152],[-76.14635,35.91684],[-76.14835,35.91757],[-76.15021,35.91666],[-76.15007,35.91502],[-76.15194,35.9141],[-76.15394,35.91483],[-76.15407,35.91647],[-76.15221,35.91739],[-76.15234,35.91903],[-76.15434,35.91976],[-76.15448,35.9214],[-76.15262,35.92232],[-76.15275,35.92396],[-76.15475,35.92469],[-76.15489,35.92633],[-76.15689,35.92706],[-76.15875,35.92615],[-76.16075,35.92688],[-76.16089,35.92852],[-76.15516,35.92962],[-76.1553,35.93126],[-76.1573,35.93199],[-76.16302,35.93089],[-76.16502,35.93162],[-76.16516,35.93326],[-76.1633,35.93418],[-76.16343,35.93582],[-76.16157,35.93673],[-76.15957,35.93601],[-76.15943,35.93436],[-76.15743,35.93363],[-76.1517,35.93473],[-76.14584,35.93419],[-76.14398,35.9351],[-76.14411,35.93675],[-76.14225,35.93766],[-76.14238,35.9393],[-76.14052,35.94022],[-76.13465,35.93967],[-76.13279,35.94059],[-76.13292,35.94223],[-76.13106,35.94315],[-76.13119,35.94479],[-76.12933,35.9457],[-76.12946,35.94735],[-76.13146,35.94808],[-76.1316,35.94972],[-76.12973,35.95064],[-76.12987,35.95228],[-76.13187,35.95301],[-76.13374,35.95209],[-76.1336,35.95045],[-76.13546,35.94954],[-76.13533,35.94789],[-76.13719,35.94698],[-76.13919,35.94771],[-76.13933,35.94935],[-76.13747,35.95027],[-76.1376,35.95191],[-76.13574,35.95282],[-76.13587,35.95447],[-76.13787,35.9552],[-76.13801,35.95684],[-76.14001,35.95757],[-76.14014,35.95922],[-76.13828,35.96013],[-76.13841,35.96177],[-76.13655,35.96269],[-76.13668,35.96433],[-76.13868,35.96506],[-76.13882,35.96671],[-76.14082,35.96744],[-76.14269,35.96652],[-76.14255,35.96488],[-76.14442,35.96396],[-76.14428,35.96232],[-76.14228,35.96159],[-76.14214,35.95994],[-76.14401,35.95903],[-76.14387,35.95739],[-76.14187,35.95666],[-76.14174,35.95501],[-76.1436,35.9541],[-76.14347,35.95245],[-76.14147,35.95172],[-76.14133,35.95008],[-76.1432,35.94917],[-76.14306,35.94752],[-76.14106,35.94679],[-76.14092,35.94515],[-76.14279,35.94424],[-76.14265,35.94259],[-76.14838,35.94149],[-76.14825,35.93985],[-76.15011,35.93893],[-76.15211,35.93966],[-76.15225,35.94131],[-76.15425,35.94204],[-76.15438,35.94368],[-76.14865,35.94478],[-76.14879,35.94642],[-76.14693,35.94734],[-76.14706,35.94898],[-76.14906,35.94971],[-76.15093,35.9488],[-76.15293,35.94953],[-76.15479,35.94861],[-76.16066,35.94915],[-76.16079,35.9508],[-76.1628,35.95153],[-76.16293,35.95317],[-76.16493,35.9539],[-76.16507,35.95554],[-76.1632,35.95646],[-76.16334,35.9581],[-76.16148,35.95902],[-76.15947,35.95829],[-76.15761,35.9592],[-76.15561,35.95847],[-76.15547,35.95683],[-76.15347,35.9561],[-76.15334,35.95446],[-76.15133,35.95373],[-76.1512,35.95208],[-76.1492,35.95135],[-76.14733,35.95227],[-76.14747,35.95391],[-76.1456,35.95483],[-76.14574,35.95647],[-76.14774,35.9572],[-76.14788,35.95884],[-76.14601,35.95976],[-76.14615,35.9614],[-76.14815,35.96213],[-76.14828,35.96378],[-76.15028,35.96451],[-76.15042,35.96615],[-76.15629,35.9667],[-76.15643,35.96834],[-76.15456,35.96925],[-76.1547,35.9709],[-76.1567,35.97163],[-76.15683,35.97327],[-76.15884,35.974],[-76.15897,35.97565],[-76.16097,35.97638],[-76.16284,35.97546],[-76.1627,35.97382],[-76.16844,35.97272],[-76.1683,35.97107],[-76.17016,35.97016],[-76.17217,35.97089],[-76.1723,35.97253],[-76.1743,35.97326],[-76.17444,35.9749],[-76.17644,35.97563],[-76.17831,35.97472],[-76.17817,35.97307],[-76.17617,35.97234],[-76.17603,35.9707],[-76.1779,35.96978],[-76.1799,35.97051],[-76.18004,35.97216],[-76.18204,35.97289],[-76.18218,35.97453],[-76.18805,35.97507],[-76.18818,35.97672],[-76.18632,35.97763],[-76.18645,35.97928],[-76.18459,35.98019],[-76.18259,35.97946],[-76.18072,35.98038],[-76.18086,35.98202],[-76.18286,35.98275],[-76.18859,35.98165],[-76.1906,35.98238],[-76.19073,35.98403],[-76.18887,35.98494],[-76.183,35.9844],[-76.18113,35.98531],[-76.17913,35.98458],[-76.17726,35.9855],[-76.17139,35.98496],[-76.16953,35.98587],[-76.16753,35.98514],[-76.16566,35.98606],[-76.16366,35.98533],[-76.16179,35.98624],[-76.16193,35.98789],[-76.16006,35.9888],[-76.15806,35.98807],[-76.15792,35.98643],[-76.15979,35.98551],[-76.15965,35.98387],[-76.15378,35.98333],[-76.15365,35.98168],[-76.15551,35.98077],[-76.15538,35.97912],[-76.15337,35.97839],[-76.15151,35.97931],[-76.15164,35.98095],[-76.14978,35.98187],[-76.14991,35.98351],[-76.15192,35.98424],[-76.15205,35.98588],[-76.15019,35.9868],[-76.14818,35.98607],[-76.14805,35.98443],[-76.14605,35.9837],[-76.14418,35.98461],[-76.14432,35.98626],[-76.14632,35.98699],[-76.14645,35.98863],[-76.14459,35.98954],[-76.14259,35.98881],[-76.14245,35.98717],[-76.14045,35.98644],[-76.13471,35.98754],[-76.13271,35.98681],[-76.13258,35.98517],[-76.13057,35.98444],[-76.12871,35.98535],[-76.12884,35.98699],[-76.12698,35.98791],[-76.12111,35.98736],[-76.11924,35.98828],[-76.11724,35.98755],[-76.1171,35.9859],[-76.1151,35.98517],[-76.11497,35.98353],[-76.11683,35.98261],[-76.1167,35.98097],[-76.1147,35.98024],[-76.11456,35.97859],[-76.1203,35.9775],[-76.12016,35.97585],[-76.12203,35.97494],[-76.12189,35.97329],[-76.11989,35.97256],[-76.11802,35.97348],[-76.11602,35.97275],[-76.11589,35.9711],[-76.11389,35.97037],[-76.11375,35.96873],[-76.11175,35.968],[-76.11162,35.96635],[-76.11348,35.96544],[-76.11335,35.96379],[-76.10748,35.96325],[-76.10735,35.9616],[-76.10921,35.96069],[-76.10908,35.95905],[-76.10708,35.95832],[-76.10694,35.95667],[-76.10881,35.95576],[-76.10868,35.95411],[-76.11054,35.9532],[-76.11254,35.95393],[-76.11268,35.95557],[-76.11468,35.9563],[-76.11654,35.95539],[-76.11641,35.95375],[-76.11441,35.95302],[-76.11386,35.95122],[-76.11747,35.9482],[-76.12031,35.94811],[-76.12155,35.95077],[-76.12265,35.95104],[-76.12493,35.9499],[-76.12547,35.9469],[-76.12727,35.94662],[-76.12513,35.94575],[-76.12248,35.94933],[-76.12093,35.94729],[-76.11907,35.9466],[-76.11394,35.94811],[-76.11387,35.94644],[-76.11187,35.94571],[-76.11173,35.94407],[-76.1136,35.94315],[-76.11346,35.94151],[-76.11146,35.94078],[-76.11133,35.93914],[-76.10933,35.93841],[-76.1092,35.93676],[-76.11106,35.93585],[-76.11093,35.93421],[-76.10893,35.93348],[-76.10706,35.93439],[-76.1072,35.93603],[-76.10533,35.93695],[-76.10547,35.93859],[-76.10436,35.93913],[-76.10474,35.93671],[-76.10294,35.93529],[-76.0997,35.93458],[-76.1012,35.93384],[-76.1032,35.93457],[-76.10506,35.93366],[-76.10493,35.93202],[-76.10293,35.93129],[-76.10106,35.9322],[-76.09906,35.93147],[-76.09893,35.92983],[-76.09693,35.9291],[-76.0968,35.92745]],[[-76.11946,35.9437],[-76.11746,35.94297],[-76.1156,35.94388],[-76.11573,35.94553],[-76.11773,35.94626],[-76.1196,35.94534],[-76.11946,35.9437]],[[-76.11695,35.96032],[-76.11895,35.96105],[-76.12081,35.96014],[-76.12068,35.95849],[-76.11868,35.95776],[-76.11681,35.95868],[-76.11695,35.96032]],[[-76.12357,35.92288],[-76.12344,35.92124],[-76.12144,35.92051],[-76.11958,35.92142],[-76.11971,35.92306],[-76.11785,35.92398],[-76.11798,35.92562],[-76.11998,35.92635],[-76.12184,35.92544],[-76.12171,35.92379],[-76.12357,35.92288]],[[-76.12814,35.95484],[-76.128,35.95319],[-76.126,35.95246],[-76.12414,35.95338],[-76.12427,35.95502],[-76.12627,35.95575],[-76.12814,35.95484]],[[-76.13238,35.93566],[-76.13038,35.93493],[-76.12852,35.93584],[-76.12865,35.93749],[-76.13065,35.93822],[-76.13252,35.9373],[-76.13238,35.93566]],[[-76.13676,35.91813],[-76.13476,35.9174],[-76.13289,35.91831],[-76.13303,35.91995],[-76.13503,35.92068],[-76.13689,35.91977],[-76.13676,35.91813]],[[-76.14523,35.97383],[-76.1451,35.97218],[-76.14309,35.97145],[-76.14123,35.97237],[-76.14136,35.97401],[-76.14337,35.97474],[-76.14523,35.97383]],[[-76.17085,35.97838],[-76.17098,35.98002],[-76.17299,35.98075],[-76.17312,35.9824],[-76.17513,35.98313],[-76.17699,35.98221],[-76.17685,35.98057],[-76.17485,35.97984],[-76.17471,35.97819],[-76.17271,35.97746],[-76.17085,35.97838]]]}},{"type":"Feature","properties":{"sqmi":11.91},"geometry":{"type":"Polygon","coordinates":[[[-76.94049,35.8267],[-76.93864,35.82762],[-76.93664,35.82691],[-76.93479,35.82783],[-76.93495,35.82947],[-76.93696,35.83019],[-76.93712,35.83183],[-76.93913,35.83254],[-76.94098,35.83162],[-76.94081,35.82998],[-76.94266,35.82905],[-76.94467,35.82977],[-76.94483,35.83141],[-76.94684,35.83212],[-76.947,35.83376],[-76.95286,35.83427],[-76.95302,35.83591],[-76.95503,35.83662],[-76.9552,35.83826],[-76.9572,35.83898],[-76.95905,35.83805],[-76.95889,35.83641],[-76.96459,35.83527],[-76.96659,35.83599],[-76.96676,35.83763],[-76.96877,35.83834],[-76.96893,35.83998],[-76.97094,35.8407],[-76.97278,35.83977],[-76.97262,35.83813],[-76.97061,35.83742],[-76.97045,35.83578],[-76.97229,35.83485],[-76.9743,35.83557],[-76.97446,35.83721],[-76.97647,35.83792],[-76.97832,35.83699],[-76.97815,35.83535],[-76.98385,35.83422],[-76.98586,35.83493],[-76.98602,35.83657],[-76.98803,35.83729],[-76.9882,35.83893],[-76.98635,35.83985],[-76.98049,35.83935],[-76.97864,35.84027],[-76.97881,35.84191],[-76.97696,35.84284],[-76.97713,35.84448],[-76.97143,35.84562],[-76.97159,35.84726],[-76.96974,35.84818],[-76.96991,35.84982],[-76.96806,35.85075],[-76.96823,35.85239],[-76.96638,35.85332],[-76.96654,35.85496],[-76.9647,35.85588],[-76.96486,35.85752],[-76.95916,35.85866],[-76.95932,35.8603],[-76.95748,35.86122],[-76.95547,35.86051],[-76.95362,35.86144],[-76.95378,35.86308],[-76.95194,35.864],[-76.9521,35.86564],[-76.9464,35.86678],[-76.94656,35.86842],[-76.94471,35.86935],[-76.9427,35.86863],[-76.94086,35.86956],[-76.94102,35.8712],[-76.93917,35.87212],[-76.9333,35.87162],[-76.93146,35.87254],[-76.93162,35.87418],[-76.92977,35.87511],[-76.92391,35.8746],[-76.92206,35.87553],[-76.92005,35.87481],[-76.9182,35.87574],[-76.91836,35.87738],[-76.91652,35.8783],[-76.91065,35.8778],[-76.9088,35.87872],[-76.90555,35.87775],[-76.90425,35.87625],[-76.90336,35.87003],[-76.90207,35.86822],[-76.89425,35.8654],[-76.89303,35.86397],[-76.89402,35.86194],[-76.90014,35.85788],[-76.90008,35.85581],[-76.89766,35.85199],[-76.89725,35.84958],[-76.90004,35.84868],[-76.89938,35.84687],[-76.90194,35.84445],[-76.90347,35.83827],[-76.90316,35.83663],[-76.90163,35.83523],[-76.89489,35.83307],[-76.89423,35.82995],[-76.8962,35.82791],[-76.89978,35.82632],[-76.9018,35.82715],[-76.90196,35.82879],[-76.90397,35.82951],[-76.90581,35.82858],[-76.90565,35.82694],[-76.90364,35.82623],[-76.90395,35.82383],[-76.90199,35.82189],[-76.90316,35.82131],[-76.90517,35.82203],[-76.90701,35.8211],[-76.90902,35.82182],[-76.91087,35.82089],[-76.91287,35.82161],[-76.91472,35.82068],[-76.91456,35.81904],[-76.9164,35.81812],[-76.91624,35.81648],[-76.91809,35.81555],[-76.92009,35.81627],[-76.92194,35.81535],[-76.92178,35.81371],[-76.92362,35.81278],[-76.92563,35.8135],[-76.92579,35.81514],[-76.9278,35.81585],[-76.92796,35.81749],[-76.92997,35.81821],[-76.93013,35.81984],[-76.92828,35.82077],[-76.92844,35.82241],[-76.9266,35.82333],[-76.92676,35.82497],[-76.92877,35.82569],[-76.93061,35.82476],[-76.93262,35.82548],[-76.93447,35.82455],[-76.94033,35.82506],[-76.94049,35.8267]],[[-76.91167,35.82909],[-76.91183,35.83073],[-76.91384,35.83145],[-76.91569,35.83052],[-76.91552,35.82888],[-76.91352,35.82817],[-76.91167,35.82909]],[[-76.92025,35.81791],[-76.91841,35.81883],[-76.91857,35.82047],[-76.92058,35.82119],[-76.92242,35.82026],[-76.92226,35.81862],[-76.92025,35.81791]],[[-76.92074,35.82283],[-76.91889,35.82375],[-76.91906,35.82539],[-76.92106,35.82611],[-76.92291,35.82518],[-76.92275,35.82354],[-76.92074,35.82283]]]}},{"type":"Feature","properties":{"sqmi":11.23},"geometry":{"type":"Polygon","coordinates":[[[-81.50731,31.35272],[-81.5064,31.35311],[-81.50601,31.35426],[-81.50551,31.3525],[-81.50688,31.35127],[-81.50638,31.34951],[-81.50775,31.34827],[-81.50725,31.34652],[-81.50215,31.3467],[-81.50165,31.34494],[-81.49979,31.34442],[-81.49929,31.34266],[-81.50066,31.34143],[-81.50253,31.34195],[-81.50302,31.34371],[-81.50489,31.34423],[-81.50626,31.343],[-81.50576,31.34124],[-81.5039,31.34072],[-81.5034,31.33896],[-81.50153,31.33843],[-81.50104,31.33668],[-81.49917,31.33615],[-81.4978,31.33739],[-81.49357,31.33458],[-81.49307,31.33282],[-81.49444,31.33159],[-81.49395,31.32983],[-81.49531,31.3286],[-81.49482,31.32684],[-81.49619,31.3256],[-81.49569,31.32384],[-81.49382,31.32332],[-81.49333,31.32156],[-81.48823,31.32175],[-81.48773,31.31999],[-81.4891,31.31876],[-81.4886,31.317],[-81.4835,31.31718],[-81.48301,31.31543],[-81.48437,31.31419],[-81.48388,31.31243],[-81.48525,31.3112],[-81.48711,31.31172],[-81.48848,31.31049],[-81.49035,31.31101],[-81.49172,31.30978],[-81.49358,31.3103],[-81.49495,31.30907],[-81.49445,31.30731],[-81.49582,31.30608],[-81.49769,31.3066],[-81.49906,31.30536],[-81.50329,31.30817],[-81.50378,31.30993],[-81.50565,31.31045],[-81.50615,31.31221],[-81.50801,31.31273],[-81.50851,31.31449],[-81.50714,31.31573],[-81.50764,31.31749],[-81.51274,31.3173],[-81.51324,31.31906],[-81.5151,31.31958],[-81.51647,31.31835],[-81.51598,31.31659],[-81.51735,31.31535],[-81.51685,31.31359],[-81.51822,31.31236],[-81.52008,31.31288],[-81.52058,31.31464],[-81.51921,31.31588],[-81.51971,31.31763],[-81.52158,31.31816],[-81.52295,31.31692],[-81.52245,31.31516],[-81.52382,31.31393],[-81.52568,31.31445],[-81.52618,31.31621],[-81.52805,31.31673],[-81.52855,31.31849],[-81.53278,31.3213],[-81.53415,31.32006],[-81.53365,31.31831],[-81.53178,31.31778],[-81.53128,31.31602],[-81.53265,31.31479],[-81.53689,31.31759],[-81.53826,31.31636],[-81.54012,31.31688],[-81.54149,31.31565],[-81.54099,31.31389],[-81.54236,31.31265],[-81.54423,31.31318],[-81.5456,31.31194],[-81.54983,31.31475],[-81.5512,31.31351],[-81.55307,31.31403],[-81.55357,31.31579],[-81.55544,31.31631],[-81.55593,31.31807],[-81.55456,31.31931],[-81.55506,31.32107],[-81.55696,31.32157],[-81.55728,31.32251],[-81.55981,31.31981],[-81.55927,31.31891],[-81.55817,31.31989],[-81.5578,31.3186],[-81.55917,31.31736],[-81.56024,31.31887],[-81.55988,31.31756],[-81.56104,31.31788],[-81.56241,31.31665],[-81.56191,31.31489],[-81.56328,31.31365],[-81.56515,31.31418],[-81.56565,31.31594],[-81.56428,31.31717],[-81.56478,31.31893],[-81.56341,31.32017],[-81.5639,31.32193],[-81.56253,31.32316],[-81.56067,31.32264],[-81.5593,31.32387],[-81.5598,31.32563],[-81.56166,31.32615],[-81.56216,31.32791],[-81.56079,31.32915],[-81.56129,31.33091],[-81.55992,31.33214],[-81.56042,31.3339],[-81.55905,31.33514],[-81.55955,31.3369],[-81.55818,31.33813],[-81.55631,31.33761],[-81.55494,31.33884],[-81.55544,31.3406],[-81.55407,31.34184],[-81.55457,31.3436],[-81.5532,31.34483],[-81.5537,31.34659],[-81.55233,31.34782],[-81.55282,31.34958],[-81.55145,31.35082],[-81.55195,31.35258],[-81.55058,31.35381],[-81.55108,31.35557],[-81.54971,31.35681],[-81.54784,31.35628],[-81.54647,31.35752],[-81.54697,31.35928],[-81.5456,31.36051],[-81.5461,31.36227],[-81.54473,31.3635],[-81.54523,31.36526],[-81.54386,31.3665],[-81.54435,31.36826],[-81.54298,31.36949],[-81.54348,31.37125],[-81.54211,31.37248],[-81.54261,31.37424],[-81.54143,31.37616],[-81.53685,31.37181],[-81.53588,31.36801],[-81.52903,31.36599],[-81.5272,31.36375],[-81.52332,31.36191],[-81.52239,31.35968],[-81.52469,31.35876],[-81.52508,31.35806],[-81.52578,31.35983],[-81.52685,31.35906],[-81.52657,31.36006],[-81.52776,31.36017],[-81.52808,31.35984],[-81.5276,31.35887],[-81.52851,31.35922],[-81.52898,31.35789],[-81.52963,31.35926],[-81.53095,31.35941],[-81.53168,31.35898],[-81.53195,31.36011],[-81.53421,31.36036],[-81.53453,31.35946],[-81.53518,31.36007],[-81.53697,31.35929],[-81.53438,31.35931],[-81.53414,31.36011],[-81.53194,31.35984],[-81.53181,31.35875],[-81.52975,31.35901],[-81.52899,31.35769],[-81.52831,31.359],[-81.52773,31.35866],[-81.52733,31.35883],[-81.52783,31.35985],[-81.52694,31.35994],[-81.52707,31.35887],[-81.52585,31.35963],[-81.52551,31.35812],[-81.52495,31.35783],[-81.52216,31.3588],[-81.52146,31.357],[-81.51967,31.35607],[-81.52114,31.3558],[-81.52216,31.35331],[-81.52242,31.35413],[-81.52335,31.35361],[-81.52379,31.35454],[-81.525,31.35332],[-81.52468,31.35435],[-81.5251,31.35461],[-81.52687,31.35394],[-81.52769,31.35249],[-81.52505,31.35425],[-81.52514,31.35303],[-81.52387,31.35429],[-81.52362,31.35324],[-81.52264,31.35394],[-81.52248,31.35318],[-81.52201,31.35313],[-81.52091,31.35562],[-81.51936,31.35584],[-81.50865,31.35526],[-81.50629,31.35434],[-81.50731,31.35272]],[[-81.50027,31.32935],[-81.50078,31.32888],[-81.49982,31.32886],[-81.50027,31.32935]],[[-81.51248,31.35284],[-81.51198,31.35108],[-81.51012,31.35056],[-81.50875,31.35179],[-81.50924,31.35355],[-81.51111,31.35407],[-81.51248,31.35284]],[[-81.52394,31.32044],[-81.52207,31.31992],[-81.5207,31.32115],[-81.5212,31.32291],[-81.52307,31.32343],[-81.52444,31.3222],[-81.52394,31.32044]],[[-81.54299,31.32092],[-81.54249,31.31916],[-81.54062,31.31864],[-81.53925,31.31988],[-81.53975,31.32163],[-81.54162,31.32216],[-81.54299,31.32092]],[[-81.55419,31.31871],[-81.55415,31.31856],[-81.55371,31.31862],[-81.55419,31.31871]],[[-81.55527,31.31712],[-81.555,31.31635],[-81.55512,31.31714],[-81.55527,31.31712]],[[-81.55894,31.32676],[-81.55944,31.3256],[-81.55876,31.32536],[-81.55843,31.3273],[-81.55894,31.32676]],[[-81.55878,31.32529],[-81.55944,31.32538],[-81.55897,31.32376],[-81.55878,31.32529]],[[-81.56002,31.31922],[-81.56008,31.31947],[-81.56043,31.31925],[-81.56002,31.31922]],[[-81.56256,31.32148],[-81.56259,31.32119],[-81.56221,31.32111],[-81.56256,31.32148]]]}},{"type":"Feature","properties":{"sqmi":11.17},"geometry":{"type":"Polygon","coordinates":[[[-77.26986,34.73775],[-77.27165,34.73683],[-77.27362,34.73753],[-77.27542,34.73662],[-77.27525,34.73501],[-77.27705,34.73409],[-77.27902,34.73479],[-77.28081,34.73388],[-77.28655,34.73436],[-77.28672,34.73597],[-77.28492,34.73688],[-77.28509,34.73849],[-77.27953,34.73962],[-77.2797,34.74123],[-77.28166,34.74193],[-77.28183,34.74354],[-77.28004,34.74445],[-77.28021,34.74606],[-77.28217,34.74676],[-77.28234,34.74837],[-77.27678,34.7495],[-77.27695,34.75111],[-77.28106,34.75412],[-77.28123,34.75573],[-77.28319,34.75642],[-77.28336,34.75803],[-77.28157,34.75895],[-77.28174,34.76056],[-77.2837,34.76126],[-77.2855,34.76034],[-77.28533,34.75873],[-77.28713,34.75782],[-77.29124,34.76082],[-77.29141,34.76243],[-77.29338,34.76313],[-77.29355,34.76474],[-77.29929,34.76522],[-77.29946,34.76683],[-77.29389,34.76796],[-77.29192,34.76726],[-77.29012,34.76818],[-77.29029,34.76979],[-77.28849,34.7707],[-77.28652,34.77001],[-77.28635,34.7684],[-77.28438,34.7677],[-77.28259,34.76861],[-77.28276,34.77022],[-77.28472,34.77092],[-77.28489,34.77253],[-77.2831,34.77345],[-77.27736,34.77297],[-77.27719,34.77136],[-77.27522,34.77066],[-77.27342,34.77157],[-77.27145,34.77088],[-77.27128,34.76926],[-77.26931,34.76857],[-77.26751,34.76948],[-77.26768,34.77109],[-77.26588,34.77201],[-77.26605,34.77362],[-77.26425,34.77453],[-77.26442,34.77614],[-77.26262,34.77706],[-77.26279,34.77867],[-77.26099,34.77958],[-77.26116,34.78119],[-77.26313,34.78189],[-77.26493,34.78098],[-77.26476,34.77937],[-77.26656,34.77845],[-77.26639,34.77684],[-77.26819,34.77593],[-77.27016,34.77662],[-77.27033,34.77823],[-77.2723,34.77893],[-77.27247,34.78054],[-77.2669,34.78167],[-77.26707,34.78329],[-77.26527,34.7842],[-77.25953,34.78372],[-77.25773,34.78463],[-77.25576,34.78394],[-77.25396,34.78485],[-77.25413,34.78646],[-77.2561,34.78716],[-77.2579,34.78625],[-77.25987,34.78694],[-77.26004,34.78855],[-77.25823,34.78947],[-77.25627,34.78877],[-77.25446,34.78968],[-77.25249,34.78899],[-77.25233,34.78738],[-77.25036,34.78668],[-77.24856,34.78759],[-77.24872,34.7892],[-77.24692,34.79012],[-77.24495,34.78942],[-77.24479,34.78781],[-77.24282,34.78711],[-77.24265,34.7855],[-77.24068,34.7848],[-77.23888,34.78571],[-77.23905,34.78733],[-77.23724,34.78824],[-77.23741,34.78985],[-77.24315,34.79033],[-77.24332,34.79195],[-77.24152,34.79286],[-77.24169,34.79447],[-77.24366,34.79517],[-77.24383,34.79678],[-77.2458,34.79748],[-77.24597,34.79909],[-77.24417,34.8],[-77.23843,34.79952],[-77.23662,34.80044],[-77.23465,34.79974],[-77.23285,34.80065],[-77.23302,34.80226],[-77.23499,34.80296],[-77.23516,34.80458],[-77.23336,34.80549],[-77.23353,34.8071],[-77.23173,34.80802],[-77.23189,34.80963],[-77.23386,34.81033],[-77.23944,34.8092],[-77.24141,34.80989],[-77.24158,34.81151],[-77.236,34.81264],[-77.23617,34.81425],[-77.23437,34.81516],[-77.2324,34.81446],[-77.23223,34.81285],[-77.23026,34.81215],[-77.22469,34.81328],[-77.21894,34.8128],[-77.21878,34.81119],[-77.22058,34.81027],[-77.22041,34.80866],[-77.22221,34.80775],[-77.22795,34.80823],[-77.22975,34.80732],[-77.22959,34.8057],[-77.23139,34.80479],[-77.23122,34.80318],[-77.22925,34.80248],[-77.22908,34.80087],[-77.22334,34.80039],[-77.22154,34.8013],[-77.21957,34.8006],[-77.2194,34.79899],[-77.21743,34.79829],[-77.21563,34.7992],[-77.2158,34.80082],[-77.214,34.80173],[-77.21203,34.80103],[-77.21186,34.79942],[-77.20989,34.79872],[-77.20809,34.79964],[-77.20825,34.80125],[-77.20645,34.80216],[-77.20448,34.80146],[-77.20268,34.80238],[-77.20071,34.80168],[-77.20054,34.80006],[-77.1948,34.79958],[-77.19464,34.79797],[-77.19644,34.79706],[-77.19841,34.79775],[-77.20398,34.79663],[-77.20381,34.79501],[-77.20561,34.7941],[-77.20545,34.79249],[-77.21102,34.79136],[-77.21085,34.78975],[-77.20888,34.78905],[-77.20708,34.78996],[-77.20511,34.78927],[-77.20494,34.78765],[-77.1992,34.78717],[-77.19904,34.78556],[-77.20084,34.78465],[-77.20067,34.78303],[-77.1987,34.78234],[-77.19853,34.78072],[-77.20411,34.7796],[-77.20394,34.77798],[-77.20574,34.77707],[-77.20557,34.77546],[-77.2036,34.77476],[-77.20344,34.77315],[-77.20147,34.77245],[-77.2013,34.77084],[-77.19933,34.77014],[-77.19916,34.76853],[-77.1972,34.76783],[-77.19703,34.76622],[-77.19506,34.76552],[-77.19489,34.76391],[-77.19669,34.763],[-77.19866,34.7637],[-77.19883,34.76531],[-77.2008,34.76601],[-77.20097,34.76762],[-77.20293,34.76832],[-77.20473,34.7674],[-77.2067,34.7681],[-77.2085,34.76719],[-77.20834,34.76558],[-77.21014,34.76466],[-77.20997,34.76305],[-77.208,34.76236],[-77.20243,34.76348],[-77.20046,34.76278],[-77.2003,34.76117],[-77.19833,34.76048],[-77.19816,34.75886],[-77.19996,34.75795],[-77.20193,34.75865],[-77.2021,34.76026],[-77.20406,34.76096],[-77.20586,34.76005],[-77.2057,34.75844],[-77.20373,34.75774],[-77.20356,34.75613],[-77.20536,34.75521],[-77.2111,34.7557],[-77.2129,34.75478],[-77.21273,34.75317],[-77.21453,34.75226],[-77.2165,34.75296],[-77.21667,34.75457],[-77.21487,34.75548],[-77.21503,34.75709],[-77.217,34.75779],[-77.21717,34.7594],[-77.22291,34.75988],[-77.22307,34.76149],[-77.22504,34.76219],[-77.22684,34.76128],[-77.23258,34.76176],[-77.23275,34.76337],[-77.23472,34.76407],[-77.23488,34.76568],[-77.23685,34.76638],[-77.23702,34.76799],[-77.23522,34.7689],[-77.23539,34.77051],[-77.24113,34.771],[-77.2413,34.77261],[-77.24327,34.7733],[-77.24507,34.77239],[-77.2449,34.77078],[-77.24293,34.77008],[-77.24276,34.76847],[-77.24079,34.76777],[-77.24062,34.76616],[-77.24242,34.76525],[-77.24225,34.76364],[-77.24405,34.76272],[-77.24979,34.76321],[-77.24996,34.76482],[-77.24816,34.76573],[-77.24833,34.76734],[-77.2503,34.76804],[-77.2521,34.76713],[-77.25193,34.76551],[-77.25373,34.7646],[-77.25356,34.76299],[-77.25159,34.76229],[-77.25142,34.76068],[-77.25322,34.75977],[-77.25305,34.75816],[-77.25485,34.75724],[-77.25468,34.75563],[-77.25271,34.75494],[-77.25254,34.75332],[-77.25434,34.75241],[-77.25845,34.75542],[-77.26025,34.7545],[-77.26008,34.75289],[-77.25811,34.75219],[-77.25794,34.75058],[-77.25974,34.74967],[-77.26385,34.75268],[-77.26565,34.75176],[-77.26548,34.75015],[-77.26728,34.74924],[-77.26711,34.74763],[-77.26514,34.74693],[-77.26497,34.74532],[-77.26677,34.74441],[-77.2666,34.7428],[-77.2684,34.74188],[-77.26823,34.74027],[-77.27002,34.73936],[-77.26986,34.73775]],[[-77.2189,34.79415],[-77.21693,34.79346],[-77.21676,34.79184],[-77.21479,34.79115],[-77.21299,34.79206],[-77.21316,34.79367],[-77.21135,34.79458],[-77.20938,34.79389],[-77.20758,34.7948],[-77.20775,34.79641],[-77.20972,34.79711],[-77.21152,34.7962],[-77.21726,34.79668],[-77.21906,34.79577],[-77.2189,34.79415]],[[-77.20984,34.78008],[-77.21001,34.78169],[-77.21198,34.78239],[-77.21378,34.78148],[-77.21361,34.77986],[-77.21165,34.77917],[-77.20984,34.78008]],[[-77.21248,34.78722],[-77.21429,34.78631],[-77.21412,34.7847],[-77.21215,34.784],[-77.21035,34.78491],[-77.21052,34.78653],[-77.21248,34.78722]],[[-77.21902,34.77712],[-77.21918,34.77874],[-77.22492,34.77922],[-77.22672,34.7783],[-77.22656,34.77669],[-77.22836,34.77578],[-77.22819,34.77417],[-77.22622,34.77347],[-77.22442,34.77438],[-77.22459,34.776],[-77.21902,34.77712]],[[-77.23674,34.78341],[-77.23854,34.78249],[-77.23837,34.78088],[-77.23263,34.7804],[-77.23083,34.78131],[-77.231,34.78292],[-77.23674,34.78341]],[[-77.23573,34.77374],[-77.2359,34.77535],[-77.23786,34.77605],[-77.23966,34.77513],[-77.2395,34.77352],[-77.23753,34.77282],[-77.23573,34.77374]],[[-77.24968,34.78023],[-77.24985,34.78184],[-77.24805,34.78276],[-77.24822,34.78437],[-77.25019,34.78507],[-77.25199,34.78415],[-77.25182,34.78254],[-77.25739,34.78141],[-77.25722,34.7798],[-77.25902,34.77889],[-77.25885,34.77727],[-77.25688,34.77658],[-77.25508,34.77749],[-77.25525,34.7791],[-77.24968,34.78023]],[[-77.28011,34.76308],[-77.27831,34.764],[-77.27848,34.76561],[-77.27668,34.76652],[-77.27685,34.76813],[-77.27882,34.76883],[-77.28062,34.76792],[-77.28045,34.76631],[-77.28601,34.76517],[-77.28584,34.76356],[-77.28011,34.76308]]]}},{"type":"Feature","properties":{"sqmi":10.92},"geometry":{"type":"Polygon","coordinates":[[[-81.20436,29.13796],[-81.20618,29.13847],[-81.20666,29.14022],[-81.20848,29.14072],[-81.20896,29.14248],[-81.21308,29.14524],[-81.21356,29.14699],[-81.21222,29.14825],[-81.2127,29.15001],[-81.21136,29.15126],[-81.21184,29.15302],[-81.2105,29.15427],[-81.20868,29.15377],[-81.20734,29.15502],[-81.20782,29.15678],[-81.20648,29.15803],[-81.20466,29.15753],[-81.20332,29.15878],[-81.2038,29.16054],[-81.20246,29.16179],[-81.20064,29.16129],[-81.1993,29.16255],[-81.19978,29.1643],[-81.19844,29.16556],[-81.19662,29.16505],[-81.19528,29.16631],[-81.19576,29.16806],[-81.19442,29.16932],[-81.1926,29.16882],[-81.19126,29.17007],[-81.19174,29.17183],[-81.1904,29.17308],[-81.19088,29.17483],[-81.18954,29.17609],[-81.18772,29.17559],[-81.18638,29.17684],[-81.18686,29.1786],[-81.18552,29.17985],[-81.1837,29.17935],[-81.18322,29.17759],[-81.1814,29.17709],[-81.18092,29.17533],[-81.1791,29.17483],[-81.17776,29.17608],[-81.17824,29.17784],[-81.18236,29.1806],[-81.18284,29.18236],[-81.1815,29.18361],[-81.17968,29.18311],[-81.17833,29.18436],[-81.17881,29.18612],[-81.17747,29.18737],[-81.17795,29.18913],[-81.17977,29.18963],[-81.18025,29.19138],[-81.17891,29.19264],[-81.17939,29.19439],[-81.18122,29.1949],[-81.1817,29.19665],[-81.18035,29.1979],[-81.18083,29.19966],[-81.18496,29.20242],[-81.18544,29.20418],[-81.1841,29.20543],[-81.18458,29.20719],[-81.1864,29.20769],[-81.18688,29.20944],[-81.18554,29.2107],[-81.18602,29.21245],[-81.18784,29.21296],[-81.18832,29.21471],[-81.18698,29.21597],[-81.18746,29.21772],[-81.18928,29.21822],[-81.18976,29.21998],[-81.18842,29.22123],[-81.1889,29.22299],[-81.19072,29.22349],[-81.1912,29.22525],[-81.18986,29.2265],[-81.19034,29.22826],[-81.189,29.22951],[-81.18718,29.22901],[-81.1867,29.22725],[-81.18804,29.226],[-81.18756,29.22424],[-81.18574,29.22374],[-81.1844,29.22499],[-81.18488,29.22675],[-81.18354,29.228],[-81.18402,29.22976],[-81.18268,29.23101],[-81.18316,29.23277],[-81.18181,29.23402],[-81.17769,29.23126],[-81.17721,29.2295],[-81.17539,29.229],[-81.17491,29.22724],[-81.17309,29.22674],[-81.17175,29.22799],[-81.16763,29.22523],[-81.16629,29.22648],[-81.16131,29.22673],[-81.15996,29.22798],[-81.16044,29.22974],[-81.1591,29.23099],[-81.15728,29.23049],[-81.15594,29.23174],[-81.15642,29.23349],[-81.15508,29.23475],[-81.15326,29.23424],[-81.15278,29.23249],[-81.15412,29.23124],[-81.15364,29.22948],[-81.15498,29.22823],[-81.1568,29.22873],[-81.15814,29.22748],[-81.15766,29.22572],[-81.15584,29.22522],[-81.15536,29.22346],[-81.15354,29.22296],[-81.15306,29.2212],[-81.15124,29.2207],[-81.1499,29.22195],[-81.14808,29.22145],[-81.1476,29.2197],[-81.15211,29.21769],[-81.15393,29.2182],[-81.15527,29.21694],[-81.15709,29.21745],[-81.15843,29.21619],[-81.15795,29.21444],[-81.15297,29.21469],[-81.15249,29.21293],[-81.15067,29.21243],[-81.15019,29.21067],[-81.15153,29.20942],[-81.15105,29.20766],[-81.14923,29.20716],[-81.14789,29.20841],[-81.14837,29.21017],[-81.14703,29.21142],[-81.14521,29.21092],[-81.14473,29.20916],[-81.14607,29.20791],[-81.14559,29.20615],[-81.14377,29.20565],[-81.14329,29.2039],[-81.14463,29.20264],[-81.14415,29.20089],[-81.14549,29.19963],[-81.14731,29.20014],[-81.15181,29.19814],[-81.15363,29.19864],[-81.15497,29.19739],[-81.15449,29.19563],[-81.14951,29.19588],[-81.14903,29.19412],[-81.14491,29.19136],[-81.14357,29.19261],[-81.14175,29.19211],[-81.13725,29.19411],[-81.13544,29.19361],[-81.13496,29.19185],[-81.13946,29.18985],[-81.14128,29.19035],[-81.14262,29.1891],[-81.14443,29.1896],[-81.14577,29.18835],[-81.14759,29.18885],[-81.14893,29.1876],[-81.15075,29.1881],[-81.15209,29.18685],[-81.15391,29.18735],[-81.15525,29.1861],[-81.15707,29.1866],[-81.15841,29.18535],[-81.15793,29.1836],[-81.15927,29.18234],[-81.15879,29.18059],[-81.16329,29.17858],[-81.16282,29.17683],[-81.16416,29.17558],[-81.16827,29.17834],[-81.16961,29.17708],[-81.16913,29.17533],[-81.17048,29.17407],[-81.17,29.17232],[-81.1745,29.17031],[-81.17402,29.16856],[-81.1722,29.16806],[-81.17172,29.1663],[-81.17306,29.16505],[-81.17258,29.16329],[-81.17392,29.16204],[-81.17344,29.16028],[-81.17478,29.15903],[-81.1743,29.15727],[-81.17248,29.15677],[-81.172,29.15501],[-81.17334,29.15376],[-81.17286,29.15201],[-81.17736,29.15],[-81.18148,29.15276],[-81.18282,29.15151],[-81.18234,29.14975],[-81.17822,29.14699],[-81.17774,29.14523],[-81.17908,29.14398],[-81.1809,29.14448],[-81.18138,29.14624],[-81.1832,29.14674],[-81.18454,29.14549],[-81.18406,29.14373],[-81.18224,29.14323],[-81.18176,29.14147],[-81.1831,29.14022],[-81.18722,29.14298],[-81.18856,29.14173],[-81.18808,29.13997],[-81.18942,29.13872],[-81.19354,29.14148],[-81.19804,29.13947],[-81.19986,29.13997],[-81.20436,29.13796]],[[-81.15555,29.20566],[-81.15507,29.20391],[-81.15325,29.2034],[-81.15191,29.20465],[-81.15239,29.20641],[-81.15421,29.20691],[-81.15555,29.20566]],[[-81.15439,29.18911],[-81.15305,29.19036],[-81.15353,29.19212],[-81.15535,29.19262],[-81.15669,29.19137],[-81.15621,29.18961],[-81.15439,29.18911]],[[-81.159,29.22447],[-81.16083,29.22497],[-81.16217,29.22372],[-81.16169,29.22197],[-81.15987,29.22146],[-81.15853,29.22271],[-81.159,29.22447]],[[-81.16845,29.18477],[-81.17544,29.18588],[-81.17651,29.18386],[-81.17603,29.1821],[-81.17421,29.1816],[-81.16845,29.18477]],[[-81.17941,29.22524],[-81.18123,29.22574],[-81.18258,29.22449],[-81.1821,29.22273],[-81.18027,29.22223],[-81.17893,29.22348],[-81.17941,29.22524]],[[-81.18612,29.21897],[-81.1843,29.21847],[-81.18296,29.21973],[-81.18344,29.22148],[-81.18526,29.22198],[-81.1866,29.22073],[-81.18612,29.21897]],[[-81.19268,29.14449],[-81.19086,29.14398],[-81.18952,29.14524],[-81.19,29.14699],[-81.19182,29.1475],[-81.19316,29.14624],[-81.19268,29.14449]],[[-81.19326,29.15276],[-81.19144,29.15226],[-81.1901,29.15351],[-81.19058,29.15527],[-81.1924,29.15577],[-81.19374,29.15452],[-81.19326,29.15276]],[[-81.20016,29.15954],[-81.2015,29.15828],[-81.20102,29.15653],[-81.1992,29.15602],[-81.19786,29.15728],[-81.19834,29.15903],[-81.20016,29.15954]]]}},{"type":"Feature","properties":{"sqmi":10.79},"geometry":{"type":"Polygon","coordinates":[[[-81.35387,31.59445],[-81.3525,31.59568],[-81.353,31.59744],[-81.35162,31.59866],[-81.34976,31.59814],[-81.34839,31.59936],[-81.34888,31.60112],[-81.34751,31.60235],[-81.3424,31.60252],[-81.34103,31.60375],[-81.34153,31.6055],[-81.34016,31.60673],[-81.34065,31.60849],[-81.33928,31.60972],[-81.33741,31.60919],[-81.33692,31.60743],[-81.33829,31.6062],[-81.3378,31.60445],[-81.33917,31.60322],[-81.33867,31.60146],[-81.34004,31.60023],[-81.33955,31.59848],[-81.33768,31.59795],[-81.33719,31.59619],[-81.33856,31.59496],[-81.33807,31.59321],[-81.33944,31.59198],[-81.33894,31.59022],[-81.34031,31.589],[-81.33982,31.58724],[-81.33795,31.58671],[-81.33658,31.58794],[-81.33708,31.58969],[-81.33571,31.59092],[-81.3362,31.59268],[-81.33483,31.59391],[-81.33532,31.59566],[-81.33395,31.59689],[-81.33445,31.59865],[-81.33631,31.59918],[-81.33681,31.60093],[-81.33543,31.60216],[-81.33593,31.60392],[-81.33456,31.60515],[-81.33269,31.60462],[-81.33132,31.60584],[-81.33181,31.6076],[-81.33368,31.60813],[-81.33417,31.60989],[-81.3328,31.61111],[-81.32858,31.6083],[-81.3272,31.60953],[-81.3277,31.61128],[-81.32633,31.61251],[-81.32446,31.61198],[-81.32397,31.61023],[-81.32534,31.609],[-81.32484,31.60724],[-81.32622,31.60601],[-81.32572,31.60426],[-81.32709,31.60303],[-81.3266,31.60127],[-81.32797,31.60005],[-81.32984,31.60057],[-81.33121,31.59935],[-81.33071,31.59759],[-81.33209,31.59636],[-81.33159,31.59461],[-81.33296,31.59338],[-81.33247,31.59162],[-81.33384,31.59039],[-81.33335,31.58864],[-81.33472,31.58741],[-81.33422,31.58565],[-81.33559,31.58443],[-81.33746,31.58495],[-81.33883,31.58373],[-81.33834,31.58197],[-81.33971,31.58074],[-81.33921,31.57898],[-81.34059,31.57776],[-81.34009,31.576],[-81.34146,31.57477],[-81.34097,31.57301],[-81.34234,31.57179],[-81.34184,31.57003],[-81.34322,31.5688],[-81.34508,31.56933],[-81.34645,31.5681],[-81.34596,31.56634],[-81.34733,31.56512],[-81.3492,31.56564],[-81.34969,31.5674],[-81.34832,31.56863],[-81.34881,31.57039],[-81.35392,31.57021],[-81.35529,31.56899],[-81.35715,31.56951],[-81.35853,31.56829],[-81.36275,31.5711],[-81.36219,31.5752],[-81.36096,31.57531],[-81.36055,31.57563],[-81.36075,31.57618],[-81.36245,31.57693],[-81.35999,31.57708],[-81.35921,31.5776],[-81.35958,31.57797],[-81.36094,31.57757],[-81.36143,31.57844],[-81.36086,31.57994],[-81.36157,31.58076],[-81.36112,31.58182],[-81.36116,31.5825],[-81.36011,31.58336],[-81.36129,31.5827],[-81.36178,31.58072],[-81.36106,31.57982],[-81.36172,31.57861],[-81.36123,31.5775],[-81.35952,31.57754],[-81.36274,31.57701],[-81.36086,31.57549],[-81.36424,31.57637],[-81.36561,31.57514],[-81.36748,31.57567],[-81.36885,31.57444],[-81.36835,31.57268],[-81.36649,31.57215],[-81.36599,31.5704],[-81.36412,31.56987],[-81.36363,31.56811],[-81.36238,31.56776],[-81.36214,31.56284],[-81.36028,31.56231],[-81.35978,31.56056],[-81.36116,31.55933],[-81.36066,31.55757],[-81.36203,31.55634],[-81.36154,31.55459],[-81.36291,31.55336],[-81.36714,31.55617],[-81.36851,31.55494],[-81.37037,31.55547],[-81.37174,31.55424],[-81.37125,31.55248],[-81.37262,31.55125],[-81.37213,31.5495],[-81.37461,31.54535],[-81.37624,31.54581],[-81.37761,31.54458],[-81.37948,31.54511],[-81.38085,31.54388],[-81.38035,31.54212],[-81.38172,31.54089],[-81.38683,31.54072],[-81.3882,31.53949],[-81.39243,31.5423],[-81.39292,31.54406],[-81.39155,31.54529],[-81.39205,31.54704],[-81.39715,31.54687],[-81.39852,31.54564],[-81.40275,31.54845],[-81.40325,31.55021],[-81.40188,31.55144],[-81.40001,31.55091],[-81.39864,31.55214],[-81.39441,31.54933],[-81.39304,31.55056],[-81.39353,31.55231],[-81.3954,31.55284],[-81.3959,31.5546],[-81.39453,31.55583],[-81.39502,31.55759],[-81.39689,31.55811],[-81.39738,31.55987],[-81.40249,31.5597],[-81.40386,31.55847],[-81.40337,31.55671],[-81.4015,31.55618],[-81.401,31.55442],[-81.40237,31.5532],[-81.40424,31.55372],[-81.40561,31.55249],[-81.40512,31.55074],[-81.40649,31.54951],[-81.40836,31.55003],[-81.40885,31.55179],[-81.40748,31.55302],[-81.40798,31.55478],[-81.40661,31.55601],[-81.4071,31.55776],[-81.40573,31.55899],[-81.40623,31.56075],[-81.40485,31.56198],[-81.40535,31.56374],[-81.41046,31.56356],[-81.41183,31.56233],[-81.41133,31.56058],[-81.4127,31.55935],[-81.41457,31.55987],[-81.41507,31.56163],[-81.4137,31.56286],[-81.41419,31.56462],[-81.41282,31.56585],[-81.40771,31.56602],[-81.40634,31.56725],[-81.40684,31.56901],[-81.41194,31.56884],[-81.41244,31.57059],[-81.41431,31.57112],[-81.4148,31.57288],[-81.41667,31.5734],[-81.41717,31.57516],[-81.4158,31.57639],[-81.41629,31.57815],[-81.41492,31.57938],[-81.41542,31.58114],[-81.42053,31.58096],[-81.42102,31.58272],[-81.41965,31.58395],[-81.42015,31.58571],[-81.41877,31.58694],[-81.41691,31.58641],[-81.41553,31.58764],[-81.41367,31.58711],[-81.41229,31.58834],[-81.41043,31.58781],[-81.40905,31.58904],[-81.40719,31.58851],[-81.40669,31.58676],[-81.40482,31.58623],[-81.40433,31.58447],[-81.4057,31.58324],[-81.40757,31.58377],[-81.40894,31.58254],[-81.41081,31.58307],[-81.41218,31.58184],[-81.41168,31.58008],[-81.40981,31.57955],[-81.40844,31.58078],[-81.40421,31.57797],[-81.40284,31.5792],[-81.40333,31.58096],[-81.40196,31.58219],[-81.40009,31.58166],[-81.39872,31.58289],[-81.39685,31.58236],[-81.39636,31.5806],[-81.39773,31.57937],[-81.39724,31.57762],[-81.39537,31.57709],[-81.394,31.57832],[-81.39449,31.58007],[-81.39312,31.5813],[-81.39125,31.58078],[-81.38988,31.582],[-81.39038,31.58376],[-81.389,31.58499],[-81.38714,31.58446],[-81.38664,31.58271],[-81.38801,31.58148],[-81.38752,31.57972],[-81.38565,31.57919],[-81.38428,31.58042],[-81.38241,31.57989],[-81.38104,31.58112],[-81.38154,31.58288],[-81.38577,31.58569],[-81.38626,31.58745],[-81.38489,31.58868],[-81.38302,31.58815],[-81.38165,31.58938],[-81.38215,31.59114],[-81.38077,31.59236],[-81.37891,31.59184],[-81.37753,31.59306],[-81.37803,31.59482],[-81.37666,31.59605],[-81.37715,31.59781],[-81.37578,31.59904],[-81.37067,31.59921],[-81.37018,31.59745],[-81.36831,31.59692],[-81.36782,31.59517],[-81.36595,31.59464],[-81.36546,31.59288],[-81.36123,31.59007],[-81.35985,31.5913],[-81.36035,31.59305],[-81.36222,31.59358],[-81.36271,31.59534],[-81.36134,31.59657],[-81.35947,31.59604],[-81.3581,31.59727],[-81.35623,31.59674],[-81.35574,31.59498],[-81.35387,31.59445]],[[-81.34866,31.58812],[-81.35003,31.5869],[-81.34953,31.58514],[-81.34767,31.58461],[-81.3463,31.58584],[-81.34679,31.5876],[-81.34866,31.58812]],[[-81.35243,31.58079],[-81.35264,31.58066],[-81.35259,31.58059],[-81.35243,31.58079]],[[-81.35365,31.58145],[-81.35414,31.58321],[-81.35837,31.58602],[-81.35974,31.5848],[-81.35925,31.58304],[-81.36062,31.58181],[-81.36012,31.58005],[-81.35502,31.58023],[-81.35365,31.58145]],[[-81.35888,31.59511],[-81.35781,31.5957],[-81.35848,31.59586],[-81.35888,31.59511]],[[-81.3593,31.57199],[-81.35919,31.57181],[-81.35866,31.57215],[-81.3593,31.57199]],[[-81.36284,31.5857],[-81.36311,31.58532],[-81.36275,31.5852],[-81.36284,31.5857]],[[-81.37833,31.55934],[-81.37971,31.55811],[-81.37921,31.55635],[-81.37734,31.55582],[-81.37597,31.55705],[-81.37647,31.55881],[-81.37833,31.55934]],[[-81.39129,31.55653],[-81.38942,31.556],[-81.38805,31.55723],[-81.38618,31.5567],[-81.38481,31.55793],[-81.38531,31.55969],[-81.38717,31.56022],[-81.38854,31.55899],[-81.39041,31.55952],[-81.39178,31.55829],[-81.39129,31.55653]],[[-81.39838,31.56338],[-81.39887,31.56514],[-81.40074,31.56567],[-81.40211,31.56444],[-81.40161,31.56268],[-81.39975,31.56216],[-81.39838,31.56338]],[[-81.40745,31.57727],[-81.40932,31.5778],[-81.41069,31.57657],[-81.41256,31.57709],[-81.41393,31.57586],[-81.41343,31.57411],[-81.41157,31.57358],[-81.41019,31.57481],[-81.40833,31.57428],[-81.40695,31.57551],[-81.40745,31.57727]]]}},{"type":"Feature","properties":{"sqmi":10.17},"geometry":{"type":"Polygon","coordinates":[[[-81.7378,30.67484],[-81.7383,30.6766],[-81.74339,30.67638],[-81.74388,30.67814],[-81.74252,30.67938],[-81.74302,30.68115],[-81.74488,30.68166],[-81.74625,30.68041],[-81.74575,30.67865],[-81.74711,30.67741],[-81.74661,30.67564],[-81.74797,30.6744],[-81.74747,30.67264],[-81.74884,30.67139],[-81.75306,30.67418],[-81.75356,30.67594],[-81.7522,30.67719],[-81.7527,30.67895],[-81.75779,30.67873],[-81.75829,30.68049],[-81.75692,30.68174],[-81.75742,30.6835],[-81.75929,30.68401],[-81.75979,30.68577],[-81.75842,30.68702],[-81.75656,30.6865],[-81.7552,30.68775],[-81.7557,30.68951],[-81.75756,30.69003],[-81.75806,30.69179],[-81.75992,30.6923],[-81.76042,30.69406],[-81.75906,30.69531],[-81.75956,30.69707],[-81.76142,30.69758],[-81.76192,30.69934],[-81.76056,30.70059],[-81.76106,30.70235],[-81.7597,30.7036],[-81.7602,30.70536],[-81.75883,30.70661],[-81.75933,30.70837],[-81.75797,30.70961],[-81.75847,30.71138],[-81.75711,30.71262],[-81.75761,30.71438],[-81.75624,30.71563],[-81.75674,30.71739],[-81.75538,30.71864],[-81.75588,30.7204],[-81.75452,30.72164],[-81.75502,30.72341],[-81.75365,30.72465],[-81.75415,30.72641],[-81.75279,30.72766],[-81.75329,30.72942],[-81.75193,30.73067],[-81.75243,30.73243],[-81.75106,30.73367],[-81.75156,30.73543],[-81.7502,30.73668],[-81.7507,30.73844],[-81.74934,30.73969],[-81.74984,30.74145],[-81.74847,30.7427],[-81.74661,30.74218],[-81.74525,30.74343],[-81.74575,30.74519],[-81.74438,30.74643],[-81.74488,30.74819],[-81.74352,30.74944],[-81.74402,30.7512],[-81.74265,30.75245],[-81.74315,30.75421],[-81.74179,30.75545],[-81.73993,30.75494],[-81.73856,30.75618],[-81.7331,30.75507],[-81.73434,30.75339],[-81.73392,30.75156],[-81.7352,30.75039],[-81.7347,30.74863],[-81.73607,30.74738],[-81.73557,30.74562],[-81.7337,30.74511],[-81.73234,30.74635],[-81.73284,30.74811],[-81.73166,30.74919],[-81.72923,30.74751],[-81.73048,30.74584],[-81.72998,30.74408],[-81.73134,30.74283],[-81.73084,30.74107],[-81.7322,30.73982],[-81.7317,30.73806],[-81.72984,30.73755],[-81.72934,30.73579],[-81.7307,30.73454],[-81.7302,30.73278],[-81.73157,30.73153],[-81.73343,30.73205],[-81.73479,30.7308],[-81.73429,30.72904],[-81.73566,30.7278],[-81.74075,30.72758],[-81.74211,30.72633],[-81.74161,30.72457],[-81.74297,30.72333],[-81.74247,30.72157],[-81.74061,30.72105],[-81.74011,30.71929],[-81.74148,30.71804],[-81.74334,30.71856],[-81.7447,30.71731],[-81.7442,30.71555],[-81.74556,30.71431],[-81.74506,30.71254],[-81.7432,30.71203],[-81.74184,30.71328],[-81.74234,30.71504],[-81.74098,30.71628],[-81.73911,30.71577],[-81.73775,30.71702],[-81.73825,30.71878],[-81.73689,30.72002],[-81.73739,30.72178],[-81.73602,30.72303],[-81.73416,30.72251],[-81.7328,30.72376],[-81.7333,30.72552],[-81.73193,30.72677],[-81.73007,30.72625],[-81.72871,30.7275],[-81.72921,30.72926],[-81.72784,30.73051],[-81.72598,30.72999],[-81.72462,30.73124],[-81.72512,30.733],[-81.72375,30.73424],[-81.71953,30.73145],[-81.71816,30.7327],[-81.71866,30.73446],[-81.7173,30.7357],[-81.71308,30.73291],[-81.71171,30.73416],[-81.70663,30.73438],[-81.70526,30.73562],[-81.70576,30.73738],[-81.7044,30.73863],[-81.70018,30.73584],[-81.69968,30.73408],[-81.70104,30.73283],[-81.70054,30.73107],[-81.7019,30.72982],[-81.70613,30.73261],[-81.70749,30.73137],[-81.70699,30.72961],[-81.70277,30.72682],[-81.70227,30.72506],[-81.70363,30.72381],[-81.70786,30.7266],[-81.70835,30.72836],[-81.71022,30.72888],[-81.71158,30.72763],[-81.71108,30.72587],[-81.71244,30.72463],[-81.71194,30.72287],[-81.71331,30.72162],[-81.71753,30.72441],[-81.71889,30.72316],[-81.7184,30.7214],[-81.71976,30.72016],[-81.72162,30.72067],[-81.72298,30.71943],[-81.72248,30.71767],[-81.72385,30.71642],[-81.72807,30.71921],[-81.72944,30.71796],[-81.72894,30.7162],[-81.7303,30.71496],[-81.73539,30.71474],[-81.73675,30.71349],[-81.73625,30.71173],[-81.73761,30.71049],[-81.73711,30.70873],[-81.73525,30.70821],[-81.73475,30.70645],[-81.73612,30.7052],[-81.73562,30.70344],[-81.73698,30.7022],[-81.73884,30.70271],[-81.7402,30.70147],[-81.7397,30.6997],[-81.73548,30.69692],[-81.73498,30.69515],[-81.73634,30.69391],[-81.73584,30.69215],[-81.73398,30.69163],[-81.73348,30.68987],[-81.72926,30.68708],[-81.72876,30.68532],[-81.73012,30.68408],[-81.72962,30.68232],[-81.7254,30.67953],[-81.7249,30.67777],[-81.72304,30.67725],[-81.72254,30.67549],[-81.72068,30.67498],[-81.71932,30.67622],[-81.71981,30.67798],[-81.71845,30.67923],[-81.71659,30.67872],[-81.71523,30.67996],[-81.71337,30.67945],[-81.712,30.68069],[-81.71014,30.68018],[-81.70878,30.68143],[-81.70692,30.68091],[-81.70642,30.67915],[-81.70778,30.6779],[-81.70728,30.67614],[-81.70865,30.6749],[-81.71051,30.67541],[-81.71187,30.67417],[-81.71137,30.67241],[-81.70951,30.67189],[-81.70901,30.67013],[-81.71037,30.66888],[-81.71459,30.67167],[-81.71509,30.67343],[-81.71696,30.67395],[-81.71832,30.6727],[-81.72018,30.67322],[-81.72154,30.67197],[-81.72104,30.67021],[-81.71918,30.66969],[-81.71868,30.66793],[-81.71682,30.66742],[-81.71546,30.66867],[-81.71124,30.66588],[-81.71074,30.66412],[-81.7121,30.66287],[-81.7116,30.66111],[-81.70974,30.6606],[-81.70924,30.65884],[-81.7106,30.65759],[-81.71247,30.6581],[-81.71383,30.65686],[-81.71333,30.6551],[-81.71469,30.65385],[-81.71419,30.65209],[-81.70911,30.65231],[-81.70861,30.65055],[-81.70439,30.64776],[-81.70389,30.646],[-81.70525,30.64475],[-81.70711,30.64526],[-81.70761,30.64703],[-81.70947,30.64754],[-81.70997,30.6493],[-81.71183,30.64981],[-81.71319,30.64857],[-81.71506,30.64908],[-81.71642,30.64783],[-81.72064,30.65062],[-81.722,30.64938],[-81.7215,30.64762],[-81.72286,30.64637],[-81.72795,30.64615],[-81.72845,30.64791],[-81.73031,30.64842],[-81.73081,30.65018],[-81.73503,30.65297],[-81.73553,30.65473],[-81.73417,30.65598],[-81.73467,30.65774],[-81.7333,30.65899],[-81.73144,30.65847],[-81.73094,30.65671],[-81.72672,30.65393],[-81.72536,30.65517],[-81.72586,30.65693],[-81.7245,30.65818],[-81.72263,30.65767],[-81.72214,30.65591],[-81.71705,30.65612],[-81.71569,30.65737],[-81.71619,30.65913],[-81.71805,30.65965],[-81.71855,30.66141],[-81.71719,30.66265],[-81.71768,30.66441],[-81.72191,30.6672],[-81.72327,30.66596],[-81.72513,30.66647],[-81.72649,30.66522],[-81.73071,30.66801],[-81.73208,30.66676],[-81.73394,30.66728],[-81.7353,30.66603],[-81.73716,30.66655],[-81.73766,30.66831],[-81.74189,30.67109],[-81.74239,30.67286],[-81.74102,30.6741],[-81.73916,30.67359],[-81.7378,30.67484]]]}},{"type":"Feature","properties":{"sqmi":9.91},"geometry":{"type":"Polygon","coordinates":[[[-81.35543,31.97782],[-81.35681,31.9766],[-81.35868,31.97713],[-81.35918,31.97888],[-81.36105,31.97942],[-81.36243,31.97819],[-81.36193,31.97644],[-81.36331,31.97521],[-81.36281,31.97346],[-81.36419,31.97223],[-81.36369,31.97048],[-81.36182,31.96995],[-81.36132,31.96819],[-81.3627,31.96697],[-81.3622,31.96521],[-81.36033,31.96468],[-81.35983,31.96292],[-81.35471,31.96308],[-81.35421,31.96132],[-81.35559,31.9601],[-81.35509,31.95834],[-81.35647,31.95712],[-81.36071,31.95994],[-81.36209,31.95872],[-81.36396,31.95925],[-81.36534,31.95803],[-81.36484,31.95627],[-81.36297,31.95574],[-81.36247,31.95398],[-81.36385,31.95276],[-81.36809,31.95558],[-81.36947,31.95436],[-81.37134,31.95489],[-81.37272,31.95366],[-81.37222,31.95191],[-81.3736,31.95068],[-81.37872,31.95052],[-81.3801,31.9493],[-81.38197,31.94983],[-81.38335,31.94861],[-81.38759,31.95143],[-81.38897,31.9502],[-81.38847,31.94845],[-81.3866,31.94791],[-81.3861,31.94616],[-81.38748,31.94493],[-81.38935,31.94547],[-81.39073,31.94424],[-81.3926,31.94477],[-81.39398,31.94355],[-81.39585,31.94408],[-81.39723,31.94286],[-81.39673,31.9411],[-81.39486,31.94057],[-81.39348,31.94179],[-81.39161,31.94126],[-81.39023,31.94249],[-81.38835,31.94195],[-81.38786,31.9402],[-81.38923,31.93897],[-81.39111,31.9395],[-81.39248,31.93828],[-81.39199,31.93652],[-81.39336,31.9353],[-81.39761,31.93812],[-81.39898,31.93689],[-81.39849,31.93514],[-81.39661,31.93461],[-81.39612,31.93285],[-81.39749,31.93162],[-81.39699,31.92987],[-81.39512,31.92934],[-81.39462,31.92758],[-81.396,31.92636],[-81.39787,31.92689],[-81.39925,31.92566],[-81.40149,31.92587],[-81.40163,31.92731],[-81.39974,31.92899],[-81.39974,31.92932],[-81.40005,31.92964],[-81.39987,31.92891],[-81.40163,31.9276],[-81.4017,31.92662],[-81.40154,31.92582],[-81.4025,31.92497],[-81.402,31.92321],[-81.40338,31.92199],[-81.40525,31.92252],[-81.40663,31.92129],[-81.40613,31.91954],[-81.40433,31.91902],[-81.40381,31.91706],[-81.40371,31.91692],[-81.40189,31.91672],[-81.40139,31.91496],[-81.39952,31.91443],[-81.39902,31.91267],[-81.40039,31.91145],[-81.40092,31.9116],[-81.40036,31.91419],[-81.40046,31.91441],[-81.40069,31.91451],[-81.40102,31.91163],[-81.40227,31.91198],[-81.40276,31.91374],[-81.40464,31.91427],[-81.40601,31.91304],[-81.40789,31.91357],[-81.40926,31.91235],[-81.41114,31.91288],[-81.41164,31.91464],[-81.41351,31.91517],[-81.41401,31.91692],[-81.41825,31.91974],[-81.41875,31.9215],[-81.41738,31.92273],[-81.41787,31.92448],[-81.41975,31.92501],[-81.42025,31.92677],[-81.41887,31.928],[-81.41937,31.92975],[-81.41799,31.93098],[-81.41849,31.93273],[-81.42036,31.93327],[-81.42086,31.93502],[-81.41948,31.93625],[-81.41998,31.938],[-81.42186,31.93854],[-81.42235,31.94029],[-81.42098,31.94152],[-81.42148,31.94327],[-81.4201,31.9445],[-81.4206,31.94626],[-81.41922,31.94748],[-81.41972,31.94924],[-81.41834,31.95046],[-81.41884,31.95222],[-81.41746,31.95344],[-81.41796,31.9552],[-81.41984,31.95573],[-81.42033,31.95749],[-81.41896,31.95871],[-81.41946,31.96047],[-81.41808,31.96169],[-81.41858,31.96345],[-81.4172,31.96468],[-81.4177,31.96643],[-81.41632,31.96766],[-81.41682,31.96941],[-81.41544,31.97064],[-81.41594,31.97239],[-81.41456,31.97362],[-81.41506,31.97538],[-81.41368,31.9766],[-81.41418,31.97836],[-81.41282,31.97965],[-81.412,31.97815],[-81.41043,31.97804],[-81.40963,31.97893],[-81.40449,31.9761],[-81.40323,31.97705],[-81.39951,31.97724],[-81.39904,31.97769],[-81.39934,31.97841],[-81.39879,31.97886],[-81.39769,31.97829],[-81.39593,31.97886],[-81.39503,31.97774],[-81.39435,31.97756],[-81.39374,31.97805],[-81.3935,31.97939],[-81.39246,31.97825],[-81.39295,31.97754],[-81.3917,31.97748],[-81.39103,31.97965],[-81.39007,31.97973],[-81.38981,31.9782],[-81.38907,31.97813],[-81.3885,31.97946],[-81.3888,31.9803],[-81.38766,31.97979],[-81.38694,31.97997],[-81.38512,31.98182],[-81.3856,31.98315],[-81.38372,31.98375],[-81.38317,31.98475],[-81.38289,31.98365],[-81.38122,31.98342],[-81.38178,31.98196],[-81.38001,31.98187],[-81.37808,31.97952],[-81.37518,31.97926],[-81.37724,31.98174],[-81.37431,31.98367],[-81.36972,31.98176],[-81.36857,31.9818],[-81.36792,31.98218],[-81.36797,31.98371],[-81.37076,31.98504],[-81.36931,31.98667],[-81.36789,31.98493],[-81.36424,31.98436],[-81.3632,31.98251],[-81.35942,31.98173],[-81.35892,31.98012],[-81.35443,31.98073],[-81.35168,31.98281],[-81.34893,31.9792],[-81.35031,31.97798],[-81.34981,31.97622],[-81.35119,31.975],[-81.35543,31.97782]],[[-81.37283,31.96016],[-81.37333,31.96191],[-81.37845,31.96175],[-81.37983,31.96053],[-81.37933,31.95877],[-81.38071,31.95755],[-81.38021,31.95579],[-81.37509,31.95595],[-81.37371,31.95718],[-81.37421,31.95893],[-81.37283,31.96016]],[[-81.37314,31.9727],[-81.37331,31.97202],[-81.37307,31.97207],[-81.37314,31.9727]],[[-81.37567,31.97286],[-81.3748,31.97288],[-81.3748,31.97306],[-81.37567,31.97286]],[[-81.39918,31.9741],[-81.40056,31.97288],[-81.40006,31.97112],[-81.39819,31.97059],[-81.39681,31.97181],[-81.39731,31.97357],[-81.39918,31.9741]],[[-81.40146,31.9149],[-81.40152,31.91494],[-81.40134,31.91478],[-81.40146,31.9149]],[[-81.40134,31.91478],[-81.40129,31.91472],[-81.40128,31.91474],[-81.40134,31.91478]],[[-81.40259,31.91644],[-81.40231,31.91554],[-81.40205,31.91525],[-81.40179,31.9151],[-81.40246,31.91639],[-81.40286,31.9166],[-81.40259,31.91644]],[[-81.40347,31.91676],[-81.40366,31.91689],[-81.40356,31.9168],[-81.40347,31.91676]],[[-81.41076,31.91762],[-81.40938,31.91884],[-81.40988,31.9206],[-81.41175,31.92113],[-81.41313,31.91991],[-81.41263,31.91815],[-81.41076,31.91762]]]}},{"type":"Feature","properties":{"sqmi":9.66},"geometry":{"type":"Polygon","coordinates":[[[-81.73892,30.88445],[-81.74078,30.88497],[-81.74215,30.88372],[-81.74401,30.88424],[-81.74538,30.88299],[-81.74725,30.88351],[-81.74861,30.88226],[-81.74811,30.8805],[-81.74624,30.87999],[-81.74488,30.88123],[-81.74301,30.88072],[-81.74251,30.87896],[-81.73742,30.87917],[-81.73692,30.87741],[-81.73828,30.87616],[-81.73778,30.8744],[-81.73915,30.87316],[-81.73865,30.8714],[-81.74001,30.87015],[-81.74188,30.87067],[-81.74324,30.86942],[-81.74274,30.86766],[-81.74411,30.86642],[-81.74597,30.86693],[-81.74734,30.86569],[-81.7492,30.86621],[-81.75057,30.86496],[-81.75243,30.86548],[-81.7538,30.86423],[-81.7533,30.86247],[-81.75143,30.86196],[-81.75007,30.8632],[-81.7482,30.86268],[-81.74684,30.86393],[-81.74497,30.86341],[-81.74447,30.86165],[-81.74583,30.86041],[-81.74533,30.85865],[-81.74347,30.85813],[-81.7421,30.85938],[-81.74024,30.85886],[-81.73887,30.8601],[-81.73378,30.86032],[-81.73241,30.86156],[-81.73291,30.86332],[-81.73155,30.86457],[-81.73205,30.86633],[-81.73068,30.86757],[-81.72882,30.86706],[-81.72832,30.86529],[-81.72968,30.86405],[-81.72918,30.86229],[-81.72732,30.86177],[-81.72682,30.86001],[-81.72818,30.85877],[-81.72768,30.85701],[-81.72905,30.85576],[-81.73091,30.85628],[-81.73228,30.85504],[-81.73178,30.85327],[-81.73314,30.85203],[-81.73501,30.85255],[-81.73637,30.8513],[-81.73587,30.84954],[-81.73401,30.84902],[-81.73264,30.85027],[-81.73078,30.84975],[-81.73028,30.84799],[-81.72518,30.84821],[-81.72468,30.84644],[-81.72045,30.84365],[-81.71995,30.84189],[-81.72132,30.84065],[-81.72318,30.84116],[-81.72455,30.83992],[-81.72405,30.83816],[-81.72541,30.83691],[-81.73051,30.8367],[-81.73187,30.83546],[-81.7361,30.83825],[-81.7366,30.84001],[-81.73847,30.84052],[-81.73897,30.84229],[-81.74083,30.8428],[-81.7422,30.84156],[-81.7417,30.8398],[-81.73983,30.83928],[-81.73933,30.83752],[-81.7407,30.83627],[-81.74493,30.83907],[-81.74543,30.84083],[-81.75052,30.84061],[-81.75102,30.84237],[-81.75289,30.84289],[-81.75425,30.84165],[-81.75375,30.83988],[-81.75189,30.83937],[-81.75139,30.83761],[-81.74629,30.83782],[-81.74579,30.83606],[-81.74715,30.83482],[-81.74902,30.83533],[-81.75038,30.83409],[-81.75462,30.83688],[-81.75598,30.83563],[-81.75785,30.83615],[-81.75835,30.83791],[-81.76021,30.83843],[-81.76071,30.84019],[-81.75935,30.84143],[-81.75985,30.84319],[-81.76171,30.84371],[-81.76221,30.84547],[-81.76085,30.84671],[-81.76135,30.84847],[-81.76558,30.85127],[-81.76608,30.85303],[-81.76472,30.85427],[-81.76522,30.85603],[-81.76709,30.85655],[-81.76759,30.85831],[-81.76622,30.85956],[-81.76672,30.86132],[-81.76859,30.86183],[-81.76909,30.86359],[-81.76772,30.86484],[-81.76823,30.8666],[-81.76686,30.86784],[-81.76736,30.8696],[-81.76923,30.87012],[-81.76973,30.87188],[-81.76836,30.87313],[-81.76886,30.87489],[-81.7675,30.87613],[-81.768,30.87789],[-81.76987,30.87841],[-81.77037,30.88017],[-81.769,30.88141],[-81.7695,30.88318],[-81.76814,30.88442],[-81.76864,30.88618],[-81.77051,30.8867],[-81.77101,30.88846],[-81.76964,30.8897],[-81.77014,30.89146],[-81.76878,30.89271],[-81.76928,30.89447],[-81.77114,30.89499],[-81.77165,30.89675],[-81.77028,30.89799],[-81.77078,30.89975],[-81.76942,30.901],[-81.76992,30.90276],[-81.76855,30.904],[-81.76905,30.90576],[-81.77092,30.90628],[-81.77142,30.90804],[-81.77006,30.90928],[-81.77056,30.91105],[-81.76919,30.91229],[-81.76969,30.91405],[-81.77156,30.91457],[-81.77206,30.91633],[-81.77069,30.91757],[-81.76883,30.91706],[-81.76833,30.9153],[-81.76323,30.91551],[-81.76272,30.91375],[-81.76409,30.9125],[-81.76359,30.91074],[-81.76496,30.9095],[-81.76445,30.90774],[-81.76582,30.90649],[-81.76532,30.90473],[-81.76345,30.90421],[-81.76295,30.90245],[-81.76108,30.90194],[-81.75972,30.90318],[-81.75785,30.90267],[-81.75649,30.90391],[-81.75225,30.90112],[-81.75089,30.90236],[-81.74902,30.90184],[-81.74765,30.90309],[-81.74816,30.90485],[-81.75002,30.90537],[-81.75052,30.90713],[-81.74916,30.90837],[-81.74729,30.90785],[-81.74593,30.9091],[-81.74643,30.91086],[-81.74506,30.9121],[-81.74556,30.91386],[-81.7442,30.91511],[-81.7447,30.91687],[-81.74656,30.91738],[-81.74793,30.91614],[-81.74979,30.91666],[-81.75116,30.91541],[-81.75303,30.91593],[-81.75439,30.91469],[-81.75389,30.91292],[-81.75526,30.91168],[-81.76036,30.91147],[-81.76086,30.91323],[-81.75949,30.91447],[-81.75999,30.91623],[-81.75863,30.91748],[-81.75676,30.91696],[-81.75539,30.91821],[-81.7559,30.91997],[-81.75776,30.92048],[-81.75913,30.91924],[-81.761,30.91976],[-81.76236,30.91851],[-81.76423,30.91903],[-81.76473,30.92079],[-81.76336,30.92203],[-81.76386,30.92379],[-81.7625,30.92504],[-81.76063,30.92452],[-81.76013,30.92276],[-81.75503,30.92297],[-81.75453,30.92121],[-81.7503,30.91842],[-81.74893,30.91966],[-81.74706,30.91915],[-81.7457,30.92039],[-81.7462,30.92215],[-81.74483,30.92339],[-81.74297,30.92288],[-81.74246,30.92112],[-81.73823,30.91832],[-81.73687,30.91957],[-81.73737,30.92133],[-81.736,30.92257],[-81.7365,30.92433],[-81.73514,30.92557],[-81.73327,30.92506],[-81.73277,30.9233],[-81.73413,30.92205],[-81.73363,30.92029],[-81.73177,30.91978],[-81.73127,30.91802],[-81.73263,30.91677],[-81.73213,30.91501],[-81.7335,30.91377],[-81.733,30.91201],[-81.73436,30.91076],[-81.73386,30.909],[-81.732,30.90849],[-81.7315,30.90673],[-81.73286,30.90548],[-81.73236,30.90372],[-81.73373,30.90248],[-81.73323,30.90072],[-81.73459,30.89947],[-81.73646,30.89999],[-81.73782,30.89875],[-81.74206,30.90154],[-81.74342,30.90029],[-81.74292,30.89853],[-81.73869,30.89574],[-81.73819,30.89398],[-81.73309,30.89419],[-81.73259,30.89243],[-81.73396,30.89119],[-81.73905,30.89098],[-81.74042,30.88973],[-81.73992,30.88797],[-81.73482,30.88818],[-81.73432,30.88642],[-81.73569,30.88518],[-81.73519,30.88342],[-81.73655,30.88217],[-81.73842,30.88269],[-81.73892,30.88445]],[[-81.73337,30.84074],[-81.73201,30.84198],[-81.73251,30.84374],[-81.73437,30.84426],[-81.73574,30.84301],[-81.73524,30.84125],[-81.73337,30.84074]],[[-81.73523,30.90776],[-81.73709,30.90828],[-81.73846,30.90703],[-81.73796,30.90527],[-81.73609,30.90475],[-81.73473,30.906],[-81.73523,30.90776]],[[-81.7437,30.84684],[-81.7432,30.84508],[-81.74133,30.84456],[-81.73997,30.84581],[-81.74047,30.84757],[-81.74233,30.84808],[-81.7437,30.84684]],[[-81.75917,30.87707],[-81.76104,30.87759],[-81.7624,30.87635],[-81.76427,30.87686],[-81.76563,30.87562],[-81.76513,30.87386],[-81.7609,30.87106],[-81.75953,30.87231],[-81.76003,30.87407],[-81.75867,30.87531],[-81.7568,30.8748],[-81.7563,30.87304],[-81.75767,30.87179],[-81.75717,30.87003],[-81.7553,30.86951],[-81.75393,30.87076],[-81.75207,30.87024],[-81.7507,30.87149],[-81.7512,30.87325],[-81.74984,30.87449],[-81.74797,30.87398],[-81.74661,30.87522],[-81.74474,30.87471],[-81.74338,30.87595],[-81.74388,30.87771],[-81.74574,30.87823],[-81.74711,30.87698],[-81.74897,30.8775],[-81.75034,30.87625],[-81.75221,30.87677],[-81.75357,30.87553],[-81.7578,30.87832],[-81.75917,30.87707]],[[-81.75095,30.89342],[-81.75178,30.89243],[-81.74945,30.89379],[-81.75095,30.89342]],[[-81.75344,30.88967],[-81.75388,30.88948],[-81.7537,30.88917],[-81.75344,30.88967]]]}},{"type":"Feature","properties":{"sqmi":9.61},"geometry":{"type":"Polygon","coordinates":[[[-79.10277,33.57513],[-79.10395,33.5745],[-79.10373,33.57292],[-79.10232,33.57245],[-79.10156,33.57069],[-79.10328,33.56977],[-79.10523,33.57042],[-79.10695,33.5695],[-79.10672,33.56793],[-79.11211,33.56674],[-79.11189,33.56517],[-79.11361,33.56425],[-79.11338,33.56267],[-79.11144,33.56202],[-79.11121,33.56044],[-79.10927,33.55979],[-79.10904,33.55821],[-79.11076,33.55729],[-79.11054,33.55572],[-79.11226,33.5548],[-79.11203,33.55322],[-79.11731,33.55196],[-79.11855,33.549],[-79.11778,33.54733],[-79.12237,33.54559],[-79.12192,33.54386],[-79.11688,33.54387],[-79.11643,33.54213],[-79.11781,33.54097],[-79.11735,33.53924],[-79.11964,33.5384],[-79.11977,33.54016],[-79.12071,33.53923],[-79.12102,33.54039],[-79.12285,33.54096],[-79.12393,33.54005],[-79.12374,33.54139],[-79.12476,33.53997],[-79.12606,33.54038],[-79.12744,33.53922],[-79.12471,33.53518],[-79.12287,33.5346],[-79.12149,33.53576],[-79.11738,33.53288],[-79.11693,33.53115],[-79.12152,33.5294],[-79.12107,33.52767],[-79.11601,33.52762],[-79.11557,33.52595],[-79.11695,33.52479],[-79.11668,33.52372],[-79.11838,33.52205],[-79.11971,33.52247],[-79.12016,33.5242],[-79.12199,33.52478],[-79.12337,33.52362],[-79.12292,33.52188],[-79.1243,33.52072],[-79.12613,33.5213],[-79.12751,33.52014],[-79.12706,33.51841],[-79.12844,33.51725],[-79.13348,33.51723],[-79.13486,33.51607],[-79.13441,33.51434],[-79.13579,33.51318],[-79.13991,33.51606],[-79.14036,33.5178],[-79.1454,33.51778],[-79.14585,33.51952],[-79.14447,33.52068],[-79.14493,33.52241],[-79.14676,33.52298],[-79.14814,33.52182],[-79.14768,33.52009],[-79.14906,33.51893],[-79.1509,33.5195],[-79.15228,33.51834],[-79.15182,33.51661],[-79.15301,33.51678],[-79.15353,33.51969],[-79.15068,33.52104],[-79.15042,33.52413],[-79.14904,33.52529],[-79.14949,33.52703],[-79.14811,33.52818],[-79.14857,33.52992],[-79.1504,33.53049],[-79.15178,33.52933],[-79.15133,33.5276],[-79.15255,33.52583],[-79.15295,33.52899],[-79.15377,33.5267],[-79.15278,33.52427],[-79.15363,33.52355],[-79.15547,33.52412],[-79.15592,33.52585],[-79.15454,33.52701],[-79.15499,33.52875],[-79.15682,33.52932],[-79.15819,33.5281],[-79.16055,33.5283],[-79.16121,33.53174],[-79.15818,33.53452],[-79.15863,33.53625],[-79.15645,33.53568],[-79.15379,33.53836],[-79.15678,33.54204],[-79.15219,33.54379],[-79.15264,33.54552],[-79.15126,33.54668],[-79.15171,33.54841],[-79.14712,33.55016],[-79.14757,33.55189],[-79.14619,33.55305],[-79.14664,33.55479],[-79.14526,33.55595],[-79.14571,33.55768],[-79.14112,33.55942],[-79.14157,33.56116],[-79.14019,33.56232],[-79.14065,33.56405],[-79.13605,33.56579],[-79.13628,33.56737],[-79.13456,33.56829],[-79.13478,33.56986],[-79.13306,33.57079],[-79.13329,33.57236],[-79.13157,33.57328],[-79.13179,33.57486],[-79.13007,33.57578],[-79.1303,33.57735],[-79.12858,33.57827],[-79.1288,33.57985],[-79.12708,33.58077],[-79.12731,33.58235],[-79.12559,33.58327],[-79.12581,33.58484],[-79.12409,33.58576],[-79.12432,33.58734],[-79.12259,33.58826],[-79.12282,33.58983],[-79.11743,33.59102],[-79.11765,33.5926],[-79.11593,33.59352],[-79.11616,33.5951],[-79.11444,33.59602],[-79.11466,33.59759],[-79.11294,33.59851],[-79.11316,33.60009],[-79.10996,33.59937],[-79.10703,33.60019],[-79.10495,33.60974],[-79.10268,33.61064],[-79.10069,33.60901],[-79.09801,33.60141],[-79.09826,33.59958],[-79.09999,33.59866],[-79.09954,33.59212],[-79.10081,33.59144],[-79.10059,33.58986],[-79.09901,33.58872],[-79.10278,33.58304],[-79.10277,33.57513]],[[-79.1237,33.55715],[-79.12508,33.55599],[-79.12463,33.55426],[-79.1228,33.55368],[-79.12142,33.55484],[-79.1237,33.55715]],[[-79.14078,33.53897],[-79.14135,33.53785],[-79.13875,33.53659],[-79.1382,33.53872],[-79.14078,33.53897]]]}},{"type":"Feature","properties":{"sqmi":9.51},"geometry":{"type":"Polygon","coordinates":[[[-81.29768,29.68645],[-81.29584,29.68594],[-81.2945,29.68719],[-81.29583,29.69048],[-81.29574,29.68916],[-81.29681,29.68946],[-81.2973,29.69121],[-81.29595,29.69246],[-81.2933,29.69174],[-81.29212,29.69202],[-81.29247,29.69312],[-81.29094,29.6927],[-81.29045,29.69094],[-81.28862,29.69043],[-81.28727,29.69168],[-81.28776,29.69344],[-81.28641,29.69469],[-81.2869,29.69645],[-81.28555,29.6977],[-81.28372,29.69719],[-81.28237,29.69844],[-81.28285,29.7002],[-81.287,29.70297],[-81.28749,29.70472],[-81.28614,29.70597],[-81.28431,29.70547],[-81.28382,29.70371],[-81.28199,29.7032],[-81.28064,29.70445],[-81.28113,29.70621],[-81.27978,29.70746],[-81.28027,29.70922],[-81.2821,29.70972],[-81.28258,29.71148],[-81.28124,29.71273],[-81.2794,29.71222],[-81.27806,29.71347],[-81.27854,29.71523],[-81.27719,29.71648],[-81.27768,29.71823],[-81.27633,29.71948],[-81.27681,29.72124],[-81.27547,29.72249],[-81.27595,29.72425],[-81.2746,29.7255],[-81.27509,29.72725],[-81.27374,29.7285],[-81.27423,29.73026],[-81.27606,29.73077],[-81.27654,29.73252],[-81.27519,29.73377],[-81.27568,29.73553],[-81.27433,29.73678],[-81.2725,29.73627],[-81.27115,29.73752],[-81.26932,29.73701],[-81.26797,29.73826],[-81.26614,29.73775],[-81.26479,29.739],[-81.26296,29.73849],[-81.26248,29.73674],[-81.26382,29.73549],[-81.26334,29.73373],[-81.26151,29.73322],[-81.26102,29.73147],[-81.26237,29.73022],[-81.26189,29.72846],[-81.26005,29.72795],[-81.25957,29.72619],[-81.25774,29.72569],[-81.25725,29.72393],[-81.25892,29.72187],[-81.25922,29.72195],[-81.25932,29.72222],[-81.25939,29.7223],[-81.25951,29.7223],[-81.25957,29.72222],[-81.2595,29.72178],[-81.25966,29.72182],[-81.25968,29.72202],[-81.25994,29.72216],[-81.26001,29.72211],[-81.26005,29.72183],[-81.25996,29.72169],[-81.26011,29.72168],[-81.2599,29.72165],[-81.25995,29.72213],[-81.2597,29.72179],[-81.25949,29.72175],[-81.25947,29.72227],[-81.25926,29.72193],[-81.25902,29.72179],[-81.25893,29.7218],[-81.25848,29.72224],[-81.25812,29.72092],[-81.25629,29.72042],[-81.2558,29.71866],[-81.25397,29.71815],[-81.25349,29.71639],[-81.25165,29.71589],[-81.25117,29.71413],[-81.25252,29.71288],[-81.25203,29.71112],[-81.24789,29.70835],[-81.2474,29.70659],[-81.24875,29.70534],[-81.24827,29.70359],[-81.24961,29.70234],[-81.24913,29.70058],[-81.24498,29.69781],[-81.2445,29.69605],[-81.24585,29.6948],[-81.24536,29.69305],[-81.24353,29.69254],[-81.24305,29.69078],[-81.2444,29.68953],[-81.24623,29.69004],[-81.24757,29.68879],[-81.24709,29.68704],[-81.24295,29.68426],[-81.24246,29.68251],[-81.24381,29.68126],[-81.24564,29.68177],[-81.24699,29.68052],[-81.2465,29.67876],[-81.24149,29.67899],[-81.24101,29.67724],[-81.24236,29.67599],[-81.24187,29.67423],[-81.24322,29.67298],[-81.24274,29.67122],[-81.24408,29.66998],[-81.24591,29.67048],[-81.2464,29.67224],[-81.24823,29.67275],[-81.24958,29.6715],[-81.24909,29.66974],[-81.25044,29.66849],[-81.24995,29.66674],[-81.2513,29.66549],[-81.25545,29.66826],[-81.25729,29.66715],[-81.25911,29.66927],[-81.26056,29.66968],[-81.26132,29.67055],[-81.26194,29.67063],[-81.26097,29.66975],[-81.26235,29.66855],[-81.2623,29.67],[-81.26306,29.66875],[-81.26412,29.66904],[-81.26569,29.66785],[-81.26729,29.6683],[-81.26864,29.66705],[-81.26816,29.66529],[-81.2695,29.66404],[-81.26902,29.66228],[-81.27037,29.66103],[-81.2722,29.66154],[-81.27268,29.6633],[-81.27133,29.66455],[-81.27182,29.6663],[-81.27683,29.66607],[-81.27731,29.66783],[-81.27914,29.66833],[-81.28049,29.66708],[-81.28232,29.66759],[-81.28281,29.66935],[-81.28146,29.6706],[-81.27963,29.67009],[-81.27828,29.67134],[-81.27877,29.6731],[-81.28378,29.67286],[-81.28426,29.67462],[-81.28841,29.67739],[-81.28889,29.67915],[-81.29072,29.67965],[-81.29121,29.68141],[-81.29304,29.68192],[-81.29439,29.68067],[-81.29622,29.68118],[-81.29757,29.67993],[-81.2994,29.68043],[-81.29989,29.68219],[-81.29854,29.68344],[-81.29902,29.6852],[-81.29768,29.68645]],[[-81.27559,29.67384],[-81.2751,29.67208],[-81.27327,29.67157],[-81.27192,29.67282],[-81.27241,29.67458],[-81.27424,29.67509],[-81.27559,29.67384]],[[-81.28571,29.67989],[-81.28523,29.67813],[-81.2834,29.67763],[-81.28205,29.67888],[-81.28254,29.68063],[-81.28437,29.68114],[-81.28571,29.67989]]]}},{"type":"Feature","properties":{"sqmi":9.19},"geometry":{"type":"Polygon","coordinates":[[[-79.42605,33.09483],[-79.42719,33.09522],[-79.4297,33.09285],[-79.43153,33.09342],[-79.43199,33.09516],[-79.43611,33.09803],[-79.43657,33.09976],[-79.43519,33.10093],[-79.43336,33.10037],[-79.4329,33.09863],[-79.43107,33.09807],[-79.42969,33.09924],[-79.43015,33.10097],[-79.42877,33.10215],[-79.42923,33.10388],[-79.43106,33.10445],[-79.43152,33.10619],[-79.42693,33.10796],[-79.42739,33.1097],[-79.42601,33.11087],[-79.42647,33.11261],[-79.42509,33.11378],[-79.42326,33.11321],[-79.4228,33.11148],[-79.42418,33.1103],[-79.42372,33.10857],[-79.42189,33.108],[-79.4173,33.10978],[-79.41318,33.10691],[-79.4118,33.10808],[-79.41226,33.10982],[-79.40767,33.11159],[-79.41042,33.11563],[-79.40904,33.1168],[-79.4095,33.11854],[-79.40491,33.12031],[-79.40537,33.12205],[-79.40399,33.12322],[-79.40445,33.12496],[-79.39986,33.12673],[-79.40261,33.13077],[-79.39802,33.13255],[-79.39848,33.13428],[-79.3971,33.13545],[-79.39756,33.13719],[-79.3918,33.14133],[-79.38433,33.14354],[-79.37803,33.14689],[-79.37453,33.14697],[-79.37426,33.14609],[-79.37267,33.14874],[-79.36877,33.15091],[-79.37746,33.14779],[-79.37933,33.15038],[-79.38093,33.14924],[-79.3792,33.14924],[-79.37907,33.14739],[-79.38545,33.14421],[-79.39028,33.14295],[-79.3964,33.1392],[-79.39664,33.1401],[-79.39526,33.14127],[-79.39801,33.14531],[-79.39663,33.14648],[-79.39709,33.14822],[-79.39892,33.14878],[-79.39938,33.15052],[-79.398,33.15169],[-79.40075,33.15573],[-79.40258,33.1563],[-79.40304,33.15804],[-79.40166,33.15921],[-79.39983,33.15864],[-79.39845,33.15981],[-79.39662,33.15924],[-79.39203,33.16101],[-79.39019,33.16045],[-79.38974,33.15871],[-79.38469,33.15875],[-79.38424,33.15701],[-79.38241,33.15644],[-79.38195,33.1547],[-79.37783,33.15183],[-79.37645,33.153],[-79.37691,33.15474],[-79.37553,33.15591],[-79.3737,33.15534],[-79.36911,33.15711],[-79.36728,33.15655],[-79.36682,33.15481],[-79.36178,33.15484],[-79.36133,33.15311],[-79.35949,33.15254],[-79.35904,33.1508],[-79.35721,33.15024],[-79.35675,33.1485],[-79.35263,33.14563],[-79.35217,33.14389],[-79.35034,33.14332],[-79.34897,33.14449],[-79.34485,33.14162],[-79.34439,33.13989],[-79.34577,33.13872],[-79.34531,33.13698],[-79.34348,33.13641],[-79.34303,33.13468],[-79.3444,33.13351],[-79.34395,33.13177],[-79.34532,33.1306],[-79.34716,33.13117],[-79.34853,33.13],[-79.34808,33.12826],[-79.34945,33.12709],[-79.35128,33.12766],[-79.35266,33.12649],[-79.35678,33.12936],[-79.35816,33.12819],[-79.35541,33.12415],[-79.35679,33.12298],[-79.35633,33.12125],[-79.35771,33.12008],[-79.35954,33.12064],[-79.36413,33.11887],[-79.36596,33.11944],[-79.36733,33.11827],[-79.36917,33.11883],[-79.37054,33.11766],[-79.37237,33.11823],[-79.37375,33.11706],[-79.37558,33.11763],[-79.37604,33.11937],[-79.37466,33.12054],[-79.37283,33.11997],[-79.37145,33.12114],[-79.37191,33.12288],[-79.37053,33.12405],[-79.37099,33.12578],[-79.37282,33.12635],[-79.3742,33.12518],[-79.37374,33.12344],[-79.37512,33.12227],[-79.37695,33.12284],[-79.37833,33.12167],[-79.37787,33.11993],[-79.37925,33.11876],[-79.38108,33.11933],[-79.38246,33.11816],[-79.382,33.11642],[-79.38338,33.11525],[-79.38842,33.11521],[-79.38887,33.11695],[-79.39071,33.11752],[-79.39208,33.11635],[-79.39163,33.11461],[-79.393,33.11344],[-79.39427,33.11383],[-79.39265,33.11489],[-79.39253,33.11538],[-79.39621,33.11284],[-79.39576,33.1111],[-79.39713,33.10993],[-79.39668,33.10819],[-79.39354,33.10781],[-79.39616,33.10529],[-79.39897,33.10411],[-79.39882,33.10296],[-79.40065,33.10144],[-79.40172,33.10177],[-79.40218,33.10351],[-79.4008,33.10468],[-79.40126,33.10642],[-79.39988,33.10759],[-79.40034,33.10932],[-79.40217,33.10989],[-79.40355,33.10872],[-79.40309,33.10698],[-79.40447,33.10581],[-79.40401,33.10408],[-79.4086,33.1023],[-79.40814,33.10056],[-79.40952,33.09939],[-79.40906,33.09765],[-79.40734,33.0971],[-79.41025,33.09577],[-79.41227,33.09705],[-79.41365,33.09588],[-79.41326,33.09441],[-79.41778,33.09237],[-79.4219,33.09523],[-79.42236,33.09697],[-79.42419,33.09754],[-79.42557,33.09637],[-79.42511,33.09463],[-79.42729,33.09371],[-79.42605,33.09483]],[[-79.34898,33.13811],[-79.35081,33.13868],[-79.35219,33.13751],[-79.35173,33.13578],[-79.3499,33.13521],[-79.34852,33.13638],[-79.34898,33.13811]],[[-79.42144,33.09988],[-79.42098,33.09814],[-79.41915,33.09758],[-79.41777,33.09875],[-79.41823,33.10049],[-79.42006,33.10105],[-79.42144,33.09988]]]}},{"type":"Feature","properties":{"sqmi":8.8},"geometry":{"type":"Polygon","coordinates":[[[-76.81981,35.90084],[-76.81997,35.90249],[-76.81812,35.90341],[-76.81611,35.90269],[-76.81426,35.90362],[-76.81225,35.9029],[-76.81209,35.90126],[-76.81008,35.90054],[-76.80823,35.90146],[-76.80839,35.90311],[-76.8104,35.90382],[-76.81056,35.90547],[-76.81257,35.90618],[-76.81272,35.90783],[-76.81087,35.90875],[-76.80871,35.90811],[-76.80401,35.90201],[-76.80119,35.9002],[-76.80072,35.90205],[-76.79416,35.90425],[-76.79151,35.90784],[-76.79098,35.91219],[-76.78633,35.91368],[-76.78535,35.91698],[-76.78391,35.91794],[-76.77375,35.91901],[-76.77558,35.91535],[-76.77277,35.91352],[-76.77004,35.9143],[-76.76489,35.92054],[-76.76035,35.91949],[-76.75858,35.91995],[-76.7574,35.91848],[-76.75472,35.91786],[-76.75698,35.91347],[-76.76089,35.91448],[-76.76368,35.91333],[-76.7654,35.90972],[-76.76818,35.9074],[-76.76878,35.90516],[-76.77517,35.89981],[-76.78485,35.89482],[-76.78389,35.89404],[-76.77522,35.89838],[-76.77032,35.90351],[-76.76816,35.90447],[-76.76266,35.91308],[-76.76081,35.91372],[-76.75774,35.91257],[-76.75611,35.91312],[-76.7509,35.91976],[-76.74739,35.91912],[-76.74174,35.92077],[-76.74058,35.91983],[-76.74278,35.91797],[-76.74599,35.91786],[-76.75025,35.91541],[-76.75065,35.91408],[-76.74891,35.91177],[-76.75284,35.91214],[-76.754,35.91134],[-76.7524,35.90884],[-76.75276,35.90609],[-76.75147,35.90525],[-76.75138,35.90875],[-76.75301,35.91127],[-76.74826,35.91122],[-76.74787,35.91248],[-76.74928,35.91506],[-76.7454,35.91715],[-76.74247,35.91715],[-76.73997,35.91967],[-76.74154,35.92232],[-76.73972,35.92289],[-76.73638,35.92133],[-76.73275,35.92204],[-76.73244,35.92034],[-76.73043,35.91962],[-76.73027,35.91798],[-76.73212,35.91706],[-76.73197,35.91542],[-76.73055,35.91491],[-76.73767,35.90468],[-76.74267,35.9018],[-76.74431,35.90239],[-76.74616,35.90146],[-76.74601,35.89983],[-76.75403,35.89335],[-76.75835,35.88679],[-76.76405,35.88567],[-76.7639,35.88402],[-76.76265,35.88358],[-76.76574,35.883],[-76.76776,35.88382],[-76.76961,35.8829],[-76.76945,35.88125],[-76.76744,35.88054],[-76.76729,35.8789],[-76.76914,35.87797],[-76.775,35.87849],[-76.77685,35.87756],[-76.77669,35.87592],[-76.77855,35.875],[-76.78055,35.87572],[-76.7824,35.87479],[-76.78441,35.87551],[-76.78626,35.87459],[-76.78827,35.87531],[-76.79366,35.87433],[-76.7972,35.87756],[-76.8017,35.88381],[-76.80454,35.88578],[-76.81283,35.88884],[-76.8158,35.88818],[-76.82064,35.88936],[-76.82272,35.89079],[-76.82288,35.89243],[-76.82103,35.89335],[-76.82118,35.895],[-76.81933,35.89592],[-76.81949,35.89756],[-76.81764,35.89849],[-76.8178,35.90013],[-76.81981,35.90084]],[[-76.77886,35.87828],[-76.77902,35.87992],[-76.78102,35.88064],[-76.78287,35.87972],[-76.78272,35.87807],[-76.78071,35.87736],[-76.77886,35.87828]],[[-76.81717,35.89356],[-76.81516,35.89284],[-76.81331,35.89377],[-76.81347,35.89541],[-76.81548,35.89613],[-76.81733,35.8952],[-76.81717,35.89356]]]}},{"type":"Feature","properties":{"sqmi":8.69},"geometry":{"type":"Polygon","coordinates":[[[-80.17012,32.83504],[-80.16964,32.8333],[-80.16779,32.83274],[-80.16732,32.831],[-80.17193,32.82917],[-80.17378,32.82973],[-80.17516,32.82854],[-80.17701,32.8291],[-80.17839,32.82791],[-80.17792,32.82616],[-80.17607,32.82561],[-80.17559,32.82386],[-80.17697,32.82267],[-80.18115,32.82553],[-80.18253,32.82434],[-80.18205,32.82259],[-80.18343,32.8214],[-80.18296,32.81966],[-80.18434,32.81847],[-80.18387,32.81672],[-80.18201,32.81617],[-80.18154,32.81442],[-80.18292,32.81323],[-80.188,32.81315],[-80.18848,32.8149],[-80.19033,32.81545],[-80.19494,32.81363],[-80.19679,32.81418],[-80.19726,32.81593],[-80.19265,32.81775],[-80.19313,32.8195],[-80.19821,32.81942],[-80.19869,32.82116],[-80.19731,32.82235],[-80.19778,32.8241],[-80.19963,32.82465],[-80.20101,32.82346],[-80.20054,32.82172],[-80.20192,32.82053],[-80.20144,32.81878],[-80.20282,32.81759],[-80.20468,32.81815],[-80.20515,32.81989],[-80.20377,32.82108],[-80.20424,32.82283],[-80.20287,32.82402],[-80.20334,32.82576],[-80.20519,32.82631],[-80.20657,32.82512],[-80.20842,32.82568],[-80.2098,32.82449],[-80.20933,32.82274],[-80.21071,32.82155],[-80.21256,32.82211],[-80.21394,32.82092],[-80.21347,32.81917],[-80.20838,32.81925],[-80.20791,32.81751],[-80.20605,32.81696],[-80.20558,32.81521],[-80.21019,32.81338],[-80.21205,32.81394],[-80.21342,32.81275],[-80.21528,32.8133],[-80.21666,32.81211],[-80.22084,32.81497],[-80.22222,32.81378],[-80.22407,32.81433],[-80.22454,32.81607],[-80.21993,32.8179],[-80.22041,32.81965],[-80.21903,32.82084],[-80.2195,32.82258],[-80.21812,32.82377],[-80.2186,32.82552],[-80.21398,32.82734],[-80.21446,32.82909],[-80.21954,32.82901],[-80.22092,32.82782],[-80.22045,32.82607],[-80.22183,32.82488],[-80.22135,32.82314],[-80.22273,32.82195],[-80.22692,32.8248],[-80.22829,32.82361],[-80.23015,32.82416],[-80.23062,32.82591],[-80.22924,32.8271],[-80.22416,32.82718],[-80.22278,32.82837],[-80.22325,32.83012],[-80.22187,32.83131],[-80.22235,32.83305],[-80.2242,32.83361],[-80.22558,32.83242],[-80.22511,32.83067],[-80.22648,32.82948],[-80.22834,32.83003],[-80.22881,32.83178],[-80.22743,32.83297],[-80.22791,32.83471],[-80.22976,32.83527],[-80.23024,32.83701],[-80.22886,32.8382],[-80.227,32.83765],[-80.22653,32.83591],[-80.22144,32.83599],[-80.22006,32.83718],[-80.22054,32.83892],[-80.21916,32.84011],[-80.21963,32.84186],[-80.22381,32.84471],[-80.22429,32.84646],[-80.22291,32.84765],[-80.22338,32.84939],[-80.22524,32.84995],[-80.22662,32.84876],[-80.22614,32.84701],[-80.22752,32.84582],[-80.2317,32.84867],[-80.23218,32.85042],[-80.2308,32.85161],[-80.23127,32.85335],[-80.22989,32.85454],[-80.22571,32.85169],[-80.22433,32.85288],[-80.22481,32.85463],[-80.22019,32.85645],[-80.21601,32.8536],[-80.21463,32.85479],[-80.21278,32.85423],[-80.20816,32.85606],[-80.20398,32.8532],[-80.2026,32.85439],[-80.20075,32.85384],[-80.19614,32.85566],[-80.19196,32.8528],[-80.18734,32.85463],[-80.18226,32.85471],[-80.18088,32.8559],[-80.18135,32.85764],[-80.17997,32.85883],[-80.17812,32.85828],[-80.17351,32.8601],[-80.17166,32.85954],[-80.17028,32.86073],[-80.17075,32.86248],[-80.16937,32.86366],[-80.16429,32.86374],[-80.16291,32.86493],[-80.16338,32.86668],[-80.162,32.86786],[-80.15692,32.86794],[-80.15644,32.8662],[-80.15459,32.86564],[-80.15412,32.8639],[-80.1555,32.86271],[-80.15503,32.86096],[-80.1564,32.85978],[-80.15593,32.85803],[-80.15731,32.85684],[-80.15684,32.8551],[-80.16145,32.85328],[-80.16098,32.85153],[-80.1568,32.84868],[-80.15633,32.84693],[-80.16094,32.84511],[-80.16279,32.84567],[-80.16417,32.84448],[-80.16369,32.84273],[-80.16184,32.84218],[-80.16151,32.84096],[-80.16925,32.8444],[-80.16985,32.84388],[-80.17425,32.8456],[-80.17486,32.84574],[-80.18304,32.84624],[-80.18404,32.84711],[-80.18308,32.84623],[-80.17446,32.84564],[-80.16991,32.84383],[-80.17063,32.84321],[-80.17016,32.84146],[-80.1683,32.84091],[-80.16711,32.84278],[-80.16151,32.84094],[-80.16006,32.83726],[-80.16228,32.8375],[-80.16365,32.83631],[-80.16318,32.83457],[-80.16456,32.83338],[-80.16874,32.83623],[-80.16921,32.83798],[-80.17106,32.83853],[-80.17154,32.84028],[-80.17339,32.84083],[-80.178,32.83901],[-80.17753,32.83726],[-80.17567,32.83671],[-80.1752,32.83496],[-80.17012,32.83504]],[[-80.18162,32.82727],[-80.18024,32.82846],[-80.18072,32.83021],[-80.17934,32.83139],[-80.17981,32.83314],[-80.17843,32.83433],[-80.1789,32.83607],[-80.18076,32.83663],[-80.18214,32.83544],[-80.18166,32.83369],[-80.18304,32.8325],[-80.18257,32.83076],[-80.18395,32.82957],[-80.18347,32.82783],[-80.18162,32.82727]],[[-80.1899,32.82013],[-80.18942,32.81839],[-80.18757,32.81783],[-80.18619,32.81902],[-80.18666,32.82077],[-80.18852,32.82132],[-80.1899,32.82013]],[[-80.19506,32.8329],[-80.19692,32.83345],[-80.1983,32.83226],[-80.19782,32.83052],[-80.1992,32.82933],[-80.20105,32.82988],[-80.20153,32.83163],[-80.20015,32.83282],[-80.20062,32.83456],[-80.20248,32.83512],[-80.20709,32.83329],[-80.20894,32.83385],[-80.21032,32.83266],[-80.20985,32.83091],[-80.20476,32.83099],[-80.20429,32.82925],[-80.20011,32.8264],[-80.19873,32.82759],[-80.19687,32.82703],[-80.1955,32.82822],[-80.19597,32.82997],[-80.19459,32.83116],[-80.19506,32.8329]]]}},{"type":"Feature","properties":{"sqmi":8.59},"geometry":{"type":"Polygon","coordinates":[[[-76.88751,35.87905],[-76.88566,35.87998],[-76.88582,35.88162],[-76.88397,35.88254],[-76.8781,35.88203],[-76.87625,35.88296],[-76.87641,35.8846],[-76.87071,35.88573],[-76.87087,35.88738],[-76.86902,35.8883],[-76.86701,35.88758],[-76.86516,35.88851],[-76.86532,35.89015],[-76.86347,35.89107],[-76.8576,35.89057],[-76.85575,35.89149],[-76.85374,35.89077],[-76.8519,35.8917],[-76.85205,35.89334],[-76.85406,35.89406],[-76.85422,35.8957],[-76.85237,35.89662],[-76.85036,35.89591],[-76.85021,35.89426],[-76.8482,35.89355],[-76.84804,35.8919],[-76.84603,35.89119],[-76.84587,35.88955],[-76.84386,35.88883],[-76.84201,35.88975],[-76.84217,35.8914],[-76.84032,35.89232],[-76.84048,35.89396],[-76.84635,35.89447],[-76.84651,35.89611],[-76.84852,35.89683],[-76.84867,35.89847],[-76.84682,35.8994],[-76.84096,35.89889],[-76.83911,35.89981],[-76.8371,35.89909],[-76.83525,35.90002],[-76.83324,35.8993],[-76.83308,35.89766],[-76.83107,35.89694],[-76.83091,35.8953],[-76.8289,35.89458],[-76.82874,35.89294],[-76.82674,35.89222],[-76.82658,35.89058],[-76.82457,35.88986],[-76.82446,35.88879],[-76.83104,35.88731],[-76.83622,35.88458],[-76.83906,35.88058],[-76.84058,35.87498],[-76.84604,35.87075],[-76.84764,35.86789],[-76.84898,35.86689],[-76.85336,35.86687],[-76.85521,35.86595],[-76.85505,35.86431],[-76.8569,35.86338],[-76.85674,35.86174],[-76.85473,35.86103],[-76.85457,35.85938],[-76.85256,35.85867],[-76.8524,35.85703],[-76.85425,35.8561],[-76.85409,35.85446],[-76.85594,35.85354],[-76.85795,35.85426],[-76.85811,35.8559],[-76.85626,35.85682],[-76.85642,35.85846],[-76.85843,35.85918],[-76.85859,35.86082],[-76.86059,35.86153],[-76.86244,35.86061],[-76.86228,35.85897],[-76.86413,35.85805],[-76.86397,35.8564],[-76.86582,35.85548],[-76.86566,35.85384],[-76.86751,35.85292],[-76.86952,35.85363],[-76.87136,35.85271],[-76.87723,35.85322],[-76.87907,35.85229],[-76.87891,35.85065],[-76.88076,35.84973],[-76.8806,35.84809],[-76.87859,35.84737],[-76.87843,35.84573],[-76.88028,35.84481],[-76.88012,35.84317],[-76.88582,35.84203],[-76.88566,35.84039],[-76.88751,35.83947],[-76.88735,35.83783],[-76.88919,35.8369],[-76.88903,35.83526],[-76.88703,35.83455],[-76.88687,35.83291],[-76.88871,35.83198],[-76.88855,35.83034],[-76.8904,35.82942],[-76.89024,35.82778],[-76.88823,35.82706],[-76.88807,35.82542],[-76.88992,35.8245],[-76.89578,35.82501],[-76.89762,35.82408],[-76.89963,35.8248],[-76.89971,35.82567],[-76.89427,35.82888],[-76.8934,35.83291],[-76.89545,35.83428],[-76.90127,35.83554],[-76.90259,35.8379],[-76.9013,35.84394],[-76.89851,35.84656],[-76.89602,35.84725],[-76.89657,35.85159],[-76.89947,35.85535],[-76.89944,35.85768],[-76.89384,35.86134],[-76.89218,35.864],[-76.89296,35.86576],[-76.90199,35.8691],[-76.90384,35.87714],[-76.90533,35.87874],[-76.90293,35.87822],[-76.90109,35.87914],[-76.89908,35.87843],[-76.89723,35.87935],[-76.89522,35.87863],[-76.89337,35.87956],[-76.89136,35.87884],[-76.88951,35.87977],[-76.88751,35.87905]],[[-76.86107,35.86646],[-76.85907,35.86574],[-76.85722,35.86666],[-76.85738,35.86831],[-76.85939,35.86902],[-76.86123,35.8681],[-76.86107,35.86646]],[[-76.87467,35.86021],[-76.87547,35.86003],[-76.87151,35.85855],[-76.87467,35.86021]],[[-76.88129,35.85799],[-76.88239,35.85804],[-76.88018,35.85687],[-76.88147,35.85572],[-76.87987,35.85655],[-76.87561,35.85648],[-76.87353,35.85506],[-76.87168,35.85599],[-76.87184,35.85763],[-76.87385,35.85835],[-76.87667,35.85691],[-76.88129,35.85799]]]}},{"type":"Feature","properties":{"sqmi":8.04},"geometry":{"type":"Polygon","coordinates":[[[-77.2576,35.09103],[-77.25742,35.08941],[-77.25924,35.08849],[-77.25907,35.08688],[-77.25329,35.08639],[-77.25312,35.08477],[-77.25493,35.08385],[-77.25476,35.08223],[-77.25278,35.08153],[-77.25097,35.08245],[-77.25114,35.08407],[-77.24933,35.08499],[-77.24735,35.08429],[-77.24718,35.08267],[-77.24899,35.08175],[-77.24882,35.08013],[-77.24684,35.07943],[-77.24502,35.08035],[-77.24519,35.08197],[-77.24338,35.08289],[-77.24355,35.08451],[-77.24553,35.08521],[-77.2457,35.08683],[-77.24389,35.08774],[-77.24406,35.08936],[-77.24225,35.09028],[-77.24027,35.08958],[-77.2401,35.08796],[-77.23812,35.08726],[-77.2363,35.08818],[-77.23647,35.0898],[-77.23846,35.0905],[-77.23863,35.09212],[-77.2444,35.0926],[-77.24457,35.09422],[-77.23897,35.09536],[-77.23698,35.09466],[-77.23681,35.09304],[-77.23483,35.09234],[-77.23466,35.09072],[-77.23268,35.09002],[-77.23251,35.0884],[-77.23432,35.08748],[-77.23415,35.08586],[-77.23217,35.08516],[-77.232,35.08354],[-77.23002,35.08284],[-77.22985,35.08122],[-77.22787,35.08051],[-77.2277,35.07889],[-77.23331,35.07776],[-77.23314,35.07614],[-77.23495,35.07522],[-77.23478,35.0736],[-77.2328,35.0729],[-77.23263,35.07128],[-77.23444,35.07036],[-77.23642,35.07107],[-77.23659,35.07269],[-77.23857,35.07339],[-77.23874,35.07501],[-77.24072,35.07571],[-77.24253,35.07479],[-77.24236,35.07317],[-77.24038,35.07247],[-77.24021,35.07085],[-77.23823,35.07015],[-77.23806,35.06853],[-77.23987,35.06761],[-77.2397,35.06599],[-77.24151,35.06507],[-77.2435,35.06577],[-77.24531,35.06486],[-77.24514,35.06324],[-77.24695,35.06232],[-77.25272,35.0628],[-77.25453,35.06188],[-77.25436,35.06027],[-77.25617,35.05935],[-77.256,35.05773],[-77.25781,35.05681],[-77.25979,35.05751],[-77.25996,35.05913],[-77.26194,35.05983],[-77.26375,35.05891],[-77.26358,35.05729],[-77.2616,35.05659],[-77.26143,35.05497],[-77.25566,35.05449],[-77.25549,35.05287],[-77.2573,35.05195],[-77.25928,35.05265],[-77.26488,35.05152],[-77.26686,35.05222],[-77.26703,35.05384],[-77.26901,35.05454],[-77.26918,35.05616],[-77.26737,35.05708],[-77.26754,35.05869],[-77.26573,35.05961],[-77.2659,35.06123],[-77.2603,35.06237],[-77.26047,35.06399],[-77.26625,35.06447],[-77.26806,35.06355],[-77.26789,35.06193],[-77.2697,35.06101],[-77.26953,35.05939],[-77.27134,35.05848],[-77.27332,35.05918],[-77.27349,35.0608],[-77.27168,35.06171],[-77.27185,35.06333],[-77.27383,35.06403],[-77.274,35.06565],[-77.2684,35.06679],[-77.26857,35.06841],[-77.26676,35.06933],[-77.26693,35.07095],[-77.26882,35.07161],[-77.26828,35.07199],[-77.27072,35.07073],[-77.2727,35.07143],[-77.27451,35.07051],[-77.27434,35.06889],[-77.27615,35.06797],[-77.27598,35.06635],[-77.28158,35.06522],[-77.28141,35.0636],[-77.28322,35.06268],[-77.28305,35.06106],[-77.28486,35.06014],[-77.28684,35.06084],[-77.28701,35.06246],[-77.2852,35.06338],[-77.28538,35.065],[-77.28319,35.06613],[-77.28374,35.06754],[-77.28572,35.06824],[-77.28589,35.06986],[-77.28408,35.07077],[-77.2783,35.07029],[-77.27649,35.07121],[-77.27667,35.07283],[-77.27865,35.07353],[-77.27882,35.07515],[-77.28459,35.07563],[-77.28476,35.07725],[-77.28675,35.07795],[-77.28856,35.07703],[-77.28838,35.07541],[-77.29019,35.07449],[-77.29218,35.07519],[-77.29399,35.07428],[-77.29976,35.07476],[-77.29993,35.07638],[-77.29812,35.0773],[-77.29829,35.07891],[-77.29648,35.07983],[-77.29666,35.08145],[-77.29485,35.08237],[-77.29502,35.08399],[-77.29321,35.08491],[-77.29338,35.08653],[-77.29157,35.08745],[-77.29174,35.08907],[-77.28993,35.08999],[-77.2901,35.09161],[-77.28829,35.09253],[-77.28846,35.09415],[-77.28285,35.09529],[-77.28087,35.09458],[-77.2807,35.09296],[-77.27872,35.09226],[-77.27311,35.0934],[-77.27328,35.09502],[-77.27527,35.09572],[-77.27544,35.09734],[-77.28121,35.09782],[-77.28138,35.09944],[-77.27957,35.10036],[-77.27974,35.10198],[-77.27793,35.1029],[-77.2781,35.10452],[-77.27629,35.10544],[-77.27646,35.10706],[-77.27086,35.1082],[-77.27103,35.10982],[-77.26921,35.11074],[-77.26938,35.11236],[-77.26378,35.1135],[-77.26395,35.11512],[-77.26214,35.11604],[-77.26231,35.11766],[-77.2567,35.11879],[-77.25687,35.12041],[-77.25505,35.12133],[-77.25307,35.12063],[-77.25126,35.12155],[-77.24928,35.12085],[-77.24911,35.11923],[-77.24712,35.11853],[-77.24695,35.11691],[-77.24876,35.11599],[-77.24859,35.11437],[-77.25041,35.11345],[-77.25024,35.11183],[-77.24825,35.11113],[-77.24808,35.10951],[-77.2499,35.10859],[-77.24973,35.10697],[-77.24774,35.10627],[-77.24757,35.10465],[-77.25318,35.10351],[-77.25516,35.10421],[-77.25533,35.10583],[-77.25732,35.10653],[-77.25913,35.10561],[-77.25896,35.10399],[-77.26077,35.10307],[-77.2606,35.10145],[-77.25482,35.10097],[-77.25301,35.10189],[-77.25103,35.10119],[-77.24922,35.10211],[-77.24723,35.10141],[-77.24542,35.10232],[-77.24344,35.10162],[-77.24327,35.1],[-77.24129,35.0993],[-77.24112,35.09768],[-77.24293,35.09676],[-77.24491,35.09746],[-77.24672,35.09655],[-77.24655,35.09493],[-77.24837,35.09401],[-77.25035,35.09471],[-77.25052,35.09633],[-77.2525,35.09703],[-77.25431,35.09611],[-77.25414,35.09449],[-77.25595,35.09357],[-77.25578,35.09195],[-77.2576,35.09103]],[[-77.26133,35.07208],[-77.25934,35.07138],[-77.25917,35.06976],[-77.26098,35.06884],[-77.26081,35.06722],[-77.25504,35.06674],[-77.25323,35.06766],[-77.2534,35.06928],[-77.25159,35.0702],[-77.25176,35.07182],[-77.25374,35.07252],[-77.25391,35.07414],[-77.25589,35.07484],[-77.2615,35.0737],[-77.26133,35.07208]],[[-77.26439,35.10124],[-77.26457,35.10286],[-77.26655,35.10356],[-77.26836,35.10264],[-77.26819,35.10102],[-77.26621,35.10032],[-77.26439,35.10124]],[[-77.26721,35.05734],[-77.26736,35.05733],[-77.26719,35.05703],[-77.26721,35.05734]],[[-77.2738,35.09988],[-77.27362,35.09826],[-77.27164,35.09756],[-77.27147,35.09594],[-77.26949,35.09524],[-77.26768,35.09616],[-77.26785,35.09778],[-77.26983,35.09848],[-77.27,35.1001],[-77.27198,35.1008],[-77.2738,35.09988]],[[-77.28415,35.08951],[-77.28234,35.09043],[-77.28251,35.09205],[-77.28449,35.09275],[-77.2863,35.09183],[-77.28613,35.09021],[-77.28415,35.08951]],[[-77.28692,35.07957],[-77.28511,35.08049],[-77.28528,35.08211],[-77.28726,35.08281],[-77.28907,35.08189],[-77.2889,35.08027],[-77.28692,35.07957]]]}},{"type":"Feature","properties":{"sqmi":8.02},"geometry":{"type":"Polygon","coordinates":[[[-79.25234,33.32817],[-79.25097,33.32933],[-79.25142,33.33107],[-79.24683,33.33283],[-79.24728,33.33456],[-79.24591,33.33573],[-79.24636,33.33746],[-79.24498,33.33863],[-79.24315,33.33806],[-79.24177,33.33922],[-79.24223,33.34096],[-79.24085,33.34212],[-79.23902,33.34155],[-79.23764,33.34271],[-79.23581,33.34214],[-79.23122,33.3439],[-79.2271,33.34102],[-79.22665,33.33929],[-79.22803,33.33813],[-79.22757,33.33639],[-79.22253,33.33641],[-79.22208,33.33468],[-79.21796,33.3318],[-79.21659,33.33297],[-79.21704,33.3347],[-79.21566,33.33586],[-79.21383,33.33529],[-79.21245,33.33646],[-79.20834,33.33358],[-79.20696,33.33474],[-79.20741,33.33648],[-79.20604,33.33764],[-79.20421,33.33707],[-79.20283,33.33824],[-79.201,33.33766],[-79.20057,33.33604],[-79.20247,33.3354],[-79.20428,33.33231],[-79.20606,33.33127],[-79.2056,33.32954],[-79.20698,33.32838],[-79.20653,33.32664],[-79.2047,33.32607],[-79.20332,33.32723],[-79.20377,33.32897],[-79.2024,33.33013],[-79.20056,33.32956],[-79.20011,33.32783],[-79.20149,33.32666],[-79.20104,33.32493],[-79.20562,33.32317],[-79.20517,33.32144],[-79.20655,33.32027],[-79.20609,33.31854],[-79.20747,33.31737],[-79.21159,33.32025],[-79.21296,33.31909],[-79.21023,33.31505],[-79.2116,33.31388],[-79.21115,33.31215],[-79.21253,33.31098],[-79.21208,33.30925],[-79.21345,33.30808],[-79.213,33.30635],[-79.21117,33.30578],[-79.21043,33.30395],[-79.23099,33.30225],[-79.24078,33.30273],[-79.24247,33.30117],[-79.24373,33.30168],[-79.24795,33.29787],[-79.25756,33.29865],[-79.26665,33.30124],[-79.2657,33.30204],[-79.26616,33.30378],[-79.27027,33.30665],[-79.27073,33.30839],[-79.27321,33.30841],[-79.27444,33.31114],[-79.27301,33.31069],[-79.27164,33.31186],[-79.2698,33.31129],[-79.26843,33.31246],[-79.26888,33.31419],[-79.2675,33.31536],[-79.26796,33.31709],[-79.26658,33.31826],[-79.26703,33.31999],[-79.26796,33.32028],[-79.26496,33.32495],[-79.2629,33.32349],[-79.26152,33.32465],[-79.26197,33.32639],[-79.2606,33.32755],[-79.25876,33.32698],[-79.25418,33.32874],[-79.25234,33.32817]]]}},{"type":"Feature","properties":{"sqmi":7.29},"geometry":{"type":"Polygon","coordinates":[[[-78.64936,33.88906],[-78.64762,33.88998],[-78.64783,33.89157],[-78.64239,33.89274],[-78.6426,33.89433],[-78.64456,33.89499],[-78.6463,33.89407],[-78.64825,33.89474],[-78.64846,33.89632],[-78.64672,33.89724],[-78.64693,33.89883],[-78.64889,33.89949],[-78.6491,33.90108],[-78.64736,33.902],[-78.64757,33.90358],[-78.64582,33.9045],[-78.64387,33.90384],[-78.64213,33.90476],[-78.64234,33.90634],[-78.64429,33.90701],[-78.64451,33.90859],[-78.64276,33.90951],[-78.64297,33.9111],[-78.64493,33.91176],[-78.64514,33.91335],[-78.6434,33.91427],[-78.64361,33.91586],[-78.64556,33.91652],[-78.64577,33.91811],[-78.64403,33.91903],[-78.64424,33.92061],[-78.6462,33.92128],[-78.64641,33.92286],[-78.64466,33.92378],[-78.64488,33.92537],[-78.65053,33.92578],[-78.65074,33.92737],[-78.65269,33.92803],[-78.65443,33.92711],[-78.65639,33.92778],[-78.65813,33.92686],[-78.65792,33.92527],[-78.65966,33.92435],[-78.66162,33.92501],[-78.66183,33.9266],[-78.66008,33.92752],[-78.6603,33.92911],[-78.66225,33.92977],[-78.66399,33.92885],[-78.66378,33.92727],[-78.66552,33.92634],[-78.66531,33.92476],[-78.66705,33.92384],[-78.6727,33.92425],[-78.67445,33.92333],[-78.67423,33.92174],[-78.67598,33.92082],[-78.6801,33.92374],[-78.68184,33.92282],[-78.68163,33.92123],[-78.68337,33.92031],[-78.68749,33.92322],[-78.68923,33.9223],[-78.68902,33.92072],[-78.69446,33.91954],[-78.69424,33.91796],[-78.69598,33.91703],[-78.69577,33.91545],[-78.69382,33.91478],[-78.6936,33.9132],[-78.69535,33.91228],[-78.69947,33.91519],[-78.70121,33.91427],[-78.70316,33.91494],[-78.70338,33.91652],[-78.70163,33.91744],[-78.70185,33.91903],[-78.70597,33.92194],[-78.70618,33.92353],[-78.70444,33.92445],[-78.69879,33.92404],[-78.69705,33.92496],[-78.6914,33.92455],[-78.68966,33.92547],[-78.68987,33.92706],[-78.68813,33.92798],[-78.68248,33.92757],[-78.68073,33.92849],[-78.68095,33.93008],[-78.67551,33.93126],[-78.67572,33.93284],[-78.67398,33.93376],[-78.66833,33.93335],[-78.66658,33.93427],[-78.6668,33.93586],[-78.66505,33.93678],[-78.66527,33.93837],[-78.66352,33.93929],[-78.66373,33.94087],[-78.66199,33.94179],[-78.6622,33.94338],[-78.66046,33.9443],[-78.66067,33.94589],[-78.65893,33.94681],[-78.65914,33.94839],[-78.6574,33.94932],[-78.65761,33.9509],[-78.65587,33.95182],[-78.65608,33.95341],[-78.65433,33.95433],[-78.65455,33.95592],[-78.6528,33.95684],[-78.65301,33.95842],[-78.65127,33.95934],[-78.65148,33.96093],[-78.64974,33.96185],[-78.64995,33.96344],[-78.64821,33.96436],[-78.64697,33.96161],[-78.64778,33.96119],[-78.64757,33.9596],[-78.64932,33.95868],[-78.6491,33.95709],[-78.64715,33.95643],[-78.64694,33.95484],[-78.64868,33.95392],[-78.64847,33.95233],[-78.64651,33.95167],[-78.6463,33.95008],[-78.64218,33.94716],[-78.64197,33.94558],[-78.64371,33.94466],[-78.6435,33.94307],[-78.64155,33.9424],[-78.64134,33.94082],[-78.63722,33.9379],[-78.63701,33.93631],[-78.63875,33.93539],[-78.63854,33.93381],[-78.64398,33.93263],[-78.64377,33.93105],[-78.64181,33.93038],[-78.6416,33.9288],[-78.64334,33.92788],[-78.64313,33.92629],[-78.63748,33.92588],[-78.63574,33.9268],[-78.63379,33.92613],[-78.63357,33.92455],[-78.63532,33.92363],[-78.63511,33.92204],[-78.63685,33.92112],[-78.6388,33.92179],[-78.64055,33.92087],[-78.64033,33.91928],[-78.63838,33.91862],[-78.63817,33.91703],[-78.63252,33.91662],[-78.63231,33.91503],[-78.63036,33.91437],[-78.63014,33.91278],[-78.6245,33.91237],[-78.62275,33.91329],[-78.6208,33.91263],[-78.62059,33.91104],[-78.61494,33.91063],[-78.61473,33.90904],[-78.61062,33.90613],[-78.6104,33.90454],[-78.61215,33.90362],[-78.6141,33.90429],[-78.61584,33.90337],[-78.61563,33.90178],[-78.62107,33.90061],[-78.62086,33.89902],[-78.61891,33.89836],[-78.6187,33.89677],[-78.62044,33.89585],[-78.62023,33.89427],[-78.62197,33.89335],[-78.62176,33.89176],[-78.61981,33.8911],[-78.6196,33.88951],[-78.62134,33.8886],[-78.62113,33.88701],[-78.62287,33.88609],[-78.62482,33.88676],[-78.62503,33.88834],[-78.62698,33.88901],[-78.62873,33.88809],[-78.62852,33.8865],[-78.63026,33.88558],[-78.63005,33.884],[-78.63179,33.88308],[-78.63158,33.88149],[-78.63332,33.88058],[-78.63743,33.88349],[-78.63764,33.88507],[-78.6396,33.88574],[-78.64134,33.88482],[-78.64113,33.88324],[-78.63918,33.88257],[-78.63896,33.88099],[-78.64071,33.88007],[-78.64482,33.88298],[-78.64656,33.88206],[-78.64851,33.88273],[-78.64873,33.88431],[-78.65068,33.88498],[-78.65089,33.88656],[-78.64915,33.88748],[-78.64936,33.88906]]]}},{"type":"Feature","properties":{"sqmi":7.22},"geometry":{"type":"Polygon","coordinates":[[[-80.67755,32.75462],[-80.67568,32.75407],[-80.67519,32.75233],[-80.67333,32.75178],[-80.67284,32.75003],[-80.66863,32.74718],[-80.66814,32.74543],[-80.66952,32.74423],[-80.66904,32.74248],[-80.67042,32.74128],[-80.67229,32.74183],[-80.67367,32.74063],[-80.67319,32.73888],[-80.67457,32.73768],[-80.67408,32.73593],[-80.67222,32.73539],[-80.67173,32.73364],[-80.66987,32.73309],[-80.66938,32.73134],[-80.66517,32.72849],[-80.66379,32.72969],[-80.66427,32.73144],[-80.66289,32.73264],[-80.65778,32.73275],[-80.65729,32.731],[-80.65867,32.7298],[-80.66054,32.73035],[-80.66192,32.72915],[-80.66144,32.7274],[-80.65632,32.7275],[-80.65584,32.72575],[-80.65163,32.7229],[-80.65114,32.72116],[-80.65252,32.71996],[-80.65204,32.71821],[-80.65017,32.71766],[-80.64879,32.71886],[-80.64693,32.71831],[-80.64645,32.71656],[-80.64783,32.71536],[-80.64969,32.71591],[-80.65107,32.71471],[-80.65059,32.71296],[-80.65197,32.71176],[-80.65708,32.71166],[-80.65846,32.71046],[-80.65798,32.70871],[-80.65936,32.70751],[-80.66122,32.70806],[-80.66261,32.70686],[-80.66212,32.70511],[-80.65701,32.70521],[-80.65653,32.70346],[-80.65791,32.70226],[-80.65742,32.70051],[-80.6588,32.69931],[-80.66067,32.69986],[-80.66205,32.69866],[-80.66157,32.69691],[-80.6597,32.69636],[-80.65922,32.69461],[-80.6606,32.69341],[-80.66011,32.69166],[-80.65825,32.69112],[-80.65777,32.68937],[-80.65915,32.68817],[-80.66101,32.68872],[-80.66239,32.68751],[-80.66191,32.68577],[-80.66004,32.68522],[-80.65956,32.68347],[-80.66094,32.68227],[-80.66605,32.68216],[-80.66654,32.68391],[-80.66515,32.68511],[-80.66564,32.68686],[-80.66985,32.68971],[-80.67123,32.68851],[-80.6731,32.68905],[-80.67358,32.6908],[-80.67545,32.69135],[-80.67593,32.6931],[-80.67455,32.6943],[-80.67504,32.69605],[-80.67365,32.69725],[-80.67179,32.6967],[-80.67041,32.6979],[-80.66854,32.69736],[-80.66716,32.69856],[-80.6653,32.69801],[-80.66392,32.69921],[-80.6644,32.70096],[-80.66302,32.70216],[-80.6635,32.70391],[-80.66537,32.70445],[-80.66585,32.7062],[-80.66772,32.70675],[-80.6691,32.70555],[-80.66861,32.7038],[-80.66999,32.7026],[-80.66951,32.70085],[-80.67089,32.69965],[-80.676,32.69955],[-80.67738,32.69835],[-80.6816,32.70119],[-80.68208,32.70294],[-80.68395,32.70349],[-80.68533,32.70229],[-80.68485,32.70054],[-80.68298,32.69999],[-80.6825,32.69824],[-80.68063,32.69769],[-80.68015,32.69594],[-80.68153,32.69474],[-80.68339,32.69529],[-80.68388,32.69704],[-80.68574,32.69759],[-80.68623,32.69934],[-80.68809,32.69989],[-80.68858,32.70164],[-80.6872,32.70284],[-80.68768,32.70459],[-80.68955,32.70513],[-80.69003,32.70688],[-80.68865,32.70808],[-80.68914,32.70983],[-80.69425,32.70973],[-80.69473,32.71148],[-80.6966,32.71202],[-80.69708,32.71377],[-80.6957,32.71497],[-80.69619,32.71672],[-80.69805,32.71727],[-80.69854,32.71902],[-80.70365,32.71892],[-80.70414,32.72067],[-80.70601,32.72121],[-80.70739,32.72001],[-80.70925,32.72056],[-80.70974,32.72231],[-80.70836,32.72351],[-80.70649,32.72296],[-80.70511,32.72416],[-80.70559,32.72591],[-80.70421,32.72711],[-80.7047,32.72886],[-80.70332,32.73006],[-80.70145,32.72952],[-80.70007,32.73072],[-80.70055,32.73247],[-80.69917,32.73367],[-80.6973,32.73312],[-80.69592,32.73432],[-80.69641,32.73607],[-80.69502,32.73727],[-80.69316,32.73672],[-80.69178,32.73792],[-80.69226,32.73967],[-80.69088,32.74087],[-80.69136,32.74262],[-80.68998,32.74382],[-80.68812,32.74327],[-80.68673,32.74447],[-80.68722,32.74622],[-80.68584,32.74742],[-80.68397,32.74687],[-80.68259,32.74807],[-80.68307,32.74982],[-80.68169,32.75102],[-80.67982,32.75047],[-80.67934,32.74873],[-80.67747,32.74818],[-80.67609,32.74938],[-80.67658,32.75113],[-80.67844,32.75167],[-80.67893,32.75342],[-80.67755,32.75462]],[[-80.66088,32.7192],[-80.66226,32.718],[-80.66178,32.71625],[-80.65991,32.7157],[-80.65853,32.7169],[-80.65902,32.71865],[-80.66088,32.7192]],[[-80.66047,32.7239],[-80.66233,32.72445],[-80.66371,32.72325],[-80.66323,32.7215],[-80.66137,32.72095],[-80.65998,32.72215],[-80.66047,32.7239]],[[-80.67491,32.72654],[-80.67677,32.72709],[-80.67816,32.72589],[-80.67767,32.72414],[-80.67581,32.72359],[-80.67442,32.72479],[-80.67491,32.72654]],[[-80.67871,32.73408],[-80.67733,32.73528],[-80.67781,32.73703],[-80.67643,32.73823],[-80.67692,32.73998],[-80.67878,32.74053],[-80.68017,32.73933],[-80.67968,32.73758],[-80.68106,32.73638],[-80.68618,32.73628],[-80.68756,32.73508],[-80.68707,32.73333],[-80.68521,32.73278],[-80.68383,32.73398],[-80.67871,32.73408]]]}},{"type":"Feature","properties":{"sqmi":6.97},"geometry":{"type":"Polygon","coordinates":[[[-81.69262,30.56196],[-81.69297,30.55946],[-81.6925,30.56178],[-81.69061,30.56411],[-81.68878,30.5623],[-81.69014,30.56106],[-81.68964,30.55929],[-81.68778,30.55878],[-81.68642,30.56003],[-81.68692,30.56179],[-81.68556,30.56304],[-81.6837,30.56252],[-81.6832,30.56076],[-81.68456,30.55952],[-81.68407,30.55775],[-81.68221,30.55724],[-81.68171,30.55548],[-81.67985,30.55497],[-81.67935,30.55321],[-81.68072,30.55196],[-81.68022,30.5502],[-81.68158,30.54895],[-81.68666,30.54873],[-81.68802,30.54748],[-81.68752,30.54572],[-81.68888,30.54448],[-81.69074,30.54499],[-81.6921,30.54374],[-81.6916,30.54198],[-81.68974,30.54147],[-81.68924,30.53971],[-81.69061,30.53846],[-81.69011,30.5367],[-81.69147,30.53545],[-81.69333,30.53597],[-81.69469,30.53472],[-81.69419,30.53296],[-81.69233,30.53244],[-81.69097,30.53369],[-81.68911,30.53318],[-81.68775,30.53443],[-81.68354,30.53164],[-81.68304,30.52988],[-81.6844,30.52863],[-81.6839,30.52687],[-81.68526,30.52562],[-81.68477,30.52386],[-81.68613,30.52262],[-81.68563,30.52086],[-81.68699,30.51961],[-81.68885,30.52012],[-81.69021,30.51887],[-81.68971,30.51711],[-81.69107,30.51587],[-81.69293,30.51638],[-81.69429,30.51513],[-81.69379,30.51337],[-81.68872,30.51359],[-81.68822,30.51183],[-81.68958,30.51058],[-81.69144,30.5111],[-81.6928,30.50985],[-81.69465,30.51036],[-81.69601,30.50911],[-81.69787,30.50963],[-81.69923,30.50838],[-81.69873,30.50662],[-81.7001,30.50537],[-81.70195,30.50588],[-81.70331,30.50463],[-81.70517,30.50515],[-81.70653,30.5039],[-81.70839,30.50441],[-81.70975,30.50316],[-81.71161,30.50367],[-81.71297,30.50243],[-81.71483,30.50294],[-81.71533,30.5047],[-81.71397,30.50595],[-81.71211,30.50544],[-81.71075,30.50668],[-81.71124,30.50844],[-81.70988,30.50969],[-81.71038,30.51145],[-81.70902,30.5127],[-81.70952,30.51446],[-81.70816,30.51571],[-81.7063,30.5152],[-81.70494,30.51645],[-81.70544,30.51821],[-81.70408,30.51945],[-81.70458,30.52121],[-81.70322,30.52246],[-81.70136,30.52195],[-81.7,30.5232],[-81.70049,30.52496],[-81.70235,30.52547],[-81.70285,30.52723],[-81.70149,30.52848],[-81.70199,30.53024],[-81.70707,30.53002],[-81.70756,30.53178],[-81.7062,30.53303],[-81.7067,30.53479],[-81.70856,30.5353],[-81.70992,30.53405],[-81.70942,30.53229],[-81.71078,30.53104],[-81.71264,30.53156],[-81.714,30.53031],[-81.71822,30.53309],[-81.71958,30.53185],[-81.72144,30.53236],[-81.72194,30.53412],[-81.72058,30.53537],[-81.72108,30.53713],[-81.71971,30.53838],[-81.72021,30.54014],[-81.72207,30.54065],[-81.72257,30.54241],[-81.72121,30.54366],[-81.71935,30.54315],[-81.71799,30.54439],[-81.71849,30.54615],[-81.71713,30.5474],[-81.71527,30.54689],[-81.71477,30.54513],[-81.71291,30.54462],[-81.71155,30.54586],[-81.71205,30.54762],[-81.71391,30.54814],[-81.71441,30.5499],[-81.71304,30.55115],[-81.71354,30.55291],[-81.7154,30.55342],[-81.71676,30.55217],[-81.71626,30.55041],[-81.71763,30.54916],[-81.71948,30.54968],[-81.72085,30.54843],[-81.72271,30.54894],[-81.72407,30.54769],[-81.72593,30.5482],[-81.72642,30.54997],[-81.72506,30.55121],[-81.72556,30.55297],[-81.72742,30.55349],[-81.72792,30.55525],[-81.72656,30.5565],[-81.72706,30.55826],[-81.72892,30.55877],[-81.72942,30.56053],[-81.72809,30.56235],[-81.7276,30.55968],[-81.72657,30.55943],[-81.72502,30.56339],[-81.72726,30.56503],[-81.72765,30.5664],[-81.72645,30.56762],[-81.72626,30.56609],[-81.72578,30.56575],[-81.72276,30.5674],[-81.72232,30.56857],[-81.72236,30.57086],[-81.72162,30.57187],[-81.72069,30.57047],[-81.72022,30.57024],[-81.71595,30.57117],[-81.7099,30.56568],[-81.70387,30.56704],[-81.70524,30.56538],[-81.705,30.56379],[-81.70447,30.56346],[-81.7018,30.56331],[-81.70103,30.56365],[-81.70091,30.56395],[-81.70144,30.56577],[-81.69998,30.56694],[-81.698,30.56949],[-81.69535,30.56643],[-81.69634,30.56431],[-81.69604,30.56329],[-81.69489,30.563],[-81.69321,30.56372],[-81.69285,30.56464],[-81.69313,30.56622],[-81.69254,30.56689],[-81.68835,30.56618],[-81.68904,30.56322],[-81.69061,30.56438],[-81.69262,30.56196]],[[-81.68676,30.53091],[-81.68861,30.53142],[-81.68998,30.53017],[-81.68948,30.52841],[-81.68762,30.5279],[-81.68626,30.52915],[-81.68676,30.53091]],[[-81.69209,30.55285],[-81.69215,30.5525],[-81.69174,30.55251],[-81.69209,30.55285]],[[-81.69389,30.55081],[-81.69419,30.55029],[-81.69392,30.55016],[-81.69389,30.55081]],[[-81.69703,30.551],[-81.69707,30.55122],[-81.69727,30.55084],[-81.69703,30.551]],[[-81.69723,30.54615],[-81.69866,30.54558],[-81.69852,30.54515],[-81.69723,30.54615]],[[-81.70063,30.53149],[-81.69877,30.53098],[-81.69741,30.53222],[-81.69791,30.53398],[-81.69976,30.5345],[-81.70113,30.53325],[-81.70063,30.53149]],[[-81.69753,30.55232],[-81.69762,30.55236],[-81.69779,30.55216],[-81.69753,30.55232]],[[-81.70644,30.54225],[-81.70641,30.5407],[-81.7063,30.54211],[-81.70449,30.54313],[-81.70358,30.54428],[-81.70644,30.54225]],[[-81.70495,30.55264],[-81.70503,30.55284],[-81.70524,30.55253],[-81.70495,30.55264]],[[-81.70625,30.54884],[-81.70643,30.5488],[-81.70563,30.54634],[-81.70525,30.54732],[-81.70625,30.54884]],[[-81.70834,30.53922],[-81.70609,30.53903],[-81.70817,30.53935],[-81.70844,30.54343],[-81.70834,30.53922]],[[-81.71014,30.55671],[-81.71051,30.55682],[-81.70966,30.55641],[-81.71014,30.55671]]]}},{"type":"Feature","properties":{"sqmi":6.92},"geometry":{"type":"Polygon","coordinates":[[[-79.20973,33.48058],[-79.21156,33.48115],[-79.21294,33.47999],[-79.21478,33.48056],[-79.21523,33.4823],[-79.21385,33.48346],[-79.21431,33.48519],[-79.20971,33.48694],[-79.20559,33.48406],[-79.20421,33.48522],[-79.20467,33.48696],[-79.20329,33.48812],[-79.19824,33.48814],[-79.19686,33.4893],[-79.19731,33.49103],[-79.19593,33.49219],[-79.19089,33.49221],[-79.18951,33.49337],[-79.18996,33.4951],[-79.18858,33.49627],[-79.18675,33.49569],[-79.18537,33.49685],[-79.18582,33.49859],[-79.18123,33.50034],[-79.18168,33.50207],[-79.1803,33.50323],[-79.18076,33.50496],[-79.17938,33.50613],[-79.17683,33.50616],[-79.17724,33.50412],[-79.17598,33.50467],[-79.17526,33.50325],[-79.17709,33.50382],[-79.17847,33.50266],[-79.17802,33.50092],[-79.1794,33.49976],[-79.17666,33.49572],[-79.17483,33.49515],[-79.17345,33.49631],[-79.17618,33.50035],[-79.1748,33.50151],[-79.17526,33.50324],[-79.17404,33.50295],[-79.17535,33.50611],[-79.17682,33.50616],[-79.17616,33.50671],[-79.17205,33.50383],[-79.17159,33.5021],[-79.17297,33.50094],[-79.17252,33.4992],[-79.17069,33.49863],[-79.16931,33.49979],[-79.16964,33.50163],[-79.16931,33.5011],[-79.1689,33.49418],[-79.16985,33.48928],[-79.17026,33.49053],[-79.17209,33.49111],[-79.17254,33.49284],[-79.17437,33.49341],[-79.17575,33.49225],[-79.1753,33.49052],[-79.17668,33.48936],[-79.17623,33.48762],[-79.17761,33.48646],[-79.17715,33.48473],[-79.17853,33.48357],[-79.17767,33.47992],[-79.17428,33.47524],[-79.17366,33.47247],[-79.17286,33.47337],[-79.17215,33.47202],[-79.17032,33.47145],[-79.16987,33.46971],[-79.17446,33.46796],[-79.17629,33.46854],[-79.17674,33.47027],[-79.17536,33.47143],[-79.17582,33.47316],[-79.17765,33.47374],[-79.17903,33.47258],[-79.17858,33.47084],[-79.17995,33.46968],[-79.18179,33.47025],[-79.18224,33.47199],[-79.18086,33.47315],[-79.18131,33.47488],[-79.18636,33.47487],[-79.18774,33.47371],[-79.19185,33.47659],[-79.19323,33.47542],[-79.1905,33.47138],[-79.19509,33.46963],[-79.19463,33.4679],[-79.19601,33.46674],[-79.20106,33.46672],[-79.20244,33.46556],[-79.20198,33.46382],[-79.20336,33.46266],[-79.20291,33.46093],[-79.20429,33.45977],[-79.20384,33.45805],[-79.20546,33.45598],[-79.20484,33.45543],[-79.20627,33.45401],[-79.20797,33.45455],[-79.20935,33.45338],[-79.20893,33.45177],[-79.21125,33.4476],[-79.21304,33.44816],[-79.21442,33.447],[-79.21396,33.44527],[-79.21534,33.4441],[-79.21718,33.44468],[-79.21856,33.44351],[-79.2181,33.44178],[-79.21948,33.44062],[-79.21903,33.43888],[-79.22362,33.43713],[-79.22545,33.4377],[-79.22683,33.43654],[-79.22638,33.4348],[-79.22776,33.43364],[-79.22502,33.4296],[-79.2264,33.42844],[-79.22823,33.42901],[-79.22868,33.43074],[-79.2328,33.43362],[-79.23326,33.43536],[-79.23509,33.43593],[-79.23554,33.43766],[-79.23738,33.43823],[-79.23783,33.43997],[-79.23645,33.44113],[-79.23691,33.44287],[-79.23553,33.44403],[-79.23369,33.44346],[-79.23324,33.44172],[-79.23141,33.44115],[-79.23003,33.44231],[-79.23048,33.44405],[-79.2291,33.44521],[-79.22955,33.44695],[-79.22818,33.44811],[-79.22863,33.44984],[-79.22725,33.45101],[-79.2277,33.45274],[-79.23182,33.45562],[-79.2332,33.45446],[-79.23275,33.45272],[-79.23413,33.45156],[-79.23368,33.44982],[-79.23505,33.44866],[-79.23689,33.44923],[-79.23734,33.45097],[-79.23596,33.45213],[-79.23642,33.45387],[-79.23504,33.45503],[-79.23778,33.45907],[-79.2364,33.46023],[-79.23685,33.46197],[-79.23547,33.46313],[-79.23364,33.46256],[-79.23226,33.46372],[-79.23271,33.46545],[-79.23133,33.46662],[-79.2295,33.46604],[-79.22812,33.46721],[-79.23086,33.47125],[-79.22627,33.473],[-79.22901,33.47704],[-79.22763,33.4782],[-79.2258,33.47763],[-79.22534,33.4759],[-79.22122,33.47302],[-79.21984,33.47418],[-79.2203,33.47591],[-79.21892,33.47708],[-79.21937,33.47881],[-79.21799,33.47997],[-79.21616,33.4794],[-79.2157,33.47767],[-79.21708,33.4765],[-79.21663,33.47477],[-79.2148,33.4742],[-79.21342,33.47536],[-79.21387,33.47709],[-79.21249,33.47825],[-79.21066,33.47768],[-79.2102,33.47595],[-79.20837,33.47538],[-79.20699,33.47654],[-79.20744,33.47827],[-79.20928,33.47884],[-79.20973,33.48058]],[[-79.18039,33.47778],[-79.17993,33.47604],[-79.1781,33.47547],[-79.17672,33.47663],[-79.17717,33.47837],[-79.17901,33.47894],[-79.18039,33.47778]],[[-79.18446,33.49339],[-79.1863,33.49396],[-79.18768,33.4928],[-79.18722,33.49106],[-79.18539,33.49049],[-79.18401,33.49165],[-79.18446,33.49339]],[[-79.19274,33.48642],[-79.19136,33.48758],[-79.19181,33.48931],[-79.19365,33.48989],[-79.19503,33.48872],[-79.19457,33.48699],[-79.19274,33.48642]],[[-79.21973,33.4558],[-79.21806,33.44838],[-79.21699,33.44799],[-79.21587,33.45094],[-79.21705,33.44977],[-79.21973,33.4558]],[[-79.22269,33.44003],[-79.22131,33.44119],[-79.22177,33.44292],[-79.2236,33.4435],[-79.22498,33.44233],[-79.22453,33.4406],[-79.22269,33.44003]]]}},{"type":"Feature","properties":{"sqmi":6.92},"geometry":{"type":"Polygon","coordinates":[[[-81.44404,28.72908],[-81.44586,28.72957],[-81.44719,28.72831],[-81.44671,28.72655],[-81.44805,28.72529],[-81.44987,28.72578],[-81.4512,28.72452],[-81.45261,28.7249],[-81.45433,28.72842],[-81.45465,28.73285],[-81.45537,28.73231],[-81.45493,28.7294],[-81.45283,28.72496],[-81.45436,28.72375],[-81.45388,28.72199],[-81.45521,28.72073],[-81.45473,28.71897],[-81.45607,28.71771],[-81.45789,28.7182],[-81.45922,28.71694],[-81.46104,28.71743],[-81.46238,28.71617],[-81.4642,28.71667],[-81.46469,28.71842],[-81.46335,28.71969],[-81.46383,28.72144],[-81.4625,28.72271],[-81.46298,28.72447],[-81.46164,28.72573],[-81.46213,28.72749],[-81.46079,28.72875],[-81.45897,28.72826],[-81.45763,28.72952],[-81.45812,28.73128],[-81.45678,28.73254],[-81.45727,28.7343],[-81.45593,28.73556],[-81.45641,28.73732],[-81.45508,28.73858],[-81.45556,28.74034],[-81.45422,28.7416],[-81.45471,28.74336],[-81.45337,28.74462],[-81.45386,28.74638],[-81.45252,28.74764],[-81.453,28.7494],[-81.45167,28.75066],[-81.45215,28.75242],[-81.45081,28.75369],[-81.4513,28.75544],[-81.44996,28.75671],[-81.44814,28.75621],[-81.4468,28.75747],[-81.44729,28.75923],[-81.44595,28.76049],[-81.44643,28.76225],[-81.4451,28.76352],[-81.44558,28.76527],[-81.44424,28.76654],[-81.44473,28.76829],[-81.44339,28.76956],[-81.44388,28.77131],[-81.44254,28.77258],[-81.44302,28.77433],[-81.44169,28.7756],[-81.44217,28.77735],[-81.44083,28.77862],[-81.43901,28.77812],[-81.43853,28.77636],[-81.43986,28.7751],[-81.43938,28.77334],[-81.43756,28.77285],[-81.43622,28.77411],[-81.43671,28.77587],[-81.43537,28.77713],[-81.43124,28.77438],[-81.42991,28.77565],[-81.43039,28.7774],[-81.42905,28.77867],[-81.42723,28.77817],[-81.42589,28.77943],[-81.42638,28.78119],[-81.4282,28.78169],[-81.42868,28.78344],[-81.42735,28.78471],[-81.42552,28.78421],[-81.42504,28.78245],[-81.42091,28.7797],[-81.41958,28.78097],[-81.42006,28.78272],[-81.41872,28.78399],[-81.4169,28.78349],[-81.41504,28.78461],[-81.41558,28.78243],[-81.41477,28.77654],[-81.41631,28.7752],[-81.41813,28.77569],[-81.41946,28.77443],[-81.41898,28.77268],[-81.41716,28.77218],[-81.41582,28.77344],[-81.4156,28.77281],[-81.41616,28.77028],[-81.41801,28.76916],[-81.41753,28.7674],[-81.41564,28.7665],[-81.41656,28.76389],[-81.41548,28.76197],[-81.41567,28.75975],[-81.4165,28.75533],[-81.41847,28.75463],[-81.42154,28.74455],[-81.42116,28.74054],[-81.42277,28.73692],[-81.42376,28.73534],[-81.42688,28.73375],[-81.43311,28.72611],[-81.43724,28.72886],[-81.43857,28.7276],[-81.44039,28.72809],[-81.44173,28.72683],[-81.44355,28.72732],[-81.44404,28.72908]]]}},{"type":"Feature","properties":{"sqmi":6.81},"geometry":{"type":"Polygon","coordinates":[[[-80.83902,32.56401],[-80.8404,32.5628],[-80.83991,32.56105],[-80.8413,32.55984],[-80.84081,32.55809],[-80.84219,32.55689],[-80.84406,32.55743],[-80.84544,32.55623],[-80.84495,32.55448],[-80.84308,32.55393],[-80.84259,32.55218],[-80.84397,32.55097],[-80.84349,32.54922],[-80.84487,32.54802],[-80.84438,32.54627],[-80.84576,32.54506],[-80.84763,32.54561],[-80.84901,32.5444],[-80.84852,32.54265],[-80.8499,32.54144],[-80.85502,32.54132],[-80.85551,32.54308],[-80.85412,32.54428],[-80.85226,32.54374],[-80.85088,32.54494],[-80.85136,32.54669],[-80.85559,32.54953],[-80.85697,32.54833],[-80.85884,32.54887],[-80.85932,32.55062],[-80.86355,32.55346],[-80.86404,32.55521],[-80.86266,32.55642],[-80.86314,32.55817],[-80.86176,32.55938],[-80.8599,32.55883],[-80.85851,32.56004],[-80.859,32.56179],[-80.85762,32.563],[-80.85811,32.56475],[-80.85673,32.56595],[-80.85722,32.5677],[-80.86233,32.56759],[-80.86282,32.56934],[-80.86469,32.56988],[-80.86607,32.56868],[-80.86794,32.56922],[-80.86843,32.57097],[-80.86705,32.57218],[-80.86754,32.57393],[-80.86955,32.57497],[-80.86958,32.5765],[-80.86851,32.57743],[-80.869,32.57918],[-80.86762,32.58039],[-80.86881,32.58338],[-80.87047,32.58443],[-80.86908,32.58564],[-80.86957,32.58739],[-80.87144,32.58794],[-80.87193,32.58969],[-80.87055,32.59089],[-80.86868,32.59035],[-80.8673,32.59155],[-80.86779,32.5933],[-80.86966,32.59385],[-80.87104,32.59264],[-80.87291,32.59319],[-80.87429,32.59198],[-80.87616,32.59253],[-80.87754,32.59132],[-80.87941,32.59187],[-80.88079,32.59066],[-80.88266,32.5912],[-80.88404,32.59],[-80.88591,32.59054],[-80.88729,32.58934],[-80.89152,32.59218],[-80.89201,32.59393],[-80.89063,32.59513],[-80.89112,32.59688],[-80.88974,32.59809],[-80.88787,32.59755],[-80.88648,32.59875],[-80.88461,32.59821],[-80.88413,32.59646],[-80.88551,32.59525],[-80.88502,32.5935],[-80.8799,32.59362],[-80.87852,32.59482],[-80.879,32.59657],[-80.87762,32.59778],[-80.87575,32.59723],[-80.87437,32.59844],[-80.87486,32.60019],[-80.87348,32.6014],[-80.87161,32.60085],[-80.87112,32.5991],[-80.8725,32.5979],[-80.87201,32.59614],[-80.87014,32.5956],[-80.86876,32.59681],[-80.86925,32.59856],[-80.86787,32.59976],[-80.86836,32.60151],[-80.87023,32.60206],[-80.87072,32.60381],[-80.87259,32.60435],[-80.87307,32.6061],[-80.87169,32.60731],[-80.86982,32.60677],[-80.86844,32.60797],[-80.86657,32.60743],[-80.86519,32.60863],[-80.86332,32.60809],[-80.86194,32.60929],[-80.86007,32.60875],[-80.85869,32.60995],[-80.85446,32.60711],[-80.85308,32.60832],[-80.85121,32.60777],[-80.84983,32.60898],[-80.84471,32.60909],[-80.84422,32.60734],[-80.84236,32.6068],[-80.84187,32.60505],[-80.83764,32.60221],[-80.83716,32.60046],[-80.83854,32.59925],[-80.83805,32.5975],[-80.83943,32.59629],[-80.8413,32.59684],[-80.84268,32.59563],[-80.84219,32.59388],[-80.83797,32.59104],[-80.83748,32.58929],[-80.83886,32.58809],[-80.84073,32.58863],[-80.84211,32.58743],[-80.84162,32.58568],[-80.843,32.58447],[-80.84252,32.58272],[-80.83829,32.57988],[-80.8378,32.57813],[-80.83918,32.57692],[-80.8387,32.57517],[-80.84008,32.57397],[-80.83959,32.57222],[-80.83772,32.57167],[-80.83723,32.56992],[-80.83862,32.56871],[-80.84048,32.56926],[-80.84186,32.56805],[-80.84138,32.5663],[-80.83951,32.56576],[-80.83902,32.56401]]]}},{"type":"Feature","properties":{"sqmi":6.53},"geometry":{"type":"Polygon","coordinates":[[[-76.38008,35.92852],[-76.37808,35.92779],[-76.37793,35.92615],[-76.37979,35.92523],[-76.37965,35.92359],[-76.37765,35.92287],[-76.3775,35.92122],[-76.37936,35.9203],[-76.38523,35.92084],[-76.38537,35.92248],[-76.38737,35.92321],[-76.38752,35.92485],[-76.38952,35.92557],[-76.39138,35.92466],[-76.39124,35.92301],[-76.39696,35.9219],[-76.39896,35.92263],[-76.39911,35.92427],[-76.40111,35.92499],[-76.40125,35.92664],[-76.40326,35.92736],[-76.40512,35.92644],[-76.40712,35.92717],[-76.40898,35.92625],[-76.41485,35.92678],[-76.41499,35.92842],[-76.41313,35.92934],[-76.41328,35.93099],[-76.41528,35.93171],[-76.41543,35.93335],[-76.41743,35.93408],[-76.41757,35.93572],[-76.41572,35.93664],[-76.41586,35.93828],[-76.41786,35.93901],[-76.41801,35.94065],[-76.41615,35.94157],[-76.41629,35.94321],[-76.42216,35.94374],[-76.42231,35.94539],[-76.42045,35.94631],[-76.42059,35.94795],[-76.4226,35.94867],[-76.42274,35.95032],[-76.42475,35.95104],[-76.42661,35.95012],[-76.42646,35.94848],[-76.42832,35.94756],[-76.43033,35.94829],[-76.43047,35.94993],[-76.43248,35.95065],[-76.43262,35.9523],[-76.43463,35.95302],[-76.43477,35.95467],[-76.43678,35.95539],[-76.43693,35.95703],[-76.43507,35.95795],[-76.43521,35.9596],[-76.43335,35.96052],[-76.4335,35.96216],[-76.43937,35.96269],[-76.43951,35.96433],[-76.43765,35.96525],[-76.4378,35.9669],[-76.43594,35.96782],[-76.43609,35.96946],[-76.43809,35.97019],[-76.43824,35.97183],[-76.43985,35.97241],[-76.43674,35.97372],[-76.43437,35.97202],[-76.42864,35.97314],[-76.42664,35.97241],[-76.42649,35.97077],[-76.42062,35.97024],[-76.42048,35.96859],[-76.41847,35.96787],[-76.41661,35.96879],[-76.4146,35.96806],[-76.41446,35.96642],[-76.41245,35.96569],[-76.41231,35.96405],[-76.4103,35.96332],[-76.40844,35.96424],[-76.40644,35.96352],[-76.40629,35.96187],[-76.40042,35.96134],[-76.40028,35.9597],[-76.39827,35.95897],[-76.39813,35.95733],[-76.39612,35.9566],[-76.3904,35.95771],[-76.38839,35.95699],[-76.38653,35.95791],[-76.38668,35.95955],[-76.38482,35.96047],[-76.38281,35.95974],[-76.38095,35.96066],[-76.38079,35.96245],[-76.37332,35.95467],[-76.37665,35.95592],[-76.37851,35.95501],[-76.37837,35.95336],[-76.37746,35.95303],[-76.37901,35.95179],[-76.38015,35.95151],[-76.38023,35.95244],[-76.38224,35.95317],[-76.3841,35.95225],[-76.38395,35.95061],[-76.38581,35.94969],[-76.38567,35.94805],[-76.38366,35.94732],[-76.38352,35.94568],[-76.38152,35.94495],[-76.37972,35.94658],[-76.37828,35.9463],[-76.37738,35.94492],[-76.37399,35.94352],[-76.3755,35.94278],[-76.37536,35.94113],[-76.37354,35.94047],[-76.37713,35.93921],[-76.37722,35.94021],[-76.37923,35.94094],[-76.38109,35.94002],[-76.38094,35.93838],[-76.3828,35.93746],[-76.38481,35.93819],[-76.39053,35.93707],[-76.39039,35.93543],[-76.38838,35.93471],[-76.38578,35.93536],[-76.38441,35.93324],[-76.38623,35.93234],[-76.38609,35.93069],[-76.38795,35.92978],[-76.38781,35.92813],[-76.3858,35.92741],[-76.38566,35.92577],[-76.38366,35.92504],[-76.3818,35.92596],[-76.38194,35.9276],[-76.38008,35.92852]],[[-76.40755,35.9321],[-76.4077,35.93374],[-76.4097,35.93447],[-76.41156,35.93355],[-76.41142,35.9319],[-76.40941,35.93118],[-76.40755,35.9321]],[[-76.4292,35.95742],[-76.4312,35.95815],[-76.43306,35.95723],[-76.43291,35.95559],[-76.43091,35.95486],[-76.43076,35.95322],[-76.42876,35.95249],[-76.4269,35.95341],[-76.42704,35.95505],[-76.42905,35.95578],[-76.4292,35.95742]]]}},{"type":"Feature","properties":{"sqmi":6.28},"geometry":{"type":"Polygon","coordinates":[[[-81.39217,28.84666],[-81.39265,28.84842],[-81.39132,28.84968],[-81.3918,28.85143],[-81.39362,28.85193],[-81.39496,28.85067],[-81.39678,28.85117],[-81.39812,28.84991],[-81.39763,28.84815],[-81.39897,28.84689],[-81.40079,28.84738],[-81.40128,28.84914],[-81.39994,28.8504],[-81.40042,28.85216],[-81.39909,28.85342],[-81.39957,28.85518],[-81.40139,28.85567],[-81.40187,28.85743],[-81.40054,28.85869],[-81.40102,28.86045],[-81.39968,28.86171],[-81.40017,28.86347],[-81.39883,28.86473],[-81.39701,28.86423],[-81.39567,28.86549],[-81.39615,28.86725],[-81.39481,28.86851],[-81.3953,28.87027],[-81.39396,28.87153],[-81.39214,28.87103],[-81.3908,28.87229],[-81.39128,28.87405],[-81.38994,28.87531],[-81.38812,28.87481],[-81.38679,28.87607],[-81.38727,28.87783],[-81.38593,28.87909],[-81.38411,28.8786],[-81.38277,28.87986],[-81.38325,28.88161],[-81.38192,28.88287],[-81.38009,28.88238],[-81.37876,28.88364],[-81.37924,28.88539],[-81.3779,28.88665],[-81.37608,28.88616],[-81.37474,28.88742],[-81.37523,28.88917],[-81.37389,28.89043],[-81.37437,28.89219],[-81.37303,28.89345],[-81.37121,28.89295],[-81.36987,28.89421],[-81.37036,28.89597],[-81.36902,28.89723],[-81.3658,28.89715],[-81.36533,28.8994],[-81.36604,28.89865],[-81.36634,28.89975],[-81.365,28.90101],[-81.36318,28.90051],[-81.36184,28.90177],[-81.36233,28.90353],[-81.36099,28.90479],[-81.35917,28.90429],[-81.35881,28.90298],[-81.36112,28.90086],[-81.36016,28.89988],[-81.35956,28.90213],[-81.35784,28.90231],[-81.35879,28.89806],[-81.36158,28.8959],[-81.36111,28.89494],[-81.35895,28.89462],[-81.36089,28.89455],[-81.36259,28.89223],[-81.36211,28.89047],[-81.359,28.88971],[-81.35713,28.89073],[-81.35664,28.88898],[-81.35784,28.88722],[-81.36274,28.89056],[-81.36449,28.89057],[-81.36624,28.88878],[-81.36718,28.88894],[-81.36617,28.88844],[-81.36602,28.88334],[-81.36741,28.87973],[-81.36645,28.87352],[-81.37008,28.87244],[-81.37126,28.87299],[-81.36993,28.87211],[-81.36985,28.8704],[-81.37141,28.8705],[-81.37239,28.86898],[-81.37391,28.87025],[-81.37431,28.8689],[-81.37554,28.86853],[-81.37691,28.86583],[-81.37749,28.86651],[-81.37962,28.86477],[-81.38013,28.86288],[-81.38102,28.86337],[-81.38115,28.86323],[-81.38108,28.86253],[-81.38167,28.86297],[-81.38381,28.86262],[-81.38501,28.86221],[-81.38596,28.86111],[-81.38585,28.86079],[-81.38541,28.86073],[-81.38538,28.86175],[-81.38357,28.86255],[-81.38107,28.86233],[-81.381,28.86319],[-81.3802,28.86205],[-81.37918,28.86482],[-81.37824,28.86505],[-81.37795,28.86393],[-81.37777,28.86601],[-81.37691,28.86551],[-81.37616,28.86668],[-81.37525,28.86209],[-81.37385,28.86424],[-81.37449,28.86605],[-81.37333,28.86696],[-81.37341,28.86812],[-81.37265,28.8683],[-81.37246,28.86625],[-81.37053,28.86903],[-81.36955,28.8681],[-81.37042,28.86716],[-81.36949,28.86758],[-81.36826,28.87204],[-81.3654,28.87244],[-81.36554,28.87451],[-81.36463,28.8744],[-81.36589,28.87525],[-81.36456,28.87489],[-81.362,28.87288],[-81.36177,28.87088],[-81.36493,28.87011],[-81.36627,28.86885],[-81.36414,28.86423],[-81.36482,28.86358],[-81.36434,28.86182],[-81.36568,28.86056],[-81.3675,28.86106],[-81.36884,28.8598],[-81.36835,28.85804],[-81.36423,28.85529],[-81.36375,28.85354],[-81.36508,28.85228],[-81.3669,28.85277],[-81.36824,28.85151],[-81.36776,28.84976],[-81.3691,28.84849],[-81.36861,28.84674],[-81.36995,28.84548],[-81.37493,28.84521],[-81.37627,28.84395],[-81.37578,28.84219],[-81.37712,28.84093],[-81.37664,28.83917],[-81.37798,28.83791],[-81.37749,28.83616],[-81.37883,28.8349],[-81.37835,28.83314],[-81.37653,28.83264],[-81.37604,28.83089],[-81.37738,28.82962],[-81.3792,28.83012],[-81.38054,28.82886],[-81.38006,28.8271],[-81.38139,28.82584],[-81.38552,28.82859],[-81.38686,28.82733],[-81.38868,28.82783],[-81.39001,28.82657],[-81.39183,28.82706],[-81.39232,28.82882],[-81.39414,28.82931],[-81.39462,28.83107],[-81.39644,28.83157],[-81.39693,28.83333],[-81.39559,28.83459],[-81.39607,28.83634],[-81.39789,28.83684],[-81.39923,28.83558],[-81.40105,28.83607],[-81.40148,28.83763],[-81.39823,28.8406],[-81.39529,28.84118],[-81.39331,28.8436],[-81.39324,28.84467],[-81.39192,28.84587],[-81.39159,28.84711],[-81.38977,28.84821],[-81.39022,28.84886],[-81.38876,28.84921],[-81.38805,28.84991],[-81.3904,28.84904],[-81.38999,28.84831],[-81.39172,28.84743],[-81.39217,28.84666]],[[-81.36513,28.89706],[-81.36423,28.89423],[-81.36415,28.89484],[-81.36513,28.89706]],[[-81.36611,28.89247],[-81.3666,28.89181],[-81.36586,28.89244],[-81.36586,28.89326],[-81.36611,28.89247]],[[-81.36831,28.89619],[-81.36817,28.89527],[-81.36649,28.89402],[-81.36831,28.89619]],[[-81.36664,28.86408],[-81.36713,28.86584],[-81.36895,28.86633],[-81.37028,28.86507],[-81.3698,28.86331],[-81.36798,28.86282],[-81.36664,28.86408]],[[-81.36864,28.88939],[-81.36873,28.88852],[-81.36806,28.89021],[-81.36765,28.88958],[-81.36787,28.8907],[-81.36864,28.88939]],[[-81.37005,28.88355],[-81.36871,28.88196],[-81.36899,28.8804],[-81.36814,28.88191],[-81.36964,28.88401],[-81.36807,28.88611],[-81.3677,28.88811],[-81.36807,28.88865],[-81.36828,28.88611],[-81.37005,28.88355]],[[-81.37092,28.87876],[-81.36965,28.87618],[-81.37026,28.87489],[-81.36912,28.87613],[-81.37025,28.8794],[-81.36938,28.88142],[-81.37092,28.87876]],[[-81.37008,28.88621],[-81.36975,28.88593],[-81.36986,28.88626],[-81.37008,28.88621]],[[-81.37381,28.85953],[-81.37199,28.85904],[-81.37066,28.8603],[-81.37114,28.86205],[-81.37612,28.86179],[-81.37746,28.86053],[-81.37697,28.85877],[-81.37515,28.85827],[-81.37381,28.85953]],[[-81.37203,28.88376],[-81.37229,28.88141],[-81.37173,28.88233],[-81.37203,28.88376]],[[-81.37265,28.87349],[-81.3721,28.87312],[-81.3721,28.87325],[-81.37265,28.87349]],[[-81.37249,28.87841],[-81.37243,28.87662],[-81.37227,28.87722],[-81.37249,28.87841]],[[-81.37447,28.87274],[-81.37436,28.87216],[-81.37319,28.87479],[-81.37447,28.87274]],[[-81.37469,28.87863],[-81.37418,28.87757],[-81.37355,28.88168],[-81.374,28.88322],[-81.37469,28.87863]],[[-81.37627,28.87211],[-81.37538,28.87308],[-81.37554,28.8744],[-81.37396,28.87656],[-81.37442,28.87714],[-81.375,28.8764],[-81.37509,28.87774],[-81.37526,28.87655],[-81.37485,28.87578],[-81.37598,28.87413],[-81.37627,28.87211]],[[-81.37536,28.88505],[-81.37517,28.88445],[-81.37516,28.88451],[-81.37536,28.88505]],[[-81.37658,28.88014],[-81.37658,28.87821],[-81.37583,28.87776],[-81.37658,28.88014]],[[-81.37705,28.88182],[-81.37727,28.882],[-81.37695,28.88114],[-81.37705,28.88182]],[[-81.37708,28.88361],[-81.37738,28.88422],[-81.37723,28.8832],[-81.37708,28.88361]],[[-81.37879,28.88431],[-81.37872,28.88332],[-81.37813,28.88284],[-81.37879,28.88431]],[[-81.39291,28.83711],[-81.39158,28.83837],[-81.39206,28.84013],[-81.39388,28.84062],[-81.39522,28.83936],[-81.39473,28.8376],[-81.39291,28.83711]]]}},{"type":"Feature","properties":{"sqmi":6.24},"geometry":{"type":"Polygon","coordinates":[[[-76.15223,35.84732],[-76.15423,35.84805],[-76.15436,35.84969],[-76.1525,35.85061],[-76.15264,35.85225],[-76.15849,35.85279],[-76.15863,35.85443],[-76.16062,35.85516],[-76.16248,35.85425],[-76.16448,35.85497],[-76.16462,35.85661],[-76.1589,35.85771],[-76.15903,35.85936],[-76.15717,35.86027],[-76.15518,35.85954],[-76.15331,35.86045],[-76.15345,35.8621],[-76.15159,35.86301],[-76.14573,35.86246],[-76.14387,35.86338],[-76.14401,35.86502],[-76.146,35.86575],[-76.14614,35.86739],[-76.14428,35.8683],[-76.14441,35.86994],[-76.15027,35.87049],[-76.15041,35.87213],[-76.14854,35.87304],[-76.14868,35.87469],[-76.14682,35.8756],[-76.14695,35.87724],[-76.14895,35.87797],[-76.14909,35.87961],[-76.15494,35.88015],[-76.15508,35.8818],[-76.15708,35.88252],[-76.15721,35.88417],[-76.15535,35.88508],[-76.15335,35.88435],[-76.15322,35.88271],[-76.15122,35.88198],[-76.14936,35.88289],[-76.14949,35.88454],[-76.14763,35.88545],[-76.14777,35.88709],[-76.14976,35.88782],[-76.15163,35.88691],[-76.15363,35.88764],[-76.15376,35.88928],[-76.1519,35.89019],[-76.15203,35.89183],[-76.15017,35.89275],[-76.14817,35.89202],[-76.14804,35.89038],[-76.14604,35.88965],[-76.14032,35.89075],[-76.13832,35.89002],[-76.13818,35.88838],[-76.13619,35.88765],[-76.13605,35.886],[-76.13405,35.88528],[-76.13392,35.88363],[-76.12806,35.88309],[-76.12792,35.88145],[-76.12979,35.88053],[-76.12965,35.87889],[-76.13151,35.87798],[-76.13138,35.87634],[-76.13324,35.87542],[-76.13524,35.87615],[-76.1371,35.87524],[-76.13697,35.8736],[-76.13497,35.87287],[-76.13483,35.87123],[-76.13284,35.8705],[-76.1327,35.86886],[-76.12684,35.86831],[-76.12498,35.86923],[-76.12299,35.8685],[-76.12285,35.86686],[-76.12085,35.86613],[-76.12072,35.86448],[-76.11486,35.86394],[-76.113,35.86485],[-76.11101,35.86412],[-76.11087,35.86248],[-76.11273,35.86157],[-76.1126,35.85993],[-76.1106,35.8592],[-76.11047,35.85756],[-76.11233,35.85665],[-76.1122,35.855],[-76.11406,35.85409],[-76.11392,35.85245],[-76.11193,35.85172],[-76.11179,35.85008],[-76.1098,35.84935],[-76.10966,35.84771],[-76.11152,35.8468],[-76.11139,35.84516],[-76.11325,35.84424],[-76.11312,35.8426],[-76.11112,35.84187],[-76.10926,35.84279],[-76.10726,35.84206],[-76.10713,35.84042],[-76.10514,35.83969],[-76.09942,35.84078],[-76.09742,35.84006],[-76.09729,35.83841],[-76.10301,35.83732],[-76.10287,35.83568],[-76.10088,35.83495],[-76.10074,35.83331],[-76.1026,35.8324],[-76.10247,35.83076],[-76.10433,35.82984],[-76.10633,35.83057],[-76.10646,35.83221],[-76.11231,35.83276],[-76.11245,35.8344],[-76.11444,35.83513],[-76.1163,35.83421],[-76.1183,35.83494],[-76.11843,35.83658],[-76.12043,35.83731],[-76.12614,35.83622],[-76.12814,35.83694],[-76.12828,35.83859],[-76.13027,35.83931],[-76.13213,35.8384],[-76.13413,35.83913],[-76.13426,35.84077],[-76.14012,35.84131],[-76.14025,35.84295],[-76.1461,35.8435],[-76.14624,35.84514],[-76.14824,35.84587],[-76.1501,35.84495],[-76.15209,35.84568],[-76.15223,35.84732]],[[-76.14878,35.85243],[-76.14864,35.85079],[-76.14665,35.85006],[-76.14651,35.84842],[-76.14451,35.84769],[-76.14265,35.84861],[-76.14279,35.85025],[-76.14479,35.85098],[-76.14492,35.85262],[-76.14692,35.85334],[-76.14878,35.85243]]]}},{"type":"Feature","properties":{"sqmi":6.2},"geometry":{"type":"Polygon","coordinates":[[[-80.31443,32.58945],[-80.31491,32.5912],[-80.31353,32.59239],[-80.31401,32.59414],[-80.31263,32.59533],[-80.3131,32.59708],[-80.31496,32.59763],[-80.31543,32.59938],[-80.31406,32.60057],[-80.30897,32.60067],[-80.3085,32.59892],[-80.30665,32.59837],[-80.30527,32.59956],[-80.30109,32.59672],[-80.30061,32.59497],[-80.30199,32.59377],[-80.30152,32.59203],[-80.30289,32.59083],[-80.30707,32.59368],[-80.30755,32.59543],[-80.3094,32.59598],[-80.31078,32.59478],[-80.3103,32.59304],[-80.30845,32.59249],[-80.30797,32.59074],[-80.30935,32.58954],[-80.30888,32.5878],[-80.30702,32.58725],[-80.30242,32.58909],[-80.30057,32.58854],[-80.29596,32.59037],[-80.29411,32.58982],[-80.29273,32.59102],[-80.29321,32.59276],[-80.29183,32.59396],[-80.29231,32.59571],[-80.29093,32.5969],[-80.2914,32.59865],[-80.29003,32.59984],[-80.28817,32.59929],[-80.2868,32.60049],[-80.28495,32.59993],[-80.28034,32.60177],[-80.27849,32.60122],[-80.27802,32.59947],[-80.27616,32.59892],[-80.27569,32.59718],[-80.27061,32.59727],[-80.27014,32.59552],[-80.26829,32.59497],[-80.26781,32.59323],[-80.26364,32.59038],[-80.26316,32.58863],[-80.26131,32.58808],[-80.25993,32.58927],[-80.25808,32.58872],[-80.25671,32.58992],[-80.25486,32.58937],[-80.25348,32.59056],[-80.25163,32.59001],[-80.24703,32.59185],[-80.24518,32.59129],[-80.2447,32.58955],[-80.24608,32.58835],[-80.24561,32.58661],[-80.24376,32.58606],[-80.23915,32.58789],[-80.2373,32.58734],[-80.23683,32.5856],[-80.23821,32.5844],[-80.23773,32.58266],[-80.23911,32.58146],[-80.23863,32.57972],[-80.23679,32.57916],[-80.23541,32.58036],[-80.23588,32.5821],[-80.23451,32.5833],[-80.23498,32.58504],[-80.2336,32.58624],[-80.23175,32.58569],[-80.23128,32.58394],[-80.22943,32.58339],[-80.22896,32.58164],[-80.23356,32.57981],[-80.23309,32.57806],[-80.23446,32.57687],[-80.23954,32.57678],[-80.24414,32.57494],[-80.24831,32.57779],[-80.25292,32.57595],[-80.25477,32.5765],[-80.25614,32.57531],[-80.25567,32.57356],[-80.25704,32.57237],[-80.25657,32.57062],[-80.25795,32.56943],[-80.2598,32.56998],[-80.26027,32.57172],[-80.25889,32.57292],[-80.25937,32.57466],[-80.26122,32.57522],[-80.2626,32.57402],[-80.26212,32.57228],[-80.2635,32.57108],[-80.26302,32.56934],[-80.2644,32.56814],[-80.26948,32.56805],[-80.27085,32.56685],[-80.27503,32.5697],[-80.27641,32.56851],[-80.27593,32.56676],[-80.27408,32.56621],[-80.27361,32.56446],[-80.27498,32.56327],[-80.27916,32.56612],[-80.27963,32.56786],[-80.28148,32.56841],[-80.28196,32.57016],[-80.28704,32.57007],[-80.28751,32.57181],[-80.29169,32.57466],[-80.29216,32.57641],[-80.29401,32.57696],[-80.29449,32.5787],[-80.29634,32.57925],[-80.29682,32.581],[-80.29867,32.58155],[-80.30004,32.58036],[-80.29957,32.57861],[-80.30095,32.57741],[-80.3028,32.57797],[-80.3074,32.57613],[-80.30925,32.57668],[-80.31063,32.57548],[-80.31248,32.57603],[-80.31296,32.57778],[-80.31158,32.57897],[-80.30973,32.57842],[-80.30835,32.57962],[-80.30883,32.58136],[-80.31068,32.58192],[-80.31206,32.58072],[-80.31391,32.58127],[-80.31438,32.58302],[-80.31301,32.58421],[-80.31348,32.58596],[-80.31211,32.58715],[-80.31258,32.5889],[-80.31443,32.58945]],[[-80.25851,32.58404],[-80.25666,32.58349],[-80.25529,32.58468],[-80.25576,32.58643],[-80.25761,32.58698],[-80.25899,32.58578],[-80.25851,32.58404]]]}},{"type":"Feature","properties":{"sqmi":5.95},"geometry":{"type":"Polygon","coordinates":[[[-81.32806,31.74067],[-81.32855,31.74243],[-81.32718,31.74365],[-81.32767,31.74541],[-81.33278,31.74524],[-81.33328,31.747],[-81.33191,31.74823],[-81.33004,31.7477],[-81.32866,31.74892],[-81.32916,31.75068],[-81.33427,31.75051],[-81.33564,31.74929],[-81.33751,31.74982],[-81.33889,31.74859],[-81.34312,31.75141],[-81.34361,31.75316],[-81.34224,31.75439],[-81.33713,31.75456],[-81.33576,31.75578],[-81.33625,31.75754],[-81.33488,31.75876],[-81.33301,31.75823],[-81.33251,31.75648],[-81.33389,31.75525],[-81.33339,31.75349],[-81.33152,31.75296],[-81.33015,31.75419],[-81.33064,31.75595],[-81.32927,31.75717],[-81.3274,31.75664],[-81.32603,31.75787],[-81.32416,31.75734],[-81.32279,31.75856],[-81.32328,31.76032],[-81.32515,31.76085],[-81.32565,31.7626],[-81.32427,31.76383],[-81.32477,31.76559],[-81.32664,31.76612],[-81.32801,31.76489],[-81.32988,31.76542],[-81.33125,31.7642],[-81.33312,31.76473],[-81.33362,31.76648],[-81.33224,31.76771],[-81.33274,31.76947],[-81.33136,31.77069],[-81.32949,31.77016],[-81.32812,31.77139],[-81.32625,31.77086],[-81.32488,31.77208],[-81.32537,31.77384],[-81.32961,31.77665],[-81.3301,31.77841],[-81.33197,31.77894],[-81.33334,31.77772],[-81.33285,31.77596],[-81.33098,31.77543],[-81.33048,31.77367],[-81.33186,31.77245],[-81.33373,31.77298],[-81.33422,31.77473],[-81.33933,31.77457],[-81.33983,31.77633],[-81.3417,31.77686],[-81.34307,31.77563],[-81.34731,31.77845],[-81.34868,31.77722],[-81.35055,31.77775],[-81.35105,31.77951],[-81.34967,31.78074],[-81.35017,31.78249],[-81.35204,31.78302],[-81.35253,31.78478],[-81.35116,31.786],[-81.34929,31.78547],[-81.34879,31.78372],[-81.34368,31.78388],[-81.34319,31.78213],[-81.34132,31.7816],[-81.33994,31.78282],[-81.33807,31.78229],[-81.3367,31.78352],[-81.33719,31.78527],[-81.33906,31.7858],[-81.33956,31.78756],[-81.34467,31.78739],[-81.34517,31.78915],[-81.34379,31.79038],[-81.34192,31.78985],[-81.34055,31.79107],[-81.33868,31.79054],[-81.33731,31.79177],[-81.33544,31.79124],[-81.33406,31.79246],[-81.33219,31.79193],[-81.33082,31.79316],[-81.32659,31.79034],[-81.32521,31.79156],[-81.3201,31.79173],[-81.3196,31.78997],[-81.31774,31.78944],[-81.31724,31.78768],[-81.31213,31.78785],[-81.31163,31.78609],[-81.3074,31.78327],[-81.30603,31.7845],[-81.30652,31.78625],[-81.30515,31.78748],[-81.30328,31.78695],[-81.30279,31.78519],[-81.30416,31.78396],[-81.30367,31.78221],[-81.29943,31.77939],[-81.29894,31.77763],[-81.29707,31.7771],[-81.29658,31.77535],[-81.29147,31.77551],[-81.29097,31.77375],[-81.29235,31.77253],[-81.29185,31.77077],[-81.29323,31.76955],[-81.29273,31.76779],[-81.29411,31.76657],[-81.29834,31.76939],[-81.29883,31.77114],[-81.3007,31.77167],[-81.30207,31.77045],[-81.30394,31.77098],[-81.30531,31.76975],[-81.30482,31.768],[-81.30295,31.76747],[-81.30246,31.76571],[-81.30383,31.76449],[-81.30334,31.76273],[-81.30147,31.7622],[-81.30097,31.76044],[-81.29586,31.76061],[-81.29537,31.75885],[-81.29674,31.75762],[-81.29861,31.75816],[-81.29998,31.75693],[-81.30185,31.75746],[-81.30323,31.75624],[-81.30509,31.75677],[-81.30647,31.75554],[-81.30597,31.75379],[-81.30735,31.75256],[-81.30685,31.7508],[-81.30498,31.75027],[-81.30449,31.74852],[-81.30586,31.74729],[-81.30773,31.74782],[-81.3091,31.7466],[-81.31097,31.74713],[-81.31235,31.7459],[-81.31658,31.74872],[-81.31707,31.75048],[-81.31894,31.75101],[-81.32031,31.74978],[-81.31982,31.74802],[-81.31795,31.74749],[-81.31745,31.74574],[-81.31559,31.74521],[-81.31509,31.74345],[-81.31647,31.74223],[-81.3207,31.74504],[-81.32207,31.74382],[-81.32394,31.74435],[-81.32531,31.74312],[-81.32482,31.74137],[-81.32619,31.74014],[-81.32806,31.74067]],[[-81.30619,31.76677],[-81.30806,31.7673],[-81.30943,31.76608],[-81.30894,31.76432],[-81.30707,31.76379],[-81.3057,31.76502],[-81.30619,31.76677]],[[-81.32504,31.75435],[-81.32454,31.7526],[-81.32592,31.75137],[-81.32542,31.74962],[-81.32355,31.74909],[-81.32218,31.75031],[-81.32268,31.75207],[-81.3213,31.75329],[-81.3218,31.75505],[-81.32367,31.75558],[-81.32504,31.75435]],[[-81.33494,31.78948],[-81.33632,31.78825],[-81.33582,31.7865],[-81.33395,31.78597],[-81.33258,31.78719],[-81.33307,31.78895],[-81.33494,31.78948]]]}},{"type":"Feature","properties":{"sqmi":5.81},"geometry":{"type":"Polygon","coordinates":[[[-81.12447,32.20262],[-81.12777,32.20841],[-81.13629,32.21332],[-81.13608,32.21554],[-81.13384,32.21515],[-81.13225,32.21792],[-81.12988,32.2174],[-81.12909,32.21815],[-81.13122,32.22118],[-81.13126,32.2236],[-81.13496,32.22922],[-81.13412,32.23078],[-81.13461,32.23254],[-81.13323,32.23375],[-81.13136,32.23321],[-81.12998,32.23443],[-81.12811,32.23389],[-81.12762,32.23214],[-81.1225,32.23228],[-81.12112,32.23349],[-81.12161,32.23525],[-81.12024,32.23646],[-81.11837,32.23592],[-81.11699,32.23714],[-81.11512,32.2366],[-81.11462,32.23485],[-81.116,32.23363],[-81.11551,32.23188],[-81.11364,32.23134],[-81.11226,32.23256],[-81.11039,32.23202],[-81.10901,32.23323],[-81.10714,32.23269],[-81.10576,32.23391],[-81.10389,32.23337],[-81.1034,32.23162],[-81.09828,32.23176],[-81.09779,32.23],[-81.09592,32.22947],[-81.09454,32.23068],[-81.09504,32.23243],[-81.09366,32.23365],[-81.09179,32.23311],[-81.0913,32.23136],[-81.09267,32.23014],[-81.09218,32.22839],[-81.09031,32.22785],[-81.08982,32.2261],[-81.08795,32.22556],[-81.08746,32.22381],[-81.08884,32.22259],[-81.08835,32.22084],[-81.08972,32.21962],[-81.08923,32.21787],[-81.09061,32.21665],[-81.09012,32.2149],[-81.0915,32.21368],[-81.09101,32.21193],[-81.08914,32.21139],[-81.08864,32.20964],[-81.09002,32.20842],[-81.08953,32.20667],[-81.09091,32.20545],[-81.09042,32.2037],[-81.08855,32.20316],[-81.08806,32.20141],[-81.08943,32.20019],[-81.08894,32.19844],[-81.08707,32.1979],[-81.08658,32.19615],[-81.08471,32.19561],[-81.08422,32.19386],[-81.0856,32.19264],[-81.08511,32.19089],[-81.08648,32.18967],[-81.08599,32.18792],[-81.08737,32.1867],[-81.08924,32.18724],[-81.08973,32.189],[-81.09396,32.19183],[-81.09445,32.19358],[-81.09868,32.19641],[-81.09917,32.19816],[-81.0978,32.19938],[-81.09829,32.20113],[-81.10341,32.20099],[-81.10478,32.19978],[-81.10429,32.19802],[-81.10567,32.19681],[-81.10758,32.19749],[-81.1066,32.19775],[-81.1062,32.19804],[-81.1058,32.19786],[-81.10564,32.198],[-81.10629,32.19808],[-81.10761,32.19761],[-81.10803,32.1991],[-81.1099,32.19964],[-81.11039,32.20139],[-81.11226,32.20193],[-81.11364,32.20071],[-81.11551,32.20125],[-81.11689,32.20003],[-81.11876,32.20057],[-81.12014,32.19935],[-81.12204,32.19986],[-81.12447,32.20262]],[[-81.11777,32.22769],[-81.11965,32.22823],[-81.12102,32.22702],[-81.12053,32.22526],[-81.11866,32.22472],[-81.11728,32.22594],[-81.11777,32.22769]],[[-81.12939,32.2262],[-81.13077,32.22498],[-81.13028,32.22323],[-81.12841,32.22269],[-81.12703,32.22391],[-81.12752,32.22566],[-81.12939,32.2262]]]}},{"type":"Feature","properties":{"sqmi":5.57},"geometry":{"type":"Polygon","coordinates":[[[-81.63884,31.13018],[-81.6392,31.13152],[-81.64013,31.13038],[-81.64026,31.12943],[-81.64074,31.1304],[-81.64124,31.13066],[-81.64076,31.13159],[-81.64138,31.13277],[-81.64409,31.13295],[-81.64145,31.13262],[-81.64145,31.13067],[-81.64054,31.1294],[-81.63993,31.1294],[-81.63992,31.13023],[-81.63907,31.12966],[-81.63808,31.12666],[-81.63899,31.12584],[-81.64086,31.12636],[-81.64223,31.12512],[-81.64173,31.12336],[-81.63986,31.12284],[-81.63936,31.12108],[-81.63749,31.12056],[-81.63583,31.12172],[-81.63426,31.12128],[-81.63289,31.12252],[-81.63102,31.122],[-81.63053,31.12024],[-81.63189,31.119],[-81.63139,31.11724],[-81.62953,31.11672],[-81.62903,31.11496],[-81.6304,31.11372],[-81.6355,31.11352],[-81.636,31.11528],[-81.63786,31.1158],[-81.63836,31.11756],[-81.64023,31.11808],[-81.64115,31.11725],[-81.64285,31.11862],[-81.64521,31.1179],[-81.6462,31.11572],[-81.64741,31.11578],[-81.65167,31.12115],[-81.65709,31.12219],[-81.65784,31.12399],[-81.66127,31.1251],[-81.66233,31.12639],[-81.66505,31.12675],[-81.6655,31.12836],[-81.66413,31.1296],[-81.66463,31.13136],[-81.6665,31.13188],[-81.667,31.13364],[-81.66887,31.13416],[-81.67024,31.13292],[-81.66974,31.13116],[-81.67111,31.12992],[-81.67297,31.13044],[-81.67434,31.1292],[-81.67621,31.12972],[-81.67671,31.13148],[-81.67534,31.13272],[-81.67347,31.1322],[-81.67211,31.13344],[-81.67261,31.1352],[-81.67124,31.13644],[-81.67174,31.1382],[-81.67037,31.13944],[-81.67087,31.1412],[-81.6695,31.14244],[-81.66763,31.14192],[-81.66627,31.14316],[-81.66677,31.14492],[-81.6654,31.14616],[-81.6659,31.14792],[-81.66453,31.14916],[-81.66266,31.14864],[-81.66129,31.14988],[-81.66179,31.15164],[-81.66042,31.15288],[-81.66092,31.15464],[-81.65956,31.15588],[-81.66006,31.15764],[-81.65869,31.15887],[-81.65682,31.15835],[-81.65545,31.15959],[-81.65595,31.16135],[-81.65458,31.16259],[-81.65508,31.16435],[-81.65371,31.16559],[-81.65185,31.16507],[-81.65048,31.16631],[-81.64861,31.16579],[-81.64811,31.16403],[-81.64624,31.16351],[-81.64574,31.16175],[-81.64064,31.16195],[-81.64014,31.16019],[-81.64151,31.15895],[-81.64101,31.15719],[-81.64238,31.15595],[-81.64188,31.15419],[-81.63764,31.15139],[-81.63714,31.14963],[-81.63851,31.14839],[-81.63801,31.14663],[-81.63615,31.14611],[-81.63565,31.14435],[-81.63378,31.14383],[-81.63241,31.14507],[-81.63054,31.14455],[-81.62918,31.14579],[-81.62731,31.14527],[-81.62594,31.14651],[-81.62407,31.14599],[-81.62358,31.14423],[-81.62494,31.14299],[-81.62681,31.14351],[-81.62818,31.14227],[-81.62768,31.14051],[-81.62581,31.13999],[-81.62531,31.13823],[-81.62108,31.13543],[-81.62058,31.13367],[-81.62195,31.13243],[-81.62145,31.13067],[-81.62282,31.12943],[-81.62232,31.12768],[-81.62045,31.12716],[-81.61995,31.1254],[-81.62132,31.12416],[-81.62319,31.12468],[-81.62456,31.12344],[-81.62642,31.12396],[-81.62763,31.12287],[-81.62741,31.12523],[-81.62909,31.12603],[-81.63013,31.12492],[-81.63202,31.12552],[-81.63252,31.12728],[-81.63439,31.1278],[-81.63489,31.12956],[-81.63352,31.1308],[-81.63402,31.13256],[-81.63589,31.13308],[-81.63639,31.13484],[-81.63502,31.13608],[-81.63315,31.13556],[-81.63178,31.13679],[-81.63228,31.13855],[-81.63415,31.13907],[-81.63465,31.14083],[-81.63651,31.14135],[-81.63788,31.14012],[-81.63738,31.13836],[-81.63875,31.13712],[-81.63825,31.13536],[-81.63962,31.13412],[-81.63912,31.13236],[-81.63725,31.13184],[-81.63694,31.13072],[-81.63884,31.13018]],[[-81.62792,31.12924],[-81.62842,31.131],[-81.63029,31.13152],[-81.63165,31.13028],[-81.63115,31.12852],[-81.62929,31.128],[-81.62792,31.12924]],[[-81.6482,31.12192],[-81.64956,31.12068],[-81.64906,31.11892],[-81.6472,31.1184],[-81.64583,31.11964],[-81.64633,31.1214],[-81.64496,31.12264],[-81.64546,31.1244],[-81.64733,31.12492],[-81.64869,31.12368],[-81.6482,31.12192]]]}},{"type":"Feature","properties":{"sqmi":5.23},"geometry":{"type":"Polygon","coordinates":[[[-81.64097,31.10856],[-81.6396,31.1098],[-81.63773,31.10928],[-81.63723,31.10752],[-81.6386,31.10628],[-81.64047,31.1068],[-81.64183,31.10556],[-81.6437,31.10608],[-81.64507,31.10484],[-81.64457,31.10309],[-81.63947,31.10329],[-81.63897,31.10153],[-81.64034,31.10029],[-81.6422,31.10081],[-81.64357,31.09957],[-81.64544,31.10009],[-81.6468,31.09885],[-81.64631,31.09709],[-81.64444,31.09657],[-81.64394,31.09481],[-81.64531,31.09357],[-81.64481,31.09181],[-81.64618,31.09057],[-81.64568,31.08881],[-81.64704,31.08757],[-81.64891,31.08809],[-81.64941,31.08985],[-81.65128,31.09037],[-81.65177,31.09213],[-81.65364,31.09265],[-81.65501,31.09141],[-81.65451,31.08965],[-81.65028,31.08685],[-81.64978,31.08509],[-81.65114,31.08385],[-81.65538,31.08665],[-81.65674,31.08541],[-81.65861,31.08592],[-81.65911,31.08768],[-81.65774,31.08892],[-81.65824,31.09068],[-81.66334,31.09048],[-81.66384,31.09224],[-81.66248,31.09348],[-81.66061,31.09296],[-81.65924,31.0942],[-81.65974,31.09596],[-81.66484,31.09576],[-81.66621,31.09452],[-81.66571,31.09276],[-81.66708,31.09152],[-81.67218,31.09132],[-81.67268,31.09308],[-81.67131,31.09432],[-81.66945,31.0938],[-81.66808,31.09504],[-81.66858,31.0968],[-81.67045,31.09732],[-81.67181,31.09608],[-81.67368,31.0966],[-81.67418,31.09836],[-81.67281,31.0996],[-81.67331,31.10136],[-81.67518,31.10188],[-81.67568,31.10364],[-81.67431,31.10488],[-81.67481,31.10664],[-81.67992,31.10644],[-81.68128,31.1052],[-81.68552,31.108],[-81.68689,31.10676],[-81.68639,31.105],[-81.68775,31.10376],[-81.69286,31.10355],[-81.69423,31.10231],[-81.69373,31.10055],[-81.68862,31.10076],[-81.68812,31.099],[-81.68949,31.09775],[-81.68899,31.09599],[-81.69036,31.09475],[-81.69459,31.09755],[-81.69509,31.09931],[-81.69696,31.09983],[-81.69833,31.09859],[-81.7002,31.09911],[-81.70157,31.09787],[-81.70106,31.09611],[-81.70243,31.09487],[-81.70754,31.09466],[-81.7089,31.09342],[-81.7084,31.09166],[-81.70977,31.09042],[-81.70927,31.08866],[-81.71064,31.08742],[-81.71014,31.08566],[-81.71151,31.08442],[-81.71337,31.08494],[-81.71474,31.0837],[-81.71661,31.08422],[-81.71798,31.08297],[-81.71748,31.08121],[-81.71324,31.07842],[-81.71274,31.07666],[-81.71411,31.07541],[-81.71597,31.07593],[-81.71734,31.07469],[-81.71884,31.07521],[-81.71971,31.07697],[-81.71834,31.07821],[-81.71884,31.07997],[-81.72395,31.07977],[-81.72445,31.08153],[-81.72308,31.08277],[-81.72121,31.08225],[-81.71985,31.08349],[-81.72035,31.08525],[-81.71898,31.08649],[-81.71948,31.08825],[-81.71811,31.0895],[-81.71624,31.08898],[-81.71488,31.09022],[-81.71538,31.09198],[-81.71401,31.09322],[-81.71214,31.0927],[-81.71077,31.09394],[-81.71127,31.0957],[-81.70991,31.09694],[-81.70804,31.09642],[-81.70667,31.09767],[-81.70717,31.09943],[-81.7058,31.10067],[-81.7063,31.10243],[-81.70494,31.10367],[-81.70307,31.10315],[-81.7017,31.10439],[-81.7022,31.10615],[-81.70083,31.10739],[-81.69896,31.10687],[-81.6976,31.10811],[-81.6981,31.10987],[-81.69673,31.11111],[-81.69486,31.11059],[-81.69349,31.11183],[-81.69399,31.11359],[-81.69262,31.11484],[-81.69076,31.11432],[-81.68939,31.11556],[-81.68989,31.11732],[-81.68852,31.11856],[-81.68665,31.11804],[-81.68528,31.11928],[-81.68342,31.11876],[-81.68205,31.12],[-81.68255,31.12176],[-81.68118,31.123],[-81.68168,31.12476],[-81.68031,31.126],[-81.68081,31.12776],[-81.67945,31.129],[-81.67758,31.12848],[-81.67708,31.12672],[-81.67845,31.12548],[-81.67795,31.12372],[-81.67931,31.12248],[-81.67881,31.12072],[-81.67694,31.1202],[-81.67644,31.11844],[-81.67458,31.11792],[-81.67335,31.11903],[-81.66991,31.11939],[-81.66607,31.11606],[-81.66525,31.11659],[-81.66323,31.11536],[-81.66241,31.11743],[-81.66056,31.11843],[-81.64996,31.11659],[-81.64896,31.11565],[-81.64993,31.11592],[-81.6513,31.11468],[-81.6508,31.11292],[-81.64893,31.1124],[-81.64843,31.11064],[-81.64333,31.11084],[-81.64283,31.10908],[-81.64097,31.10856]],[[-81.65514,31.09792],[-81.65327,31.09741],[-81.65191,31.09865],[-81.65241,31.1004],[-81.65427,31.10092],[-81.65564,31.09968],[-81.65514,31.09792]],[[-81.65751,31.1002],[-81.65801,31.10196],[-81.65664,31.1032],[-81.65714,31.10496],[-81.66224,31.10476],[-81.66274,31.10652],[-81.66461,31.10704],[-81.66597,31.1058],[-81.66547,31.10404],[-81.66361,31.10352],[-81.66311,31.10176],[-81.66448,31.10052],[-81.66398,31.09876],[-81.65887,31.09896],[-81.65751,31.1002]],[[-81.68128,31.10829],[-81.6808,31.10769],[-81.68049,31.10789],[-81.68128,31.10829]]]}},{"type":"Feature","properties":{"sqmi":5.06},"geometry":{"type":"Polygon","coordinates":[[[-80.76572,32.69533],[-80.76621,32.69708],[-80.76482,32.69828],[-80.75971,32.69839],[-80.75832,32.6996],[-80.75881,32.70135],[-80.75743,32.70255],[-80.75231,32.70266],[-80.75093,32.70386],[-80.75142,32.70561],[-80.75003,32.70681],[-80.74817,32.70626],[-80.74678,32.70746],[-80.74492,32.70692],[-80.74354,32.70812],[-80.74167,32.70757],[-80.74029,32.70877],[-80.74077,32.71052],[-80.73939,32.71172],[-80.73752,32.71118],[-80.73614,32.71238],[-80.73427,32.71183],[-80.73289,32.71303],[-80.73102,32.71249],[-80.72964,32.71369],[-80.73013,32.71544],[-80.72875,32.71664],[-80.72688,32.71609],[-80.7255,32.71729],[-80.72363,32.71674],[-80.72225,32.71795],[-80.72038,32.7174],[-80.719,32.7186],[-80.71713,32.71805],[-80.71575,32.71925],[-80.71388,32.71871],[-80.7125,32.71991],[-80.71064,32.71936],[-80.71015,32.71761],[-80.70828,32.71706],[-80.7078,32.71531],[-80.70358,32.71247],[-80.7031,32.71072],[-80.70448,32.70952],[-80.70399,32.70777],[-80.70213,32.70722],[-80.70164,32.70547],[-80.69977,32.70492],[-80.69929,32.70317],[-80.70067,32.70197],[-80.70019,32.70022],[-80.70157,32.69902],[-80.70578,32.70187],[-80.70717,32.70067],[-80.70668,32.69892],[-80.70806,32.69771],[-80.71228,32.70056],[-80.71366,32.69936],[-80.71553,32.69991],[-80.71601,32.70165],[-80.71463,32.70286],[-80.71512,32.70461],[-80.71698,32.70515],[-80.71837,32.70395],[-80.71788,32.7022],[-80.71926,32.701],[-80.72113,32.70155],[-80.72251,32.70035],[-80.72202,32.6986],[-80.72016,32.69805],[-80.71967,32.6963],[-80.71545,32.69346],[-80.71497,32.69171],[-80.71635,32.6905],[-80.71822,32.69105],[-80.7196,32.68985],[-80.71911,32.6881],[-80.72049,32.6869],[-80.72236,32.68745],[-80.72374,32.68624],[-80.72326,32.6845],[-80.72464,32.68329],[-80.72975,32.68319],[-80.73113,32.68198],[-80.733,32.68253],[-80.73349,32.68428],[-80.73211,32.68548],[-80.73259,32.68723],[-80.73446,32.68778],[-80.73584,32.68658],[-80.73535,32.68483],[-80.73674,32.68363],[-80.7386,32.68417],[-80.73909,32.68592],[-80.7442,32.68581],[-80.74469,32.68756],[-80.74656,32.68811],[-80.74794,32.68691],[-80.74981,32.68746],[-80.75029,32.68921],[-80.75216,32.68975],[-80.75354,32.68855],[-80.75541,32.6891],[-80.75679,32.6879],[-80.75866,32.68844],[-80.75914,32.69019],[-80.76101,32.69074],[-80.7615,32.69249],[-80.76337,32.69304],[-80.76475,32.69183],[-80.76662,32.69238],[-80.768,32.69118],[-80.76986,32.69172],[-80.77035,32.69347],[-80.76897,32.69468],[-80.7671,32.69413],[-80.76572,32.69533]],[[-80.72886,32.68614],[-80.72699,32.68559],[-80.72561,32.68679],[-80.72609,32.68854],[-80.72796,32.68909],[-80.72934,32.68789],[-80.72886,32.68614]],[[-80.7299,32.69609],[-80.73177,32.69663],[-80.73315,32.69543],[-80.73502,32.69598],[-80.7364,32.69478],[-80.73591,32.69303],[-80.73405,32.69248],[-80.73267,32.69368],[-80.7308,32.69314],[-80.72942,32.69434],[-80.7299,32.69609]],[[-80.7606,32.69544],[-80.76012,32.69369],[-80.75825,32.69314],[-80.75687,32.69435],[-80.75735,32.6961],[-80.75922,32.69664],[-80.7606,32.69544]]]}},{"type":"Feature","properties":{"sqmi":4.49},"geometry":{"type":"Polygon","coordinates":[[[-81.5924,30.68813],[-81.58732,30.68834],[-81.58683,30.68658],[-81.58819,30.68534],[-81.58769,30.68358],[-81.58584,30.68306],[-81.58534,30.6813],[-81.5867,30.68006],[-81.58856,30.68057],[-81.58906,30.68233],[-81.59091,30.68285],[-81.59228,30.68161],[-81.59178,30.67985],[-81.59314,30.6786],[-81.59265,30.67684],[-81.59401,30.6756],[-81.59351,30.67384],[-81.59487,30.6726],[-81.59908,30.67539],[-81.60045,30.67414],[-81.6023,30.67466],[-81.60367,30.67341],[-81.60317,30.67165],[-81.60131,30.67114],[-81.59995,30.67238],[-81.59809,30.67187],[-81.5976,30.67011],[-81.59896,30.66886],[-81.60082,30.66938],[-81.60218,30.66813],[-81.60168,30.66637],[-81.60304,30.66513],[-81.6049,30.66565],[-81.6054,30.6674],[-81.60403,30.66865],[-81.60453,30.67041],[-81.60874,30.6732],[-81.61011,30.67195],[-81.61196,30.67247],[-81.61333,30.67123],[-81.61518,30.67174],[-81.61655,30.6705],[-81.6184,30.67101],[-81.61977,30.66977],[-81.62162,30.67028],[-81.62212,30.67204],[-81.62076,30.67329],[-81.62126,30.67505],[-81.61989,30.67629],[-81.62039,30.67805],[-81.62225,30.67857],[-81.62275,30.68033],[-81.62138,30.68157],[-81.62188,30.68333],[-81.62052,30.68458],[-81.62102,30.68633],[-81.62288,30.68685],[-81.62337,30.68861],[-81.62201,30.68985],[-81.62015,30.68934],[-81.61879,30.69058],[-81.61693,30.69007],[-81.61557,30.69131],[-81.61371,30.6908],[-81.61235,30.69204],[-81.61284,30.6938],[-81.61148,30.69504],[-81.61198,30.6968],[-81.61384,30.69732],[-81.61433,30.69908],[-81.61297,30.70032],[-81.61111,30.69981],[-81.61062,30.69805],[-81.60876,30.69753],[-81.6074,30.69878],[-81.60789,30.70054],[-81.60975,30.70105],[-81.61025,30.70281],[-81.60889,30.70406],[-81.60938,30.70582],[-81.61124,30.70633],[-81.61174,30.70809],[-81.61038,30.70934],[-81.61087,30.7111],[-81.60951,30.71234],[-81.60765,30.71182],[-81.60629,30.71307],[-81.60679,30.71483],[-81.60542,30.71607],[-81.60356,30.71555],[-81.6022,30.7168],[-81.59799,30.71401],[-81.59663,30.71525],[-81.59477,30.71473],[-81.59341,30.71598],[-81.58833,30.71619],[-81.58783,30.71443],[-81.58919,30.71319],[-81.5887,30.71143],[-81.58684,30.71091],[-81.58634,30.70915],[-81.5877,30.70791],[-81.58721,30.70615],[-81.58535,30.70563],[-81.58485,30.70387],[-81.583,30.70336],[-81.5825,30.7016],[-81.58386,30.70035],[-81.58572,30.70087],[-81.58708,30.69963],[-81.58894,30.70014],[-81.5903,30.6989],[-81.59216,30.69941],[-81.59352,30.69817],[-81.59303,30.69641],[-81.58881,30.69362],[-81.58832,30.69186],[-81.58968,30.69062],[-81.59154,30.69113],[-81.5929,30.68989],[-81.5924,30.68813]],[[-81.59192,30.7107],[-81.59328,30.70946],[-81.59278,30.7077],[-81.59092,30.70718],[-81.58956,30.70842],[-81.59006,30.71018],[-81.59192,30.7107]],[[-81.60107,30.68242],[-81.60057,30.68066],[-81.59872,30.68015],[-81.59735,30.68139],[-81.5955,30.68088],[-81.59413,30.68212],[-81.59463,30.68388],[-81.59649,30.6844],[-81.59785,30.68315],[-81.59971,30.68367],[-81.60107,30.68242]],[[-81.60355,30.69122],[-81.60169,30.69071],[-81.60033,30.69195],[-81.60083,30.69371],[-81.60269,30.69423],[-81.60405,30.69298],[-81.60355,30.69122]],[[-81.60194,30.67942],[-81.60379,30.67994],[-81.60516,30.67869],[-81.60466,30.67693],[-81.6028,30.67642],[-81.60144,30.67766],[-81.60194,30.67942]],[[-81.61816,30.6823],[-81.61953,30.68106],[-81.61903,30.6793],[-81.61717,30.67878],[-81.61581,30.68002],[-81.61631,30.68178],[-81.61816,30.6823]]]}},{"type":"Feature","properties":{"sqmi":4.48},"geometry":{"type":"Polygon","coordinates":[[[-81.14381,28.99626],[-81.1483,28.99426],[-81.14782,28.9925],[-81.14916,28.99125],[-81.14868,28.98949],[-81.15002,28.98824],[-81.1519,28.98867],[-81.15057,28.98913],[-81.15228,28.99002],[-81.15428,28.98558],[-81.15718,28.98372],[-81.1567,28.98196],[-81.15804,28.98071],[-81.15986,28.98121],[-81.1612,28.97995],[-81.16072,28.97819],[-81.16205,28.97694],[-81.16387,28.97744],[-81.16521,28.97618],[-81.16473,28.97443],[-81.16607,28.97317],[-81.16559,28.97142],[-81.16693,28.97016],[-81.16645,28.96841],[-81.16779,28.96715],[-81.16731,28.9654],[-81.16864,28.96414],[-81.17276,28.9669],[-81.17323,28.96865],[-81.1719,28.96991],[-81.17238,28.97166],[-81.17419,28.97216],[-81.17467,28.97392],[-81.17333,28.97517],[-81.17381,28.97693],[-81.17563,28.97743],[-81.17611,28.97919],[-81.17162,28.9812],[-81.1721,28.98295],[-81.17391,28.98345],[-81.17439,28.98521],[-81.17305,28.98646],[-81.17353,28.98822],[-81.1785,28.98796],[-81.17898,28.98972],[-81.17765,28.99097],[-81.17812,28.99273],[-81.1831,28.99247],[-81.18443,28.99122],[-81.18396,28.98946],[-81.18214,28.98896],[-81.18166,28.98721],[-81.183,28.98595],[-81.18481,28.98645],[-81.18529,28.98821],[-81.19027,28.98795],[-81.19075,28.98971],[-81.19256,28.99021],[-81.19706,28.9882],[-81.19887,28.9887],[-81.19935,28.99045],[-81.20117,28.99095],[-81.20165,28.99271],[-81.20031,28.99396],[-81.19534,28.99422],[-81.194,28.99548],[-81.19448,28.99723],[-81.19314,28.99849],[-81.19133,28.99799],[-81.18999,28.99924],[-81.18817,28.99874],[-81.18683,29.0],[-81.18501,28.9995],[-81.18052,29.00151],[-81.17641,28.99875],[-81.17507,29.00001],[-81.17555,29.00176],[-81.17421,29.00302],[-81.17469,29.00477],[-81.17966,29.00452],[-81.181,29.00326],[-81.18282,29.00376],[-81.1833,29.00552],[-81.1788,29.00753],[-81.17383,29.00778],[-81.17249,29.00904],[-81.17297,29.01079],[-81.17163,29.01205],[-81.17211,29.0138],[-81.17077,29.01506],[-81.16896,29.01456],[-81.16848,29.0128],[-81.16982,29.01155],[-81.16934,29.00979],[-81.16752,29.00929],[-81.16618,29.01055],[-81.16436,29.01005],[-81.16389,29.00829],[-81.15891,29.00855],[-81.15843,29.00679],[-81.15977,29.00554],[-81.15929,29.00378],[-81.16063,29.00252],[-81.16015,29.00077],[-81.15834,29.00027],[-81.15786,28.99851],[-81.15604,28.99801],[-81.1547,28.99927],[-81.15518,29.00102],[-81.157,29.00152],[-81.15748,29.00328],[-81.15614,29.00453],[-81.15432,29.00403],[-81.15298,29.00529],[-81.15117,29.00479],[-81.14668,29.0068],[-81.14486,29.0063],[-81.14438,29.00454],[-81.14027,29.00178],[-81.13979,29.00003],[-81.14428,28.99802],[-81.14381,28.99626]],[[-81.14524,29.00153],[-81.14572,29.00329],[-81.14754,29.00379],[-81.14887,29.00253],[-81.14839,29.00078],[-81.14658,29.00028],[-81.14524,29.00153]]]}},{"type":"Feature","properties":{"sqmi":4.06},"geometry":{"type":"Polygon","coordinates":[[[-76.31678,35.84673],[-76.31663,35.84509],[-76.31849,35.84418],[-76.31835,35.84254],[-76.32021,35.84162],[-76.32007,35.83998],[-76.32192,35.83906],[-76.32392,35.83979],[-76.32578,35.83887],[-76.32564,35.83723],[-76.3275,35.83632],[-76.33335,35.83685],[-76.33349,35.83849],[-76.33549,35.83922],[-76.33563,35.84086],[-76.33763,35.84158],[-76.33949,35.84067],[-76.33935,35.83903],[-76.33735,35.8383],[-76.33721,35.83666],[-76.33906,35.83574],[-76.34106,35.83647],[-76.34292,35.83555],[-76.34877,35.83609],[-76.35063,35.83517],[-76.35049,35.83353],[-76.34849,35.83281],[-76.34835,35.83116],[-76.34635,35.83044],[-76.34621,35.8288],[-76.34806,35.82788],[-76.34792,35.82624],[-76.34592,35.82552],[-76.34578,35.82388],[-76.34764,35.82296],[-76.34964,35.82369],[-76.35149,35.82277],[-76.35135,35.82113],[-76.35321,35.82022],[-76.3552,35.82094],[-76.35535,35.82258],[-76.35735,35.8233],[-76.3592,35.82239],[-76.3612,35.82311],[-76.36134,35.82475],[-76.36334,35.82548],[-76.36348,35.82712],[-76.36548,35.82784],[-76.36563,35.82948],[-76.36377,35.8304],[-76.36391,35.83204],[-76.36206,35.83296],[-76.3622,35.8346],[-76.3642,35.83532],[-76.36434,35.83696],[-76.36248,35.83788],[-76.36263,35.83952],[-76.36463,35.84024],[-76.36477,35.84188],[-76.35906,35.84299],[-76.3532,35.84246],[-76.35134,35.84337],[-76.35149,35.84501],[-76.34963,35.84593],[-76.34977,35.84757],[-76.35177,35.8483],[-76.35191,35.84994],[-76.35006,35.85085],[-76.3502,35.85249],[-76.3522,35.85322],[-76.35234,35.85486],[-76.35434,35.85559],[-76.35448,35.85723],[-76.35263,35.85822],[-76.35179,35.85715],[-76.35259,35.85987],[-76.35091,35.8607],[-76.35105,35.86234],[-76.34919,35.86326],[-76.34934,35.8649],[-76.34748,35.86582],[-76.34548,35.86509],[-76.34534,35.86345],[-76.34719,35.86253],[-76.34705,35.86089],[-76.34505,35.86017],[-76.33934,35.86127],[-76.33948,35.86292],[-76.34148,35.86364],[-76.34162,35.86528],[-76.33976,35.8662],[-76.33776,35.86547],[-76.33762,35.86383],[-76.33562,35.86311],[-76.33548,35.86147],[-76.33348,35.86074],[-76.33162,35.86166],[-76.33176,35.8633],[-76.3299,35.86421],[-76.33005,35.86586],[-76.32819,35.86677],[-76.32619,35.86605],[-76.32605,35.8644],[-76.3279,35.86349],[-76.32776,35.86185],[-76.32962,35.86093],[-76.32948,35.85929],[-76.32748,35.85856],[-76.32176,35.85967],[-76.32191,35.86131],[-76.32005,35.86223],[-76.31805,35.8615],[-76.31619,35.86242],[-76.31633,35.86406],[-76.31447,35.86498],[-76.31247,35.86425],[-76.31233,35.86261],[-76.31419,35.86169],[-76.31405,35.86005],[-76.31976,35.85895],[-76.31962,35.8573],[-76.31377,35.85677],[-76.31362,35.85513],[-76.31548,35.85421],[-76.31534,35.85257],[-76.3172,35.85166],[-76.31706,35.85001],[-76.31506,35.84929],[-76.31492,35.84765],[-76.31678,35.84673]],[[-76.33091,35.85345],[-76.33077,35.85181],[-76.33263,35.85089],[-76.33249,35.84925],[-76.33049,35.84853],[-76.33035,35.84689],[-76.32835,35.84616],[-76.32263,35.84727],[-76.32277,35.84891],[-76.32477,35.84963],[-76.32491,35.85127],[-76.32306,35.85219],[-76.3232,35.85383],[-76.3252,35.85456],[-76.32534,35.8562],[-76.32734,35.85692],[-76.3292,35.85601],[-76.32905,35.85437],[-76.33091,35.85345]],[[-76.35792,35.82987],[-76.35606,35.83078],[-76.3562,35.83242],[-76.35434,35.83334],[-76.35449,35.83498],[-76.35263,35.8359],[-76.35277,35.83754],[-76.35092,35.83845],[-76.35106,35.84009],[-76.35306,35.84082],[-76.35491,35.8399],[-76.35477,35.83826],[-76.36048,35.83715],[-76.36034,35.83551],[-76.35834,35.83479],[-76.3582,35.83315],[-76.36006,35.83223],[-76.35991,35.83059],[-76.35792,35.82987]]]}},{"type":"Feature","properties":{"sqmi":3.98},"geometry":{"type":"Polygon","coordinates":[[[-81.18661,29.51611],[-81.18709,29.51787],[-81.18891,29.51837],[-81.1894,29.52013],[-81.18805,29.52138],[-81.18392,29.51861],[-81.18257,29.51986],[-81.17758,29.5201],[-81.17623,29.52135],[-81.17671,29.5231],[-81.17537,29.52435],[-81.17585,29.52611],[-81.17768,29.52662],[-81.17816,29.52837],[-81.17681,29.52962],[-81.17729,29.53138],[-81.17595,29.53263],[-81.17643,29.53438],[-81.18057,29.53715],[-81.18105,29.53891],[-81.18287,29.53942],[-81.18335,29.54117],[-81.18201,29.54242],[-81.18018,29.54191],[-81.1797,29.54016],[-81.17788,29.53965],[-81.17653,29.5409],[-81.1747,29.54039],[-81.17422,29.53864],[-81.16923,29.53887],[-81.16875,29.53712],[-81.16692,29.53661],[-81.16644,29.53485],[-81.16778,29.53361],[-81.1673,29.53185],[-81.16548,29.53134],[-81.16413,29.53259],[-81.16461,29.53435],[-81.16327,29.5356],[-81.16144,29.53509],[-81.16096,29.53333],[-81.15914,29.53283],[-81.15865,29.53107],[-81.15683,29.53056],[-81.15557,29.52859],[-81.15457,29.52605],[-81.15539,29.5253],[-81.15491,29.52354],[-81.15325,29.52308],[-81.14976,29.51291],[-81.15202,29.51301],[-81.15336,29.51176],[-81.15512,29.51224],[-81.15393,29.5124],[-81.15645,29.51424],[-81.15548,29.51513],[-81.15678,29.51591],[-81.15589,29.51685],[-81.15702,29.51717],[-81.15607,29.51805],[-81.15699,29.51883],[-81.15576,29.52013],[-81.15625,29.52229],[-81.15807,29.5228],[-81.16503,29.5202],[-81.16449,29.5184],[-81.15894,29.51979],[-81.16028,29.51854],[-81.1598,29.51679],[-81.16115,29.51554],[-81.16066,29.51378],[-81.15884,29.51328],[-81.15836,29.51152],[-81.1597,29.51027],[-81.16153,29.51078],[-81.16287,29.50953],[-81.16239,29.50777],[-81.16057,29.50727],[-81.16008,29.50551],[-81.16143,29.50426],[-81.16095,29.5025],[-81.16229,29.50125],[-81.16412,29.50176],[-81.1646,29.50352],[-81.16325,29.50477],[-81.16373,29.50652],[-81.16556,29.50703],[-81.1669,29.50578],[-81.16873,29.50629],[-81.17007,29.50504],[-81.16959,29.50328],[-81.16777,29.50277],[-81.16729,29.50102],[-81.16863,29.49977],[-81.16815,29.49801],[-81.16632,29.49751],[-81.16584,29.49575],[-81.16719,29.4945],[-81.16901,29.49501],[-81.17036,29.49376],[-81.16987,29.492],[-81.16805,29.49149],[-81.16757,29.48974],[-81.16891,29.48849],[-81.17074,29.489],[-81.17208,29.48775],[-81.17391,29.48825],[-81.17525,29.487],[-81.17708,29.48751],[-81.17842,29.48626],[-81.18025,29.48676],[-81.18073,29.48852],[-81.17938,29.48977],[-81.17756,29.48926],[-81.17621,29.49051],[-81.17669,29.49227],[-81.17535,29.49352],[-81.17583,29.49528],[-81.18083,29.49504],[-81.18131,29.49679],[-81.17996,29.49804],[-81.18045,29.4998],[-81.1791,29.50105],[-81.17958,29.50281],[-81.18372,29.50558],[-81.1842,29.50733],[-81.18602,29.50784],[-81.18651,29.50959],[-81.18516,29.51084],[-81.18564,29.5126],[-81.18747,29.51311],[-81.18795,29.51486],[-81.18661,29.51611]]]}},{"type":"Feature","properties":{"sqmi":3.87},"geometry":{"type":"Polygon","coordinates":[[[-81.13895,29.06473],[-81.13943,29.06648],[-81.13493,29.06849],[-81.13541,29.07025],[-81.14038,29.06999],[-81.14086,29.07175],[-81.14498,29.07451],[-81.14545,29.07626],[-81.14412,29.07752],[-81.14459,29.07927],[-81.14326,29.08053],[-81.14373,29.08228],[-81.1424,29.08354],[-81.14058,29.08303],[-81.1401,29.08128],[-81.13828,29.08078],[-81.13694,29.08203],[-81.13742,29.08379],[-81.13924,29.08429],[-81.13972,29.08604],[-81.13838,29.0873],[-81.13656,29.0868],[-81.13522,29.08805],[-81.13111,29.08529],[-81.12661,29.0873],[-81.1248,29.08679],[-81.12432,29.08504],[-81.12021,29.08228],[-81.11887,29.08353],[-81.11935,29.08529],[-81.11801,29.08654],[-81.1139,29.08378],[-81.1094,29.08579],[-81.10443,29.08604],[-81.10395,29.08428],[-81.10529,29.08303],[-81.10481,29.08127],[-81.103,29.08077],[-81.10252,29.07902],[-81.10386,29.07776],[-81.10567,29.07826],[-81.10615,29.08002],[-81.10797,29.08052],[-81.10931,29.07927],[-81.10883,29.07751],[-81.10701,29.07701],[-81.10653,29.07526],[-81.10242,29.0725],[-81.10195,29.07074],[-81.10644,29.06874],[-81.10596,29.06698],[-81.10414,29.06648],[-81.10367,29.06473],[-81.10501,29.06347],[-81.10453,29.06172],[-81.10271,29.06122],[-81.10223,29.05946],[-81.10042,29.05896],[-81.09994,29.0572],[-81.10443,29.0552],[-81.10395,29.05344],[-81.10214,29.05294],[-81.10166,29.05119],[-81.103,29.04993],[-81.10711,29.05269],[-81.10759,29.05445],[-81.1094,29.05495],[-81.10988,29.0567],[-81.1117,29.05721],[-81.11217,29.05896],[-81.11084,29.06021],[-81.11131,29.06197],[-81.11313,29.06247],[-81.11361,29.06423],[-81.11858,29.06398],[-81.11992,29.06272],[-81.11944,29.06097],[-81.12078,29.05971],[-81.12489,29.06247],[-81.12537,29.06423],[-81.12719,29.06473],[-81.12852,29.06348],[-81.12805,29.06172],[-81.12938,29.06047],[-81.12891,29.05871],[-81.13024,29.05746],[-81.13436,29.06022],[-81.13483,29.06197],[-81.13981,29.06172],[-81.14029,29.06347],[-81.13895,29.06473]],[[-81.11418,29.0725],[-81.116,29.073],[-81.11734,29.07175],[-81.11686,29.06999],[-81.11504,29.06949],[-81.1137,29.07074],[-81.11418,29.0725]]]}},{"type":"Feature","properties":{"sqmi":3.75},"geometry":{"type":"Polygon","coordinates":[[[-77.06357,35.36165],[-77.06174,35.36257],[-77.05975,35.36186],[-77.05959,35.36024],[-77.06141,35.35932],[-77.06125,35.35769],[-77.05926,35.35698],[-77.05909,35.35536],[-77.06092,35.35444],[-77.06075,35.35281],[-77.06258,35.35189],[-77.06241,35.35026],[-77.06042,35.34955],[-77.06026,35.34793],[-77.06209,35.34701],[-77.06789,35.3475],[-77.06971,35.34658],[-77.06955,35.34496],[-77.06375,35.34446],[-77.06192,35.34538],[-77.05993,35.34467],[-77.05977,35.34305],[-77.05778,35.34234],[-77.05761,35.34071],[-77.05562,35.34001],[-77.05546,35.33838],[-77.05728,35.33746],[-77.05712,35.33583],[-77.05894,35.33491],[-77.06093,35.33562],[-77.06276,35.3347],[-77.06856,35.3352],[-77.07038,35.33428],[-77.07237,35.33498],[-77.07254,35.33661],[-77.07453,35.33732],[-77.07635,35.3364],[-77.07619,35.33477],[-77.08182,35.33364],[-77.08166,35.33201],[-77.08348,35.33109],[-77.08547,35.3318],[-77.08564,35.33342],[-77.08763,35.33413],[-77.08779,35.33576],[-77.08978,35.33646],[-77.08995,35.33809],[-77.09194,35.3388],[-77.0921,35.34042],[-77.09028,35.34134],[-77.09045,35.34297],[-77.08862,35.34389],[-77.08879,35.34552],[-77.09459,35.34601],[-77.09476,35.34764],[-77.09675,35.34834],[-77.09857,35.34742],[-77.10056,35.34813],[-77.10239,35.34721],[-77.10222,35.34558],[-77.10404,35.34466],[-77.10985,35.34516],[-77.11002,35.34678],[-77.11201,35.34749],[-77.11217,35.34912],[-77.11035,35.35004],[-77.11051,35.35166],[-77.1125,35.35237],[-77.11267,35.354],[-77.11466,35.3547],[-77.11483,35.35633],[-77.113,35.35725],[-77.11317,35.35888],[-77.11135,35.3598],[-77.11151,35.36143],[-77.10969,35.36235],[-77.1077,35.36164],[-77.10753,35.36001],[-77.10936,35.35909],[-77.10919,35.35747],[-77.1072,35.35676],[-77.10703,35.35513],[-77.10886,35.35421],[-77.10869,35.35258],[-77.1067,35.35188],[-77.10488,35.3528],[-77.10504,35.35443],[-77.10322,35.35535],[-77.10123,35.35464],[-77.10106,35.35301],[-77.10288,35.35209],[-77.10272,35.35046],[-77.09691,35.34997],[-77.09509,35.35089],[-77.0931,35.35019],[-77.09293,35.34856],[-77.09094,35.34785],[-77.08912,35.34877],[-77.08928,35.3504],[-77.09127,35.35111],[-77.09144,35.35273],[-77.08962,35.35365],[-77.08978,35.35528],[-77.09559,35.35577],[-77.09575,35.3574],[-77.09774,35.35811],[-77.09957,35.35719],[-77.10156,35.35789],[-77.10172,35.35952],[-77.10372,35.36023],[-77.10388,35.36185],[-77.09824,35.36299],[-77.09841,35.36462],[-77.09658,35.36554],[-77.09459,35.36483],[-77.09277,35.36575],[-77.09078,35.36504],[-77.09061,35.36342],[-77.08862,35.36271],[-77.08679,35.36363],[-77.08696,35.36526],[-77.08513,35.36618],[-77.0853,35.3678],[-77.08347,35.36872],[-77.08148,35.36802],[-77.08132,35.36639],[-77.07933,35.36568],[-77.0775,35.3666],[-77.07767,35.36823],[-77.07966,35.36894],[-77.07982,35.37056],[-77.078,35.37148],[-77.07601,35.37078],[-77.07418,35.3717],[-77.07219,35.37099],[-77.07203,35.36936],[-77.07003,35.36866],[-77.06987,35.36703],[-77.07169,35.36611],[-77.07153,35.36448],[-77.06954,35.36377],[-77.06937,35.36215],[-77.0712,35.36123],[-77.07103,35.3596],[-77.06523,35.3591],[-77.0634,35.36002],[-77.06357,35.36165]],[[-77.08746,35.35132],[-77.08547,35.35061],[-77.0853,35.34898],[-77.08331,35.34828],[-77.08315,35.34665],[-77.08116,35.34594],[-77.07933,35.34686],[-77.0795,35.34849],[-77.07767,35.34941],[-77.07187,35.34892],[-77.07004,35.34984],[-77.07021,35.35146],[-77.0722,35.35217],[-77.07236,35.3538],[-77.07054,35.35472],[-77.0707,35.35634],[-77.07269,35.35705],[-77.07286,35.35868],[-77.07867,35.35917],[-77.07883,35.3608],[-77.07701,35.36172],[-77.07502,35.36101],[-77.07319,35.36193],[-77.07336,35.36356],[-77.07535,35.36427],[-77.07717,35.36335],[-77.08298,35.36384],[-77.0848,35.36292],[-77.08464,35.36129],[-77.08265,35.36059],[-77.08248,35.35896],[-77.08049,35.35825],[-77.08033,35.35663],[-77.08215,35.35571],[-77.08414,35.35641],[-77.08597,35.35549],[-77.0858,35.35387],[-77.08762,35.35295],[-77.08746,35.35132]],[[-77.08232,35.33852],[-77.0805,35.33944],[-77.08066,35.34106],[-77.07884,35.34198],[-77.079,35.34361],[-77.08099,35.34432],[-77.08282,35.3434],[-77.08265,35.34177],[-77.08448,35.34085],[-77.08431,35.33922],[-77.08232,35.33852]]]}},{"type":"Feature","properties":{"sqmi":3.75},"geometry":{"type":"Polygon","coordinates":[[[-81.68061,30.56978],[-81.68197,30.56854],[-81.68148,30.56678],[-81.68284,30.56553],[-81.6842,30.56636],[-81.68606,30.5648],[-81.6884,30.56487],[-81.68813,30.5663],[-81.68837,30.56652],[-81.69238,30.56717],[-81.69315,30.56649],[-81.69315,30.56394],[-81.69552,30.56317],[-81.69615,30.56422],[-81.69524,30.5667],[-81.69795,30.56967],[-81.70155,30.56593],[-81.70109,30.56376],[-81.70438,30.5636],[-81.70512,30.56515],[-81.70366,30.56726],[-81.70995,30.56587],[-81.71311,30.56952],[-81.71594,30.57124],[-81.71675,30.57146],[-81.72024,30.57046],[-81.72163,30.57197],[-81.72188,30.57193],[-81.72244,30.57094],[-81.72265,30.56781],[-81.72578,30.56589],[-81.72628,30.56772],[-81.72665,30.56768],[-81.72769,30.56653],[-81.72955,30.56706],[-81.73005,30.56882],[-81.72869,30.57007],[-81.72919,30.57183],[-81.73105,30.57234],[-81.73155,30.5741],[-81.73019,30.57535],[-81.73068,30.57711],[-81.72932,30.57836],[-81.72746,30.57785],[-81.7261,30.57909],[-81.7266,30.58086],[-81.72524,30.5821],[-81.72338,30.58159],[-81.72202,30.58284],[-81.72252,30.5846],[-81.72115,30.58585],[-81.71929,30.58533],[-81.71793,30.58658],[-81.71607,30.58607],[-81.71471,30.58731],[-81.71285,30.5868],[-81.71149,30.58805],[-81.70963,30.58753],[-81.70827,30.58878],[-81.70641,30.58827],[-81.70505,30.58952],[-81.70319,30.589],[-81.70183,30.59025],[-81.70233,30.59201],[-81.70096,30.59326],[-81.6991,30.59274],[-81.69861,30.59098],[-81.69675,30.59047],[-81.69539,30.59172],[-81.69353,30.5912],[-81.69303,30.58944],[-81.68795,30.58966],[-81.68745,30.5879],[-81.68559,30.58739],[-81.68509,30.58563],[-81.68645,30.58438],[-81.68831,30.58489],[-81.68967,30.58365],[-81.68918,30.58189],[-81.69054,30.58064],[-81.6924,30.58115],[-81.69376,30.57991],[-81.69326,30.57815],[-81.6914,30.57763],[-81.69004,30.57888],[-81.68818,30.57837],[-81.68682,30.57961],[-81.68496,30.5791],[-81.68446,30.57734],[-81.6826,30.57683],[-81.68211,30.57507],[-81.67789,30.57228],[-81.67739,30.57052],[-81.67876,30.56927],[-81.68061,30.56978]]]}},{"type":"Feature","properties":{"sqmi":3.73},"geometry":{"type":"Polygon","coordinates":[[[-76.80492,35.86699],[-76.80676,35.86607],[-76.80877,35.86679],[-76.81062,35.86587],[-76.81046,35.86422],[-76.81231,35.8633],[-76.81215,35.86166],[-76.81015,35.86094],[-76.80999,35.8593],[-76.80798,35.85858],[-76.80782,35.85694],[-76.81353,35.85581],[-76.81337,35.85417],[-76.81136,35.85346],[-76.81121,35.85182],[-76.81306,35.85089],[-76.8129,35.84925],[-76.81475,35.84833],[-76.81675,35.84905],[-76.8186,35.84812],[-76.82446,35.84863],[-76.82462,35.85027],[-76.82663,35.85099],[-76.82679,35.85263],[-76.83265,35.85314],[-76.83096,35.85571],[-76.83112,35.85735],[-76.82927,35.85827],[-76.82943,35.85991],[-76.83202,35.86034],[-76.83305,35.86498],[-76.83191,35.86555],[-76.83207,35.86719],[-76.83408,35.86791],[-76.83572,35.87135],[-76.83598,35.87212],[-76.83455,35.87283],[-76.83471,35.87447],[-76.83672,35.87519],[-76.8368,35.87687],[-76.83503,35.87775],[-76.83519,35.8794],[-76.83631,35.88012],[-76.83482,35.88291],[-76.83202,35.885],[-76.82419,35.88698],[-76.80819,35.88445],[-76.80132,35.88004],[-76.80083,35.87935],[-76.80216,35.87869],[-76.802,35.87705],[-76.7991,35.87678],[-76.79686,35.87446],[-76.79984,35.87469],[-76.80169,35.87376],[-76.80153,35.87212],[-76.79952,35.87141],[-76.79937,35.86976],[-76.80507,35.86864],[-76.80492,35.86699]]]}},{"type":"Feature","properties":{"sqmi":3.69},"geometry":{"type":"Polygon","coordinates":[[[-80.78343,32.53496],[-80.78335,32.53328],[-80.78537,32.53265],[-80.78472,32.53342],[-80.78524,32.53434],[-80.78356,32.53541],[-80.7829,32.53684],[-80.78289,32.5376],[-80.78341,32.53673],[-80.78383,32.53824],[-80.78569,32.53879],[-80.78707,32.53758],[-80.78659,32.53583],[-80.78433,32.53563],[-80.7854,32.53442],[-80.78549,32.53244],[-80.78748,32.53288],[-80.78886,32.53167],[-80.79073,32.53222],[-80.7918,32.53128],[-80.79202,32.53344],[-80.78908,32.53282],[-80.79022,32.53375],[-80.79207,32.53367],[-80.79246,32.53328],[-80.79434,32.53644],[-80.79146,32.53618],[-80.79322,32.53751],[-80.79237,32.53843],[-80.79018,32.53648],[-80.78843,32.53912],[-80.78686,32.53931],[-80.78837,32.54133],[-80.78616,32.53953],[-80.78584,32.54022],[-80.78642,32.54114],[-80.78577,32.541],[-80.78516,32.54126],[-80.78623,32.54125],[-80.78629,32.54324],[-80.78665,32.54111],[-80.78624,32.54043],[-80.7886,32.54154],[-80.78844,32.53947],[-80.79058,32.53721],[-80.79236,32.53885],[-80.79377,32.53732],[-80.79502,32.54152],[-80.79689,32.54206],[-80.79827,32.54086],[-80.79827,32.53893],[-80.80012,32.53845],[-80.80156,32.53995],[-80.80691,32.54201],[-80.80574,32.54304],[-80.80622,32.54479],[-80.81044,32.54763],[-80.81093,32.54938],[-80.81604,32.54926],[-80.81653,32.55101],[-80.8184,32.55156],[-80.81888,32.55331],[-80.8175,32.55451],[-80.81799,32.55626],[-80.81661,32.55747],[-80.81239,32.55463],[-80.81101,32.55583],[-80.8115,32.55758],[-80.81012,32.55879],[-80.80825,32.55824],[-80.80687,32.55945],[-80.805,32.5589],[-80.80362,32.56011],[-80.80175,32.55956],[-80.80037,32.56077],[-80.79851,32.56022],[-80.79802,32.55847],[-80.7994,32.55727],[-80.80127,32.55781],[-80.80265,32.55661],[-80.80216,32.55486],[-80.8003,32.55431],[-80.79981,32.55256],[-80.79559,32.54972],[-80.79421,32.55093],[-80.7947,32.55268],[-80.79656,32.55322],[-80.79705,32.55497],[-80.79567,32.55618],[-80.7938,32.55563],[-80.79242,32.55684],[-80.79291,32.55859],[-80.79477,32.55913],[-80.79526,32.56088],[-80.79388,32.56209],[-80.78966,32.55925],[-80.78828,32.56045],[-80.78641,32.55991],[-80.78503,32.56111],[-80.78552,32.56286],[-80.78414,32.56407],[-80.78227,32.56352],[-80.78179,32.56177],[-80.78317,32.56057],[-80.78268,32.55882],[-80.78082,32.55827],[-80.77944,32.55948],[-80.77992,32.56123],[-80.77854,32.56243],[-80.77668,32.56189],[-80.77619,32.56014],[-80.77432,32.55959],[-80.77384,32.55784],[-80.77522,32.55663],[-80.77708,32.55718],[-80.77846,32.55598],[-80.77798,32.55423],[-80.77376,32.55138],[-80.77238,32.55259],[-80.76727,32.5527],[-80.76678,32.55095],[-80.76257,32.54811],[-80.76208,32.54636],[-80.76346,32.54516],[-80.76298,32.54341],[-80.76157,32.543],[-80.76408,32.54121],[-80.76436,32.5422],[-80.76622,32.54275],[-80.7676,32.54154],[-80.76722,32.54019],[-80.77179,32.53923],[-80.77527,32.53342],[-80.77883,32.53259],[-80.77912,32.53365],[-80.78099,32.5342],[-80.78312,32.53342],[-80.78343,32.53496]],[[-80.77499,32.53727],[-80.77685,32.53781],[-80.77823,32.53661],[-80.77774,32.53486],[-80.77588,32.53431],[-80.7745,32.53552],[-80.77499,32.53727]],[[-80.80338,32.54074],[-80.80152,32.54019],[-80.80014,32.5414],[-80.80062,32.54315],[-80.80249,32.5437],[-80.80387,32.54249],[-80.80338,32.54074]]]}},{"type":"Feature","properties":{"sqmi":3.29},"geometry":{"type":"Polygon","coordinates":[[[-75.93387,35.82795],[-75.93374,35.82631],[-75.93561,35.8254],[-75.93548,35.82376],[-75.9412,35.82267],[-75.94107,35.82103],[-75.94293,35.82012],[-75.94281,35.81848],[-75.94467,35.81757],[-75.94666,35.8183],[-75.94853,35.81739],[-75.9484,35.81575],[-75.95026,35.81484],[-75.95013,35.8132],[-75.94814,35.81247],[-75.94801,35.81083],[-75.94602,35.8101],[-75.94589,35.80846],[-75.94775,35.80755],[-75.94762,35.80591],[-75.94949,35.805],[-75.94936,35.80336],[-75.94737,35.80263],[-75.94724,35.80099],[-75.95296,35.7999],[-75.95495,35.80063],[-75.95508,35.80227],[-75.95707,35.80301],[-75.95893,35.8021],[-75.96092,35.80283],[-75.96105,35.80447],[-75.96304,35.8052],[-75.96317,35.80684],[-75.96902,35.80739],[-75.96915,35.80903],[-75.96728,35.80994],[-75.96741,35.81158],[-75.96555,35.81249],[-75.96568,35.81413],[-75.96382,35.81504],[-75.95797,35.81449],[-75.95611,35.8154],[-75.95624,35.81704],[-75.95823,35.81777],[-75.95836,35.81941],[-75.96035,35.82014],[-75.96048,35.82178],[-75.96247,35.82251],[-75.9626,35.82415],[-75.96074,35.82506],[-75.96087,35.8267],[-75.96671,35.82725],[-75.96684,35.82889],[-75.96884,35.82963],[-75.96897,35.83127],[-75.9671,35.83218],[-75.96723,35.83382],[-75.96537,35.83473],[-75.96338,35.834],[-75.96151,35.83491],[-75.96164,35.83655],[-75.95592,35.83764],[-75.95605,35.83928],[-75.95419,35.84019],[-75.95431,35.84183],[-75.95245,35.84274],[-75.95257,35.84422],[-75.94871,35.8444],[-75.94859,35.84292],[-75.9466,35.84218],[-75.94488,35.84302],[-75.94415,35.84109],[-75.94502,35.8375],[-75.9439,35.83642],[-75.94226,35.83562],[-75.93549,35.83474],[-75.92951,35.8362],[-75.92718,35.83848],[-75.92159,35.83619],[-75.92294,35.83669],[-75.92481,35.83578],[-75.9268,35.83651],[-75.92866,35.8356],[-75.92854,35.83396],[-75.9304,35.83305],[-75.93027,35.83141],[-75.93214,35.8305],[-75.93201,35.82886],[-75.93387,35.82795]]]}},{"type":"Feature","properties":{"sqmi":3.21},"geometry":{"type":"Polygon","coordinates":[[[-75.9578,35.88615],[-75.95593,35.88706],[-75.95606,35.88871],[-75.96192,35.88926],[-75.96205,35.8909],[-75.96018,35.89181],[-75.96031,35.89346],[-75.95458,35.89455],[-75.95471,35.89619],[-75.95285,35.8971],[-75.95085,35.89637],[-75.95072,35.89472],[-75.94487,35.89417],[-75.94474,35.89253],[-75.94274,35.8918],[-75.94088,35.89271],[-75.941,35.89435],[-75.93914,35.89526],[-75.93328,35.89471],[-75.93141,35.89562],[-75.93154,35.89726],[-75.92968,35.89817],[-75.92768,35.89744],[-75.92581,35.89835],[-75.92382,35.89761],[-75.92369,35.89597],[-75.9217,35.89524],[-75.92157,35.8936],[-75.9273,35.89251],[-75.92717,35.89087],[-75.92903,35.88996],[-75.92891,35.88831],[-75.93077,35.8874],[-75.93064,35.88576],[-75.93251,35.88485],[-75.93238,35.88321],[-75.93425,35.8823],[-75.93412,35.88066],[-75.93599,35.87975],[-75.93586,35.8781],[-75.93386,35.87737],[-75.93373,35.87573],[-75.93946,35.87464],[-75.94145,35.87537],[-75.94158,35.87702],[-75.94358,35.87775],[-75.94544,35.87684],[-75.94531,35.8752],[-75.95104,35.87411],[-75.95091,35.87246],[-75.94892,35.87173],[-75.94879,35.87009],[-75.94293,35.86954],[-75.94281,35.8679],[-75.94467,35.86699],[-75.94454,35.86534],[-75.94641,35.86443],[-75.9484,35.86517],[-75.94853,35.86681],[-75.95052,35.86754],[-75.95239,35.86663],[-75.95438,35.86736],[-75.95625,35.86645],[-75.95612,35.86481],[-75.95799,35.8639],[-75.95998,35.86463],[-75.96184,35.86372],[-75.9677,35.86427],[-75.96783,35.86591],[-75.96596,35.86682],[-75.96609,35.86846],[-75.96809,35.8692],[-75.96822,35.87084],[-75.96635,35.87175],[-75.96648,35.87339],[-75.96461,35.8743],[-75.96474,35.87594],[-75.96288,35.87685],[-75.96301,35.8785],[-75.965,35.87923],[-75.96513,35.88087],[-75.96327,35.88178],[-75.9634,35.88342],[-75.96539,35.88415],[-75.96552,35.8858],[-75.96752,35.88653],[-75.96765,35.88817],[-75.96578,35.88908],[-75.96378,35.88835],[-75.96366,35.88671],[-75.9578,35.88615]]]}},{"type":"Feature","properties":{"sqmi":3.09},"geometry":{"type":"Polygon","coordinates":[[[-76.69305,35.9348],[-76.6932,35.93644],[-76.68749,35.93756],[-76.68548,35.93684],[-76.68532,35.9352],[-76.68331,35.93448],[-76.68316,35.93284],[-76.68115,35.93212],[-76.6793,35.93304],[-76.67729,35.93232],[-76.67714,35.93068],[-76.67513,35.92996],[-76.67327,35.93088],[-76.67127,35.93016],[-76.67111,35.92852],[-76.66524,35.928],[-76.66509,35.92635],[-76.66308,35.92563],[-76.65737,35.92676],[-76.65536,35.92604],[-76.65521,35.92439],[-76.65706,35.92347],[-76.65691,35.92183],[-76.65876,35.92091],[-76.65861,35.91926],[-76.6566,35.91854],[-76.65645,35.9169],[-76.6583,35.91598],[-76.66031,35.9167],[-76.66216,35.91578],[-76.66201,35.91414],[-76.66386,35.91321],[-76.66587,35.91393],[-76.66602,35.91558],[-76.66417,35.9165],[-76.66432,35.91814],[-76.66633,35.91886],[-76.66648,35.9205],[-76.66849,35.92122],[-76.67035,35.9203],[-76.67019,35.91866],[-76.67205,35.91774],[-76.67189,35.9161],[-76.66989,35.91538],[-76.66973,35.91373],[-76.66772,35.91301],[-76.66757,35.91137],[-76.66943,35.91045],[-76.66927,35.90881],[-76.66726,35.90809],[-76.66711,35.90644],[-76.6651,35.90572],[-76.66495,35.90408],[-76.66294,35.90336],[-76.66279,35.90172],[-76.66465,35.9008],[-76.66665,35.90152],[-76.6668,35.90316],[-76.66881,35.90388],[-76.67067,35.90296],[-76.67267,35.90368],[-76.67283,35.90532],[-76.67483,35.90604],[-76.67499,35.90768],[-76.67313,35.9086],[-76.67329,35.91025],[-76.67915,35.91076],[-76.67931,35.91241],[-76.68131,35.91313],[-76.68317,35.9122],[-76.68301,35.91056],[-76.68487,35.90964],[-76.68471,35.908],[-76.68657,35.90708],[-76.68641,35.90543],[-76.68441,35.90471],[-76.68425,35.90307],[-76.68611,35.90215],[-76.69197,35.90267],[-76.69213,35.90431],[-76.69027,35.90523],[-76.69043,35.90687],[-76.69243,35.90759],[-76.69429,35.90667],[-76.69413,35.90503],[-76.69599,35.90411],[-76.69799,35.90483],[-76.6981,35.90596],[-76.696,35.90736],[-76.69717,35.90929],[-76.6946,35.90996],[-76.69475,35.9116],[-76.69339,35.91227],[-76.68873,35.90944],[-76.68687,35.91036],[-76.68703,35.912],[-76.6887,35.9126],[-76.68915,35.91438],[-76.68734,35.91529],[-76.68749,35.91693],[-76.68564,35.91785],[-76.68579,35.91949],[-76.68728,35.92071],[-76.69105,35.92071],[-76.6902,35.92351],[-76.69203,35.92488],[-76.69474,35.92399],[-76.69879,35.91664],[-76.70197,35.91719],[-76.70417,35.91894],[-76.70124,35.91868],[-76.69938,35.91961],[-76.69954,35.92125],[-76.70541,35.92177],[-76.70722,35.92043],[-76.70788,35.92135],[-76.70582,35.92305],[-76.70183,35.92278],[-76.7007,35.92358],[-76.69815,35.9271],[-76.6983,35.92874],[-76.69645,35.92966],[-76.69657,35.93097],[-76.69475,35.93223],[-76.69469,35.93371],[-76.69305,35.9348]]]}},{"type":"Feature","properties":{"sqmi":2.98},"geometry":{"type":"Polygon","coordinates":[[[-79.40052,33.35347],[-79.39868,33.3529],[-79.39822,33.35116],[-79.39409,33.34829],[-79.39271,33.34946],[-79.39317,33.35119],[-79.39501,33.35176],[-79.39547,33.3535],[-79.39409,33.35466],[-79.39225,33.3541],[-79.39179,33.35236],[-79.38995,33.35179],[-79.3895,33.35005],[-79.39088,33.34889],[-79.39042,33.34715],[-79.38858,33.34658],[-79.3872,33.34775],[-79.38537,33.34718],[-79.38491,33.34544],[-79.38951,33.34368],[-79.39364,33.34655],[-79.39502,33.34538],[-79.39456,33.34365],[-79.39594,33.34248],[-79.39777,33.34305],[-79.39915,33.34188],[-79.3964,33.33784],[-79.39778,33.33667],[-79.39962,33.33724],[-79.401,33.33608],[-79.40054,33.33434],[-79.39549,33.33437],[-79.39274,33.33033],[-79.39412,33.32916],[-79.39366,33.32742],[-79.39504,33.32626],[-79.39688,33.32682],[-79.39825,33.32566],[-79.3955,33.32161],[-79.4001,33.31985],[-79.39964,33.31811],[-79.40102,33.31694],[-79.40607,33.31691],[-79.40745,33.31575],[-79.40699,33.31401],[-79.40286,33.31114],[-79.40241,33.3094],[-79.40379,33.30823],[-79.40792,33.3111],[-79.40837,33.31284],[-79.41021,33.31341],[-79.41067,33.31515],[-79.4125,33.31572],[-79.4171,33.31395],[-79.41894,33.31452],[-79.42032,33.31335],[-79.42215,33.31392],[-79.42261,33.31565],[-79.42123,33.31682],[-79.41939,33.31625],[-79.41802,33.31742],[-79.41847,33.31916],[-79.41709,33.32033],[-79.41755,33.32206],[-79.42261,33.32203],[-79.42398,33.32086],[-79.42582,33.32143],[-79.42628,33.32317],[-79.4249,33.32434],[-79.42536,33.32607],[-79.42398,33.32724],[-79.42444,33.32898],[-79.42306,33.33015],[-79.42122,33.32958],[-79.41984,33.33075],[-79.4203,33.33248],[-79.41892,33.33365],[-79.41708,33.33308],[-79.4157,33.33425],[-79.41616,33.33599],[-79.41478,33.33715],[-79.41524,33.33889],[-79.41386,33.34006],[-79.41432,33.34179],[-79.41294,33.34296],[-79.4111,33.34239],[-79.40972,33.34356],[-79.41018,33.3453],[-79.4088,33.34646],[-79.40696,33.3459],[-79.40558,33.34706],[-79.40604,33.3488],[-79.40466,33.34997],[-79.40512,33.3517],[-79.40374,33.35287],[-79.4019,33.3523],[-79.40052,33.35347]],[[-79.40239,33.32853],[-79.40698,33.32676],[-79.40882,33.32733],[-79.4102,33.32617],[-79.40974,33.32443],[-79.4079,33.32386],[-79.40745,33.32212],[-79.40239,33.32215],[-79.40101,33.32332],[-79.40147,33.32506],[-79.40009,33.32623],[-79.40055,33.32796],[-79.40239,33.32853]]]}},{"type":"Feature","properties":{"sqmi":2.97},"geometry":{"type":"Polygon","coordinates":[[[-79.06917,33.65585],[-79.0748,33.65624],[-79.07652,33.65531],[-79.0763,33.65374],[-79.07802,33.65281],[-79.0778,33.65124],[-79.07952,33.65032],[-79.0793,33.64874],[-79.07368,33.64835],[-79.07345,33.64677],[-79.07518,33.64585],[-79.07712,33.64651],[-79.07885,33.64558],[-79.07862,33.64401],[-79.08035,33.64309],[-79.08012,33.64151],[-79.076,33.63862],[-79.07578,33.63704],[-79.0775,33.63612],[-79.07728,33.63455],[-79.079,33.63362],[-79.07878,33.63205],[-79.07466,33.62916],[-79.07444,33.62758],[-79.07616,33.62666],[-79.08028,33.62955],[-79.082,33.62863],[-79.08178,33.62705],[-79.0835,33.62613],[-79.08328,33.62455],[-79.08133,33.6239],[-79.08111,33.62232],[-79.07699,33.61944],[-79.07677,33.61786],[-79.07849,33.61694],[-79.07826,33.61536],[-79.07632,33.61471],[-79.07609,33.61313],[-79.07782,33.61221],[-79.07976,33.61286],[-79.08149,33.61194],[-79.08126,33.61037],[-79.08299,33.60945],[-79.08493,33.6101],[-79.08516,33.61168],[-79.0871,33.61233],[-79.08905,33.61638],[-79.08778,33.61706],[-79.088,33.61864],[-79.08995,33.61929],[-79.09017,33.62087],[-79.09212,33.62152],[-79.09234,33.6231],[-79.09429,33.62375],[-79.09452,33.62533],[-79.0961,33.62594],[-79.09347,33.63329],[-79.09286,33.63979],[-79.09114,33.64071],[-79.09137,33.64229],[-79.08964,33.64321],[-79.08987,33.64478],[-79.08814,33.64571],[-79.08837,33.64728],[-79.08664,33.64821],[-79.08687,33.64978],[-79.08514,33.6507],[-79.08537,33.65228],[-79.07997,33.65347],[-79.08019,33.65505],[-79.07847,33.65597],[-79.07867,33.6574],[-79.07697,33.65847],[-79.07694,33.66018],[-79.07554,33.66146],[-79.06623,33.66456],[-79.06232,33.66678],[-79.0573,33.67319],[-79.05577,33.67392],[-79.05105,33.6813],[-79.04529,33.68218],[-79.04313,33.68164],[-79.04291,33.68006],[-79.04463,33.67914],[-79.04658,33.67979],[-79.04831,33.67887],[-79.04809,33.67729],[-79.04981,33.67637],[-79.04959,33.67479],[-79.04764,33.67414],[-79.04742,33.67256],[-79.04914,33.67164],[-79.05109,33.67229],[-79.05282,33.67137],[-79.05259,33.66979],[-79.05432,33.66887],[-79.05409,33.6673],[-79.05215,33.66664],[-79.05192,33.66506],[-79.05365,33.66414],[-79.05777,33.66703],[-79.05949,33.66611],[-79.05927,33.66453],[-79.061,33.66361],[-79.06077,33.66203],[-79.0625,33.66111],[-79.06227,33.65953],[-79.064,33.65861],[-79.06812,33.6615],[-79.06985,33.66058],[-79.06962,33.659],[-79.06767,33.65834],[-79.06745,33.65677],[-79.06917,33.65585]]]}},{"type":"Feature","properties":{"sqmi":2.92},"geometry":{"type":"Polygon","coordinates":[[[-76.24177,35.85288],[-76.24377,35.85361],[-76.24391,35.85525],[-76.24205,35.85616],[-76.24219,35.85781],[-76.24033,35.85872],[-76.24047,35.86036],[-76.24247,35.86109],[-76.24433,35.86017],[-76.24419,35.85853],[-76.24605,35.85762],[-76.24591,35.85598],[-76.24777,35.85506],[-76.24976,35.85579],[-76.2499,35.85743],[-76.24804,35.85834],[-76.24818,35.85999],[-76.24632,35.8609],[-76.24646,35.86254],[-76.2446,35.86346],[-76.24474,35.8651],[-76.23902,35.8662],[-76.23916,35.86784],[-76.2373,35.86876],[-76.2353,35.86803],[-76.23516,35.86639],[-76.23317,35.86566],[-76.23131,35.86658],[-76.23144,35.86822],[-76.23344,35.86894],[-76.23358,35.87059],[-76.23558,35.87131],[-76.23572,35.87295],[-76.23,35.87406],[-76.23014,35.8757],[-76.22828,35.87661],[-76.22842,35.87826],[-76.23041,35.87898],[-76.23055,35.88062],[-76.22869,35.88154],[-76.22669,35.88081],[-76.22656,35.87917],[-76.2207,35.87863],[-76.21884,35.87954],[-76.21897,35.88119],[-76.21711,35.8821],[-76.21511,35.88137],[-76.21498,35.87973],[-76.21298,35.879],[-76.21284,35.87736],[-76.2147,35.87645],[-76.22056,35.87699],[-76.22242,35.87607],[-76.22228,35.87443],[-76.22414,35.87352],[-76.224,35.87188],[-76.222,35.87115],[-76.22187,35.86951],[-76.21601,35.86897],[-76.21415,35.86988],[-76.21215,35.86915],[-76.21029,35.87007],[-76.20829,35.86934],[-76.20815,35.8677],[-76.20616,35.86697],[-76.20602,35.86533],[-76.20402,35.8646],[-76.20388,35.86296],[-76.20574,35.86205],[-76.20561,35.86041],[-76.20747,35.85949],[-76.21332,35.86003],[-76.21346,35.86167],[-76.21546,35.8624],[-76.21732,35.86149],[-76.21932,35.86221],[-76.22118,35.8613],[-76.22104,35.85966],[-76.2229,35.85874],[-76.22276,35.8571],[-76.22076,35.85637],[-76.21504,35.85748],[-76.21305,35.85675],[-76.21291,35.85511],[-76.21863,35.85401],[-76.21849,35.85237],[-76.21649,35.85164],[-76.21635,35.85],[-76.21436,35.84927],[-76.21422,35.84763],[-76.21222,35.8469],[-76.21208,35.84526],[-76.21394,35.84435],[-76.21594,35.84507],[-76.21608,35.84672],[-76.21807,35.84744],[-76.21993,35.84653],[-76.22579,35.84707],[-76.22593,35.84871],[-76.22407,35.84962],[-76.22421,35.85126],[-76.2262,35.85199],[-76.22806,35.85108],[-76.22792,35.84944],[-76.23364,35.84833],[-76.2335,35.84669],[-76.23536,35.84578],[-76.23736,35.8465],[-76.2375,35.84815],[-76.2395,35.84887],[-76.23964,35.85051],[-76.24163,35.85124],[-76.24177,35.85288]],[[-76.23861,35.86128],[-76.23661,35.86055],[-76.23475,35.86146],[-76.23489,35.8631],[-76.23689,35.86383],[-76.23875,35.86292],[-76.23861,35.86128]]]}},{"type":"Feature","properties":{"sqmi":2.63},"geometry":{"type":"Polygon","coordinates":[[[-81.70873,31.06257],[-81.70823,31.06081],[-81.7096,31.05957],[-81.71147,31.06009],[-81.71284,31.05885],[-81.71234,31.05709],[-81.71047,31.05657],[-81.70997,31.05481],[-81.70486,31.05501],[-81.70436,31.05325],[-81.70573,31.05201],[-81.70523,31.05025],[-81.70336,31.04973],[-81.702,31.05098],[-81.7025,31.05274],[-81.70113,31.05398],[-81.69914,31.05305],[-81.69876,31.0517],[-81.70013,31.05046],[-81.69963,31.0487],[-81.70099,31.04746],[-81.70049,31.0457],[-81.70186,31.04445],[-81.70373,31.04497],[-81.70447,31.0443],[-81.70426,31.0453],[-81.70933,31.04653],[-81.7107,31.04529],[-81.71257,31.0458],[-81.71307,31.04756],[-81.7117,31.04881],[-81.7122,31.05057],[-81.71644,31.05336],[-81.71694,31.05512],[-81.71881,31.05564],[-81.72017,31.0544],[-81.71967,31.05264],[-81.7178,31.05212],[-81.7173,31.05036],[-81.71867,31.04912],[-81.71817,31.04736],[-81.71954,31.04612],[-81.72141,31.04664],[-81.72191,31.0484],[-81.72377,31.04891],[-81.72514,31.04767],[-81.72464,31.04591],[-81.72277,31.04539],[-81.72227,31.04363],[-81.72364,31.04239],[-81.72874,31.04219],[-81.73011,31.04094],[-81.73435,31.04374],[-81.73571,31.0425],[-81.73521,31.04074],[-81.73535,31.04061],[-81.73653,31.04188],[-81.73866,31.04204],[-81.73758,31.04302],[-81.73808,31.04478],[-81.73672,31.04602],[-81.73722,31.04778],[-81.73585,31.04902],[-81.73635,31.05078],[-81.73498,31.05202],[-81.73549,31.05378],[-81.73412,31.05503],[-81.73462,31.05679],[-81.73325,31.05803],[-81.73375,31.05979],[-81.73238,31.06103],[-81.73289,31.06279],[-81.73152,31.06403],[-81.73202,31.06579],[-81.73065,31.06704],[-81.73115,31.0688],[-81.72979,31.07004],[-81.73029,31.0718],[-81.72892,31.07304],[-81.72705,31.07252],[-81.72568,31.07376],[-81.72381,31.07325],[-81.72245,31.07449],[-81.72058,31.07397],[-81.72008,31.07221],[-81.72144,31.07097],[-81.72094,31.06921],[-81.71584,31.06941],[-81.71534,31.06765],[-81.71347,31.06713],[-81.71297,31.06537],[-81.71434,31.06413],[-81.71384,31.06237],[-81.71197,31.06185],[-81.7106,31.06309],[-81.70873,31.06257]],[[-81.72536,31.07248],[-81.72439,31.07163],[-81.72437,31.0718],[-81.72536,31.07248]],[[-81.73666,31.04538],[-81.7362,31.04516],[-81.73617,31.04553],[-81.73666,31.04538]]]}},{"type":"Feature","properties":{"sqmi":2.52},"geometry":{"type":"Polygon","coordinates":[[[-80.87712,32.55902],[-80.8785,32.55782],[-80.88037,32.55836],[-80.88175,32.55716],[-80.88362,32.5577],[-80.88411,32.55945],[-80.88598,32.56],[-80.88646,32.56175],[-80.89069,32.56459],[-80.89118,32.56634],[-80.8898,32.56754],[-80.89029,32.56929],[-80.89541,32.56918],[-80.8959,32.57093],[-80.89452,32.57213],[-80.89501,32.57389],[-80.89688,32.57443],[-80.89826,32.57322],[-80.90013,32.57377],[-80.90151,32.57256],[-80.90338,32.5731],[-80.90387,32.57486],[-80.90249,32.57606],[-80.90062,32.57552],[-80.89923,32.57673],[-80.89972,32.57848],[-80.90484,32.57836],[-80.90533,32.58011],[-80.90395,32.58132],[-80.90208,32.58077],[-80.9007,32.58198],[-80.89558,32.5821],[-80.8942,32.5833],[-80.89469,32.58505],[-80.89331,32.58626],[-80.89379,32.58801],[-80.89241,32.58922],[-80.88818,32.58638],[-80.8868,32.58758],[-80.88231,32.58682],[-80.87954,32.58868],[-80.87843,32.58836],[-80.87794,32.58661],[-80.87607,32.58607],[-80.87559,32.58432],[-80.87357,32.58326],[-80.87323,32.58202],[-80.87461,32.58082],[-80.87412,32.57906],[-80.87176,32.57677],[-80.87314,32.57556],[-80.87247,32.57376],[-80.87367,32.5713],[-80.87158,32.56997],[-80.87119,32.56856],[-80.87257,32.56735],[-80.87208,32.5656],[-80.87346,32.5644],[-80.87298,32.56264],[-80.87111,32.5621],[-80.87062,32.56035],[-80.872,32.55914],[-80.87151,32.55739],[-80.87289,32.55619],[-80.87712,32.55902]],[[-80.88209,32.58299],[-80.88022,32.58245],[-80.87884,32.58366],[-80.87932,32.58541],[-80.88119,32.58595],[-80.88258,32.58474],[-80.88209,32.58299]]]}},{"type":"Feature","properties":{"sqmi":2.5},"geometry":{"type":"Polygon","coordinates":[[[-76.79606,35.91614],[-76.79421,35.91707],[-76.79437,35.91871],[-76.78866,35.91984],[-76.78881,35.92148],[-76.78696,35.9224],[-76.78495,35.92169],[-76.7831,35.92261],[-76.78326,35.92425],[-76.78141,35.92518],[-76.7794,35.92446],[-76.77754,35.92538],[-76.77554,35.92466],[-76.77538,35.92302],[-76.77337,35.9223],[-76.77152,35.92323],[-76.77167,35.92487],[-76.77368,35.92559],[-76.77384,35.92723],[-76.76813,35.92836],[-76.76828,35.93],[-76.76643,35.93092],[-76.76056,35.93041],[-76.75871,35.93133],[-76.75886,35.93298],[-76.75701,35.9339],[-76.75114,35.93339],[-76.74929,35.93431],[-76.74944,35.93595],[-76.74759,35.93688],[-76.74172,35.93636],[-76.73986,35.93728],[-76.73785,35.93657],[-76.7377,35.93492],[-76.73955,35.934],[-76.7394,35.93236],[-76.74125,35.93143],[-76.74109,35.92979],[-76.73908,35.92907],[-76.73893,35.92743],[-76.73692,35.92671],[-76.73676,35.92507],[-76.74119,35.92521],[-76.74369,35.92397],[-76.74544,35.92099],[-76.74881,35.92174],[-76.75327,35.91992],[-76.76613,35.92121],[-76.76784,35.91979],[-76.77038,35.915],[-76.77212,35.9142],[-76.77446,35.91498],[-76.77265,35.91878],[-76.77336,35.91997],[-76.78478,35.9184],[-76.78763,35.91377],[-76.79205,35.91256],[-76.79244,35.90849],[-76.79444,35.90501],[-76.80147,35.9026],[-76.80719,35.90887],[-76.80717,35.9106],[-76.80532,35.91152],[-76.80548,35.91316],[-76.79977,35.91429],[-76.79992,35.91594],[-76.79807,35.91686],[-76.79606,35.91614]],[[-76.76612,35.92764],[-76.76596,35.926],[-76.76395,35.92528],[-76.76379,35.92364],[-76.76179,35.92292],[-76.75993,35.92384],[-76.76009,35.92548],[-76.75824,35.92641],[-76.75839,35.92805],[-76.76426,35.92856],[-76.76612,35.92764]]]}},{"type":"Feature","properties":{"sqmi":2.45},"geometry":{"type":"Polygon","coordinates":[[[-77.80809,34.3486],[-77.8079,34.347],[-77.80968,34.34609],[-77.80949,34.34449],[-77.80753,34.3438],[-77.80735,34.34221],[-77.80912,34.34129],[-77.80893,34.33969],[-77.80698,34.33901],[-77.8052,34.33992],[-77.80539,34.34152],[-77.80361,34.34244],[-77.80165,34.34175],[-77.80147,34.34015],[-77.80324,34.33924],[-77.80306,34.33764],[-77.80483,34.33673],[-77.80464,34.33513],[-77.80642,34.33421],[-77.80623,34.33261],[-77.80801,34.3317],[-77.80782,34.3301],[-77.80959,34.32919],[-77.80941,34.32759],[-77.81118,34.32667],[-77.81314,34.32736],[-77.81491,34.32644],[-77.81473,34.32484],[-77.8165,34.32393],[-77.8206,34.32689],[-77.82238,34.32598],[-77.82219,34.32438],[-77.82396,34.32346],[-77.82592,34.32415],[-77.82611,34.32574],[-77.82434,34.32666],[-77.82452,34.32826],[-77.82275,34.32917],[-77.82294,34.33077],[-77.82704,34.33374],[-77.82723,34.33533],[-77.83292,34.33579],[-77.83311,34.33738],[-77.83507,34.33807],[-77.83525,34.33967],[-77.83348,34.34058],[-77.83367,34.34218],[-77.83563,34.34286],[-77.83581,34.34446],[-77.83404,34.34538],[-77.83423,34.34698],[-77.83619,34.34766],[-77.83637,34.34926],[-77.83087,34.35041],[-77.83105,34.35201],[-77.82928,34.35292],[-77.82517,34.34996],[-77.8234,34.35087],[-77.82358,34.35247],[-77.82181,34.35339],[-77.81612,34.35293],[-77.81434,34.35385],[-77.81238,34.35317],[-77.8122,34.35157],[-77.81024,34.35088],[-77.81005,34.34928],[-77.80809,34.3486]],[[-77.81059,34.34312],[-77.81052,34.3429],[-77.8104,34.34292],[-77.81059,34.34312]],[[-77.81476,34.33802],[-77.81459,34.33767],[-77.81448,34.33772],[-77.81476,34.33802]]]}},{"type":"Feature","properties":{"sqmi":2.38},"geometry":{"type":"Polygon","coordinates":[[[-81.43023,28.72726],[-81.42942,28.72929],[-81.42739,28.73163],[-81.42807,28.72921],[-81.42664,28.73238],[-81.4231,28.73565],[-81.42103,28.73938],[-81.41841,28.75398],[-81.41626,28.75532],[-81.4154,28.75683],[-81.41538,28.76125],[-81.41426,28.76164],[-81.41377,28.75988],[-81.41195,28.75938],[-81.41147,28.75763],[-81.41281,28.75636],[-81.41232,28.75461],[-81.41366,28.75334],[-81.41318,28.75159],[-81.41451,28.75033],[-81.41403,28.74857],[-81.41537,28.74731],[-81.41488,28.74555],[-81.40991,28.74582],[-81.40942,28.74406],[-81.4076,28.74357],[-81.40712,28.74181],[-81.403,28.73906],[-81.40252,28.73731],[-81.40385,28.73604],[-81.40337,28.73429],[-81.40471,28.73303],[-81.40652,28.73352],[-81.40786,28.73226],[-81.40738,28.7305],[-81.40556,28.73001],[-81.40508,28.72825],[-81.40641,28.72699],[-81.40593,28.72523],[-81.40095,28.7255],[-81.40047,28.72374],[-81.40181,28.72248],[-81.40132,28.72073],[-81.40266,28.71946],[-81.40218,28.71771],[-81.40351,28.71644],[-81.40763,28.71919],[-81.40897,28.71793],[-81.41079,28.71842],[-81.41127,28.72018],[-81.41309,28.72067],[-81.41358,28.72243],[-81.41855,28.72216],[-81.41904,28.72391],[-81.42086,28.72441],[-81.42219,28.72315],[-81.42171,28.72139],[-81.42305,28.72013],[-81.42487,28.72062],[-81.42535,28.72238],[-81.42717,28.72287],[-81.42765,28.72463],[-81.42947,28.72512],[-81.42991,28.7267],[-81.42862,28.72762],[-81.43023,28.72726]]]}},{"type":"Feature","properties":{"sqmi":2.36},"geometry":{"type":"Polygon","coordinates":[[[-81.5351,30.49056],[-81.53559,30.49232],[-81.53745,30.49283],[-81.53794,30.49459],[-81.53658,30.49584],[-81.53473,30.49532],[-81.53424,30.49356],[-81.53238,30.49305],[-81.53189,30.49129],[-81.52682,30.49151],[-81.52633,30.48975],[-81.52448,30.48923],[-81.52398,30.48747],[-81.52213,30.48696],[-81.52164,30.4852],[-81.51979,30.48469],[-81.51929,30.48293],[-81.51744,30.48241],[-81.51695,30.48065],[-81.51509,30.48014],[-81.5146,30.47838],[-81.51275,30.47787],[-81.51226,30.47611],[-81.5104,30.47559],[-81.50991,30.47383],[-81.50806,30.47332],[-81.50757,30.47156],[-81.50571,30.47105],[-81.50522,30.46929],[-81.50337,30.46877],[-81.50288,30.46701],[-81.50102,30.4665],[-81.50053,30.46474],[-81.49634,30.46195],[-81.49584,30.4602],[-81.4972,30.45895],[-81.49671,30.45719],[-81.49486,30.45668],[-81.49436,30.45492],[-81.49233,30.45376],[-81.49364,30.45147],[-81.49523,30.45192],[-81.49659,30.45067],[-81.49844,30.45118],[-81.4998,30.44994],[-81.50165,30.45045],[-81.50301,30.44921],[-81.50251,30.44745],[-81.50387,30.4462],[-81.50807,30.44899],[-81.50943,30.44775],[-81.51128,30.44826],[-81.51177,30.45002],[-81.51041,30.45126],[-81.5109,30.45302],[-81.50955,30.45427],[-81.51004,30.45603],[-81.50868,30.45727],[-81.50917,30.45903],[-81.50782,30.46028],[-81.50831,30.46204],[-81.51016,30.46255],[-81.51152,30.4613],[-81.51103,30.45955],[-81.51238,30.4583],[-81.51424,30.45881],[-81.51473,30.46057],[-81.51337,30.46182],[-81.51386,30.46358],[-81.51251,30.46482],[-81.513,30.46658],[-81.51806,30.46636],[-81.51856,30.46812],[-81.52041,30.46864],[-81.5209,30.4704],[-81.51954,30.47164],[-81.52004,30.4734],[-81.52189,30.47391],[-81.52238,30.47567],[-81.52102,30.47692],[-81.52152,30.47868],[-81.52016,30.47992],[-81.52065,30.48168],[-81.5225,30.4822],[-81.52386,30.48095],[-81.52337,30.47919],[-81.52473,30.47795],[-81.52658,30.47846],[-81.52707,30.48022],[-81.52571,30.48147],[-81.52621,30.48322],[-81.53127,30.48301],[-81.53177,30.48477],[-81.53362,30.48528],[-81.53498,30.48404],[-81.53683,30.48455],[-81.53819,30.4833],[-81.54004,30.48382],[-81.54054,30.48558],[-81.53918,30.48682],[-81.53967,30.48858],[-81.53831,30.48983],[-81.53646,30.48931],[-81.5351,30.49056]],[[-81.5051,30.46277],[-81.50374,30.46401],[-81.50423,30.46577],[-81.50609,30.46628],[-81.50744,30.46504],[-81.50695,30.46328],[-81.5051,30.46277]]]}},{"type":"Feature","properties":{"sqmi":2.35},"geometry":{"type":"Polygon","coordinates":[[[-81.1162,29.39436],[-81.11802,29.39487],[-81.11937,29.39362],[-81.11889,29.39186],[-81.11706,29.39136],[-81.11658,29.3896],[-81.11246,29.38683],[-81.11198,29.38508],[-81.11332,29.38383],[-81.11284,29.38207],[-81.10872,29.37931],[-81.10834,29.37746],[-81.11146,29.377],[-81.11189,29.37856],[-81.11371,29.37907],[-81.11486,29.37711],[-81.11639,29.37676],[-81.11275,29.37556],[-81.11227,29.3738],[-81.11045,29.3733],[-81.10997,29.37154],[-81.11131,29.37029],[-81.11313,29.3708],[-81.11361,29.37255],[-81.11543,29.37306],[-81.11678,29.37181],[-81.1163,29.37005],[-81.11764,29.3688],[-81.12176,29.37157],[-81.1231,29.37032],[-81.12492,29.37082],[-81.1254,29.37258],[-81.12723,29.37308],[-81.12771,29.37484],[-81.12636,29.37609],[-81.12684,29.37785],[-81.13097,29.38061],[-81.13145,29.38237],[-81.1301,29.38362],[-81.13058,29.38537],[-81.12924,29.38662],[-81.12972,29.38838],[-81.13154,29.38888],[-81.13202,29.39064],[-81.13068,29.39189],[-81.13116,29.39365],[-81.13529,29.39641],[-81.13577,29.39817],[-81.13126,29.40016],[-81.13174,29.40192],[-81.13356,29.40242],[-81.13404,29.40418],[-81.1327,29.40543],[-81.13088,29.40492],[-81.12953,29.40617],[-81.13001,29.40793],[-81.12867,29.40918],[-81.12685,29.40867],[-81.12637,29.40692],[-81.12771,29.40567],[-81.12723,29.40391],[-81.12541,29.40341],[-81.1209,29.4054],[-81.11908,29.4049],[-81.1186,29.40314],[-81.11679,29.40264],[-81.11662,29.40108],[-81.11535,29.40146],[-81.11472,29.40059],[-81.1163,29.40088],[-81.11764,29.39963],[-81.11716,29.39787],[-81.11534,29.39737],[-81.11486,29.39561],[-81.11304,29.39511],[-81.11256,29.39335],[-81.1139,29.3921],[-81.11572,29.39261],[-81.1162,29.39436]],[[-81.12663,29.39163],[-81.12595,29.39094],[-81.12631,29.39235],[-81.12663,29.39163]]]}},{"type":"Feature","properties":{"sqmi":2.32},"geometry":{"type":"Polygon","coordinates":[[[-79.42663,33.23132],[-79.42844,33.22973],[-79.42392,33.22798],[-79.42185,33.22576],[-79.42192,33.22291],[-79.42683,33.22284],[-79.42821,33.22167],[-79.42546,33.21762],[-79.42683,33.21645],[-79.43096,33.21933],[-79.43234,33.21816],[-79.43418,33.21872],[-79.43556,33.21755],[-79.4351,33.21582],[-79.43618,33.2149],[-79.44061,33.21752],[-79.44198,33.21635],[-79.4417,33.21528],[-79.44626,33.21455],[-79.44888,33.21488],[-79.44824,33.21625],[-79.44918,33.21492],[-79.45179,33.21609],[-79.45161,33.21748],[-79.45226,33.21638],[-79.45375,33.2171],[-79.45546,33.21917],[-79.4517,33.22272],[-79.45202,33.22694],[-79.45673,33.2299],[-79.45847,33.22981],[-79.46017,33.22819],[-79.4618,33.22961],[-79.45778,33.23183],[-79.45785,33.23481],[-79.45382,33.23579],[-79.45106,33.23783],[-79.44267,33.23766],[-79.43705,33.23517],[-79.43925,33.23325],[-79.43737,33.23218],[-79.43508,33.23365],[-79.43416,33.23787],[-79.43233,33.2373],[-79.42957,33.23326],[-79.42774,33.23269],[-79.42636,33.23386],[-79.42452,33.23329],[-79.42414,33.23184],[-79.42663,33.23132]]]}},{"type":"Feature","properties":{"sqmi":2.26},"geometry":{"type":"Polygon","coordinates":[[[-77.26718,34.67637],[-77.26701,34.67476],[-77.26881,34.67385],[-77.26864,34.67224],[-77.26667,34.67155],[-77.26651,34.66994],[-77.2683,34.66903],[-77.26813,34.66742],[-77.26617,34.66672],[-77.266,34.66511],[-77.26779,34.6642],[-77.26762,34.66259],[-77.26566,34.6619],[-77.26549,34.66029],[-77.26729,34.65938],[-77.27138,34.66238],[-77.27318,34.66146],[-77.27301,34.65986],[-77.27857,34.65873],[-77.28267,34.66173],[-77.28284,34.66333],[-77.2848,34.66403],[-77.28497,34.66564],[-77.28318,34.66655],[-77.28335,34.66816],[-77.28531,34.66886],[-77.28548,34.67046],[-77.29121,34.67094],[-77.29138,34.67255],[-77.29334,34.67325],[-77.29514,34.67233],[-77.2971,34.67303],[-77.29727,34.67464],[-77.30138,34.67764],[-77.30155,34.67925],[-77.29599,34.68038],[-77.29616,34.68198],[-77.29436,34.6829],[-77.2924,34.6822],[-77.29223,34.68059],[-77.2865,34.68011],[-77.2847,34.68103],[-77.28487,34.68264],[-77.28308,34.68355],[-77.28325,34.68516],[-77.28145,34.68607],[-77.27735,34.68307],[-77.27555,34.68398],[-77.27572,34.68559],[-77.27393,34.6865],[-77.26983,34.6835],[-77.26427,34.68463],[-77.2623,34.68394],[-77.26213,34.68233],[-77.26393,34.68141],[-77.26376,34.67981],[-77.26556,34.67889],[-77.26539,34.67729],[-77.26718,34.67637]]]}},{"type":"Feature","properties":{"sqmi":2.21},"geometry":{"type":"Polygon","coordinates":[[[-78.75446,33.90816],[-78.75425,33.90658],[-78.7486,33.90617],[-78.74839,33.90459],[-78.74643,33.90393],[-78.74622,33.90234],[-78.74426,33.90168],[-78.74405,33.90009],[-78.73993,33.89718],[-78.73971,33.8956],[-78.74145,33.89467],[-78.74124,33.89309],[-78.74298,33.89217],[-78.74276,33.89058],[-78.7445,33.88966],[-78.75015,33.89007],[-78.75189,33.88915],[-78.75167,33.88756],[-78.74972,33.8869],[-78.7495,33.88532],[-78.75124,33.88439],[-78.75537,33.88731],[-78.7608,33.88613],[-78.76058,33.88454],[-78.76232,33.88362],[-78.76211,33.88204],[-78.76385,33.88112],[-78.76797,33.88403],[-78.76971,33.8831],[-78.77166,33.88377],[-78.77188,33.88535],[-78.76644,33.88653],[-78.76666,33.88812],[-78.76861,33.88878],[-78.77035,33.88786],[-78.776,33.88826],[-78.77621,33.88985],[-78.77817,33.89051],[-78.77838,33.89209],[-78.77295,33.89327],[-78.77317,33.89486],[-78.77143,33.89578],[-78.77164,33.89736],[-78.7699,33.89829],[-78.77012,33.89987],[-78.76838,33.90079],[-78.7686,33.90238],[-78.76316,33.90356],[-78.76338,33.90514],[-78.76164,33.90606],[-78.75968,33.9054],[-78.75794,33.90632],[-78.75816,33.90791],[-78.75642,33.90883],[-78.75446,33.90816]]]}},{"type":"Feature","properties":{"sqmi":2.15},"geometry":{"type":"Polygon","coordinates":[[[-81.74011,30.78582],[-81.73874,30.78706],[-81.73688,30.78655],[-81.73552,30.78779],[-81.73365,30.78728],[-81.73315,30.78552],[-81.72892,30.78273],[-81.72756,30.78397],[-81.72806,30.78573],[-81.72992,30.78625],[-81.73042,30.78801],[-81.72906,30.78925],[-81.72397,30.78947],[-81.72347,30.78771],[-81.72483,30.78646],[-81.72433,30.7847],[-81.7257,30.78346],[-81.7252,30.78169],[-81.72656,30.78045],[-81.72842,30.78096],[-81.72979,30.77972],[-81.72929,30.77796],[-81.7242,30.77817],[-81.7237,30.77641],[-81.71947,30.77362],[-81.71897,30.77186],[-81.72034,30.77062],[-81.7222,30.77113],[-81.72356,30.76989],[-81.72306,30.76813],[-81.72443,30.76688],[-81.72393,30.76512],[-81.7197,30.76233],[-81.7192,30.76057],[-81.72057,30.75932],[-81.72007,30.75756],[-81.72143,30.75632],[-81.72093,30.75456],[-81.71907,30.75404],[-81.71857,30.75228],[-81.71993,30.75103],[-81.72416,30.75383],[-81.72552,30.75258],[-81.72738,30.75309],[-81.72788,30.75486],[-81.72652,30.7561],[-81.72702,30.75786],[-81.72888,30.75838],[-81.72938,30.76014],[-81.73447,30.75992],[-81.73497,30.76168],[-81.73684,30.7622],[-81.7382,30.76095],[-81.74006,30.76147],[-81.74043,30.76277],[-81.7392,30.76447],[-81.7397,30.76623],[-81.73834,30.76748],[-81.73884,30.76924],[-81.7407,30.76976],[-81.7412,30.77152],[-81.73984,30.77276],[-81.74034,30.77452],[-81.7422,30.77504],[-81.7427,30.7768],[-81.74134,30.77804],[-81.74184,30.7798],[-81.7437,30.78032],[-81.7442,30.78208],[-81.74284,30.78333],[-81.74334,30.78509],[-81.7452,30.7856],[-81.7457,30.78736],[-81.74434,30.78861],[-81.74247,30.78809],[-81.74197,30.78633],[-81.74011,30.78582]],[[-81.72693,30.77568],[-81.72829,30.77444],[-81.72779,30.77268],[-81.72593,30.77216],[-81.72456,30.77341],[-81.72506,30.77517],[-81.72693,30.77568]]]}},{"type":"Feature","properties":{"sqmi":1.95},"geometry":{"type":"Polygon","coordinates":[[[-76.5207,35.83155],[-76.5227,35.83228],[-76.52285,35.83392],[-76.51714,35.83503],[-76.51729,35.83667],[-76.51929,35.83739],[-76.51944,35.83903],[-76.51759,35.83995],[-76.51774,35.84159],[-76.51588,35.84251],[-76.51002,35.84199],[-76.50817,35.8429],[-76.50617,35.84218],[-76.50431,35.8431],[-76.50231,35.84238],[-76.50046,35.8433],[-76.49846,35.84257],[-76.4966,35.84349],[-76.4946,35.84277],[-76.49445,35.84113],[-76.49245,35.84041],[-76.48674,35.84152],[-76.48474,35.8408],[-76.48459,35.83916],[-76.48645,35.83824],[-76.48845,35.83896],[-76.4903,35.83805],[-76.49016,35.8364],[-76.49201,35.83549],[-76.49186,35.83385],[-76.48601,35.83332],[-76.48586,35.83168],[-76.48771,35.83076],[-76.48757,35.82912],[-76.49328,35.82801],[-76.49313,35.82637],[-76.49498,35.82545],[-76.49698,35.82617],[-76.49884,35.82525],[-76.50469,35.82578],[-76.50655,35.82486],[-76.5064,35.82322],[-76.50825,35.8223],[-76.51025,35.82302],[-76.5104,35.82466],[-76.5124,35.82539],[-76.51255,35.82703],[-76.5184,35.82755],[-76.51855,35.82919],[-76.52055,35.82991],[-76.5207,35.83155]]]}},{"type":"Feature","properties":{"sqmi":1.9},"geometry":{"type":"Polygon","coordinates":[[[-78.45227,34.00815],[-78.45423,34.00882],[-78.45443,34.01041],[-78.45268,34.01132],[-78.45073,34.01066],[-78.44898,34.01157],[-78.44486,34.00865],[-78.44311,34.00957],[-78.44332,34.01115],[-78.44527,34.01182],[-78.44548,34.01341],[-78.45114,34.01383],[-78.45134,34.01542],[-78.44589,34.01659],[-78.44609,34.01818],[-78.44434,34.0191],[-78.44455,34.02069],[-78.44866,34.02361],[-78.44887,34.0252],[-78.45083,34.02587],[-78.45103,34.02746],[-78.45669,34.02788],[-78.4569,34.02947],[-78.45515,34.03039],[-78.44949,34.02997],[-78.44774,34.03089],[-78.44578,34.03022],[-78.44403,34.03114],[-78.44424,34.03273],[-78.44249,34.03365],[-78.44269,34.03524],[-78.44465,34.03591],[-78.44485,34.03749],[-78.43939,34.03866],[-78.4396,34.04025],[-78.43785,34.04117],[-78.43219,34.04075],[-78.43044,34.04167],[-78.42848,34.041],[-78.42827,34.03941],[-78.43003,34.03849],[-78.42982,34.0369],[-78.43157,34.03598],[-78.43137,34.03439],[-78.43682,34.03323],[-78.43662,34.03164],[-78.43466,34.03097],[-78.43446,34.02938],[-78.43621,34.02846],[-78.436,34.02687],[-78.43405,34.0262],[-78.4323,34.02712],[-78.43034,34.02645],[-78.43014,34.02486],[-78.43189,34.02394],[-78.43384,34.02461],[-78.43559,34.02369],[-78.43539,34.0221],[-78.43714,34.02118],[-78.43693,34.0196],[-78.43498,34.01893],[-78.43477,34.01734],[-78.43652,34.01642],[-78.43632,34.01483],[-78.43436,34.01416],[-78.43416,34.01257],[-78.4285,34.01215],[-78.42675,34.01307],[-78.4248,34.0124],[-78.42459,34.01081],[-78.42634,34.00989],[-78.42614,34.0083],[-78.43159,34.00714],[-78.4357,34.01006],[-78.43745,34.00914],[-78.43941,34.00981],[-78.44116,34.0089],[-78.44095,34.00731],[-78.4427,34.00639],[-78.44466,34.00706],[-78.44641,34.00614],[-78.45207,34.00656],[-78.45227,34.00815]]]}},{"type":"Feature","properties":{"sqmi":1.89},"geometry":{"type":"Polygon","coordinates":[[[-79.38224,33.27764],[-79.38362,33.27647],[-79.38317,33.27473],[-79.38454,33.27356],[-79.38959,33.27353],[-79.39005,33.27527],[-79.38867,33.27644],[-79.38913,33.27817],[-79.39096,33.27874],[-79.39142,33.28048],[-79.39004,33.28165],[-79.3905,33.28338],[-79.38912,33.28455],[-79.38729,33.28398],[-79.38269,33.28575],[-79.38315,33.28749],[-79.38177,33.28865],[-79.38223,33.29039],[-79.38406,33.29096],[-79.38452,33.29269],[-79.38314,33.29386],[-79.3836,33.2956],[-79.38222,33.29677],[-79.37809,33.29389],[-79.3735,33.29566],[-79.37625,33.2997],[-79.37487,33.30087],[-79.37533,33.3026],[-79.37945,33.30548],[-79.37991,33.30721],[-79.38175,33.30778],[-79.38312,33.30662],[-79.38267,33.30488],[-79.38405,33.30371],[-79.38359,33.30198],[-79.38497,33.30081],[-79.38451,33.29907],[-79.3891,33.2973],[-79.39094,33.29787],[-79.3914,33.29961],[-79.39002,33.30078],[-79.39048,33.30251],[-79.3891,33.30368],[-79.38955,33.30542],[-79.3946,33.30539],[-79.39506,33.30712],[-79.39047,33.30889],[-79.38634,33.30602],[-79.38496,33.30718],[-79.38542,33.30892],[-79.38404,33.31009],[-79.38449,33.31182],[-79.3799,33.31359],[-79.37807,33.31302],[-79.37761,33.31129],[-79.37899,33.31012],[-79.37853,33.30838],[-79.3767,33.30781],[-79.37532,33.30898],[-79.37577,33.31072],[-79.37439,33.31188],[-79.37256,33.31132],[-79.3721,33.30958],[-79.36705,33.30961],[-79.3666,33.30787],[-79.36798,33.3067],[-79.36752,33.30497],[-79.36339,33.30209],[-79.36201,33.30326],[-79.36247,33.305],[-79.36109,33.30616],[-79.36155,33.3079],[-79.36017,33.30907],[-79.35833,33.3085],[-79.35788,33.30676],[-79.35926,33.3056],[-79.3588,33.30386],[-79.36018,33.30269],[-79.35972,33.30096],[-79.3611,33.29979],[-79.36615,33.29976],[-79.36661,33.3015],[-79.36844,33.30206],[-79.36982,33.3009],[-79.36707,33.29686],[-79.36845,33.29569],[-79.37029,33.29626],[-79.37166,33.29509],[-79.37121,33.29335],[-79.37259,33.29219],[-79.37442,33.29276],[-79.3758,33.29159],[-79.37534,33.28985],[-79.37672,33.28868],[-79.37627,33.28695],[-79.37764,33.28578],[-79.37719,33.28404],[-79.37857,33.28288],[-79.37582,33.27883],[-79.38041,33.27707],[-79.38224,33.27764]]]}},{"type":"Feature","properties":{"sqmi":1.84},"geometry":{"type":"Polygon","coordinates":[[[-77.29752,34.89188],[-77.29932,34.89096],[-77.30507,34.89144],[-77.30525,34.89306],[-77.30344,34.89397],[-77.30361,34.89559],[-77.30937,34.89607],[-77.30954,34.89768],[-77.30396,34.89882],[-77.30413,34.90043],[-77.30232,34.90135],[-77.30249,34.90296],[-77.30069,34.90388],[-77.30086,34.90549],[-77.29906,34.90641],[-77.29923,34.90803],[-77.29742,34.90894],[-77.2976,34.91056],[-77.29579,34.91147],[-77.29596,34.91309],[-77.29794,34.91379],[-77.29811,34.9154],[-77.2963,34.91632],[-77.29433,34.91562],[-77.29416,34.914],[-77.29218,34.91331],[-77.29201,34.91169],[-77.29382,34.91077],[-77.29364,34.90916],[-77.29167,34.90846],[-77.28609,34.9096],[-77.28626,34.91121],[-77.28445,34.91213],[-77.28462,34.91374],[-77.2866,34.91444],[-77.28677,34.91606],[-77.28496,34.91697],[-77.28299,34.91627],[-77.28282,34.91466],[-77.28084,34.91396],[-77.27526,34.91509],[-77.27328,34.91439],[-77.27311,34.91278],[-77.27492,34.91186],[-77.27475,34.91025],[-77.27655,34.90933],[-77.27638,34.90772],[-77.27441,34.90702],[-77.2726,34.90794],[-77.27063,34.90724],[-77.27046,34.90562],[-77.27226,34.90471],[-77.27209,34.90309],[-77.2739,34.90217],[-77.27373,34.90056],[-77.27553,34.89964],[-77.27536,34.89803],[-77.27716,34.89711],[-77.27914,34.89781],[-77.27931,34.89943],[-77.28128,34.90012],[-77.28309,34.89921],[-77.28292,34.89759],[-77.28472,34.89668],[-77.2867,34.89738],[-77.28687,34.89899],[-77.28884,34.89969],[-77.29064,34.89877],[-77.29047,34.89716],[-77.2885,34.89646],[-77.28833,34.89485],[-77.29013,34.89393],[-77.29211,34.89463],[-77.29391,34.89371],[-77.29374,34.8921],[-77.29554,34.89118],[-77.29752,34.89188]],[[-77.29279,34.90109],[-77.29477,34.90178],[-77.30035,34.90065],[-77.30018,34.89904],[-77.2982,34.89834],[-77.29262,34.89947],[-77.29279,34.90109]],[[-77.29494,34.9034],[-77.29313,34.90432],[-77.2933,34.90593],[-77.29528,34.90663],[-77.29708,34.90571],[-77.29691,34.9041],[-77.29494,34.9034]]]}},{"type":"Feature","properties":{"sqmi":1.84},"geometry":{"type":"Polygon","coordinates":[[[-80.58634,32.65389],[-80.58448,32.65334],[-80.584,32.65159],[-80.58538,32.65039],[-80.5849,32.64864],[-80.58628,32.64744],[-80.5858,32.64569],[-80.58718,32.64449],[-80.58669,32.64275],[-80.58807,32.64155],[-80.58759,32.6398],[-80.58897,32.6386],[-80.59083,32.63915],[-80.59221,32.63795],[-80.59408,32.63849],[-80.59546,32.63729],[-80.59966,32.64014],[-80.60014,32.64189],[-80.59876,32.64309],[-80.5969,32.64254],[-80.59552,32.64374],[-80.596,32.64549],[-80.59787,32.64604],[-80.59835,32.64779],[-80.59697,32.64899],[-80.59745,32.65073],[-80.59931,32.65128],[-80.60069,32.65008],[-80.60255,32.65063],[-80.60393,32.64943],[-80.6058,32.64998],[-80.60718,32.64878],[-80.60904,32.64933],[-80.60952,32.65108],[-80.61138,32.65162],[-80.61187,32.65337],[-80.61373,32.65392],[-80.61421,32.65567],[-80.61283,32.65687],[-80.61331,32.65862],[-80.61842,32.65851],[-80.6189,32.66026],[-80.61752,32.66146],[-80.61566,32.66091],[-80.61428,32.66212],[-80.61476,32.66386],[-80.61338,32.66506],[-80.61386,32.66681],[-80.61248,32.66801],[-80.60828,32.66517],[-80.6069,32.66637],[-80.60738,32.66812],[-80.606,32.66932],[-80.60648,32.67106],[-80.6051,32.67226],[-80.60324,32.67172],[-80.60186,32.67292],[-80.59999,32.67237],[-80.59951,32.67062],[-80.59765,32.67007],[-80.59717,32.66832],[-80.59855,32.66712],[-80.59807,32.66537],[-80.59945,32.66417],[-80.59896,32.66242],[-80.60034,32.66122],[-80.59986,32.65948],[-80.598,32.65893],[-80.59752,32.65718],[-80.5989,32.65598],[-80.59841,32.65423],[-80.59655,32.65368],[-80.59517,32.65488],[-80.59331,32.65433],[-80.59283,32.65259],[-80.58772,32.65269],[-80.58634,32.65389]],[[-80.61097,32.65632],[-80.61049,32.65457],[-80.60862,32.65402],[-80.60724,32.65522],[-80.60538,32.65468],[-80.604,32.65588],[-80.60448,32.65762],[-80.60635,32.65817],[-80.60773,32.65697],[-80.60959,32.65752],[-80.61097,32.65632]]]}},{"type":"Feature","properties":{"sqmi":1.81},"geometry":{"type":"Polygon","coordinates":[[[-77.3238,34.96024],[-77.32578,34.96094],[-77.32595,34.96256],[-77.32414,34.96348],[-77.32431,34.96509],[-77.32251,34.96601],[-77.32268,34.96763],[-77.32466,34.96832],[-77.32483,34.96994],[-77.32681,34.97064],[-77.32862,34.96972],[-77.33059,34.97042],[-77.33077,34.97204],[-77.32896,34.97295],[-77.32913,34.97457],[-77.32733,34.97549],[-77.3275,34.97711],[-77.32948,34.9778],[-77.32965,34.97942],[-77.32784,34.98034],[-77.32586,34.97964],[-77.32406,34.98056],[-77.32208,34.97986],[-77.32191,34.97824],[-77.31993,34.97754],[-77.31812,34.97846],[-77.31614,34.97776],[-77.31597,34.97615],[-77.31021,34.97567],[-77.31004,34.97405],[-77.31184,34.97313],[-77.31167,34.97152],[-77.31348,34.9706],[-77.31331,34.96898],[-77.31133,34.96828],[-77.30952,34.9692],[-77.30754,34.9685],[-77.30737,34.96689],[-77.30918,34.96597],[-77.30901,34.96435],[-77.31081,34.96343],[-77.31064,34.96182],[-77.31245,34.9609],[-77.31443,34.9616],[-77.31623,34.96068],[-77.31606,34.95906],[-77.31787,34.95815],[-77.31769,34.95653],[-77.31193,34.95605],[-77.31176,34.95444],[-77.31357,34.95352],[-77.3134,34.9519],[-77.3152,34.95098],[-77.31718,34.95168],[-77.31735,34.9533],[-77.31933,34.954],[-77.32113,34.95308],[-77.32096,34.95146],[-77.31898,34.95077],[-77.31881,34.94915],[-77.31683,34.94845],[-77.31503,34.94937],[-77.31305,34.94867],[-77.31288,34.94705],[-77.31469,34.94614],[-77.32044,34.94662],[-77.32062,34.94823],[-77.32259,34.94893],[-77.32277,34.95055],[-77.32474,34.95124],[-77.32655,34.95033],[-77.32638,34.94871],[-77.32818,34.94779],[-77.32801,34.94618],[-77.32603,34.94548],[-77.32423,34.9464],[-77.32225,34.9457],[-77.32208,34.94408],[-77.32388,34.94317],[-77.32371,34.94155],[-77.32552,34.94063],[-77.33127,34.94111],[-77.33145,34.94273],[-77.32964,34.94364],[-77.32981,34.94526],[-77.33179,34.94596],[-77.33196,34.94757],[-77.33016,34.94849],[-77.33033,34.95011],[-77.33231,34.95081],[-77.33248,34.95242],[-77.33068,34.95334],[-77.32492,34.95286],[-77.32311,34.95378],[-77.32328,34.95539],[-77.32526,34.95609],[-77.32543,34.95771],[-77.32363,34.95863],[-77.3238,34.96024]]]}},{"type":"Feature","properties":{"sqmi":1.8},"geometry":{"type":"Polygon","coordinates":[[[-75.9358,35.85257],[-75.93567,35.85093],[-75.93368,35.85019],[-75.93181,35.8511],[-75.93194,35.85275],[-75.93007,35.85366],[-75.92808,35.85292],[-75.92622,35.85383],[-75.92634,35.85547],[-75.92062,35.85656],[-75.91863,35.85583],[-75.9185,35.85419],[-75.92036,35.85328],[-75.92024,35.85164],[-75.9221,35.85073],[-75.92197,35.84909],[-75.91998,35.84835],[-75.91812,35.84926],[-75.91824,35.85091],[-75.91638,35.85182],[-75.91438,35.85108],[-75.91252,35.85199],[-75.91053,35.85126],[-75.9104,35.84962],[-75.91226,35.84871],[-75.91214,35.84707],[-75.914,35.84616],[-75.91387,35.84452],[-75.9196,35.84343],[-75.91947,35.84179],[-75.91748,35.84106],[-75.91735,35.83942],[-75.91921,35.83851],[-75.91909,35.83691],[-75.92779,35.83915],[-75.92924,35.83687],[-75.93458,35.83511],[-75.94224,35.83576],[-75.94474,35.83774],[-75.94385,35.84107],[-75.94486,35.84474],[-75.93914,35.84582],[-75.93927,35.84747],[-75.94126,35.8482],[-75.94139,35.84984],[-75.93953,35.85075],[-75.93966,35.85239],[-75.93779,35.8533],[-75.93792,35.85494],[-75.93991,35.85567],[-75.94004,35.85731],[-75.93818,35.85822],[-75.9383,35.85987],[-75.93644,35.86078],[-75.93445,35.86004],[-75.93432,35.8584],[-75.93618,35.85749],[-75.93605,35.85585],[-75.93406,35.85512],[-75.93393,35.85348],[-75.9358,35.85257]]]}},{"type":"Feature","properties":{"sqmi":1.79},"geometry":{"type":"Polygon","coordinates":[[[-79.15225,33.39572],[-79.15408,33.39629],[-79.15546,33.39513],[-79.15729,33.3957],[-79.15774,33.39744],[-79.16186,33.40032],[-79.16231,33.40205],[-79.16414,33.40262],[-79.16459,33.40436],[-79.16,33.40611],[-79.16046,33.40784],[-79.15908,33.409],[-79.15953,33.41074],[-79.15815,33.4119],[-79.1586,33.41363],[-79.15723,33.4148],[-79.15768,33.41653],[-79.1563,33.41769],[-79.15903,33.42173],[-79.15766,33.42289],[-79.15582,33.42232],[-79.15537,33.42059],[-79.15033,33.4206],[-79.14988,33.41887],[-79.14577,33.41599],[-79.14532,33.41426],[-79.1467,33.4131],[-79.14624,33.41136],[-79.14441,33.41079],[-79.14396,33.40905],[-79.13892,33.40907],[-79.13847,33.40734],[-79.13985,33.40618],[-79.1394,33.40444],[-79.13762,33.40388],[-79.13984,33.39979],[-79.13921,33.39693],[-79.14128,33.39229],[-79.14539,33.39517],[-79.14677,33.394],[-79.14631,33.39227],[-79.14769,33.39111],[-79.1518,33.39399],[-79.15225,33.39572]],[[-79.1417,33.3962],[-79.14164,33.39391],[-79.14134,33.39397],[-79.14044,33.39723],[-79.1417,33.3962]],[[-79.14336,33.40064],[-79.1423,33.39847],[-79.14183,33.39856],[-79.14153,33.40048],[-79.14336,33.40064]],[[-79.15016,33.41054],[-79.1518,33.40994],[-79.14636,33.40884],[-79.15016,33.41054]]]}},{"type":"Feature","properties":{"sqmi":1.77},"geometry":{"type":"Polygon","coordinates":[[[-76.72912,35.80343],[-76.72897,35.80179],[-76.72697,35.80107],[-76.72681,35.79944],[-76.72481,35.79872],[-76.72296,35.79964],[-76.72311,35.80128],[-76.72127,35.8022],[-76.71926,35.80148],[-76.71911,35.79984],[-76.7171,35.79912],[-76.71695,35.79748],[-76.7188,35.79656],[-76.71864,35.79492],[-76.72049,35.794],[-76.72249,35.79472],[-76.72819,35.7936],[-76.72804,35.79196],[-76.72604,35.79124],[-76.72588,35.7896],[-76.72773,35.78868],[-76.72757,35.78704],[-76.72942,35.78612],[-76.72927,35.78448],[-76.72726,35.78376],[-76.72711,35.78212],[-76.72896,35.7812],[-76.7288,35.77956],[-76.7268,35.77885],[-76.72664,35.77721],[-76.72464,35.77649],[-76.72449,35.77485],[-76.72633,35.77393],[-76.72618,35.77229],[-76.73188,35.77117],[-76.73172,35.76953],[-76.73357,35.76861],[-76.73341,35.76697],[-76.73911,35.76585],[-76.74111,35.76656],[-76.74127,35.7682],[-76.74327,35.76892],[-76.74512,35.768],[-76.74712,35.76871],[-76.74727,35.77035],[-76.74928,35.77107],[-76.74943,35.77271],[-76.74759,35.77363],[-76.74173,35.77312],[-76.73989,35.77404],[-76.74004,35.77568],[-76.73819,35.7766],[-76.73835,35.77824],[-76.7365,35.77916],[-76.73666,35.7808],[-76.73866,35.78151],[-76.73882,35.78315],[-76.73697,35.78407],[-76.73712,35.78571],[-76.73528,35.78663],[-76.73543,35.78827],[-76.73358,35.78919],[-76.73374,35.79083],[-76.73574,35.79155],[-76.7359,35.79319],[-76.73405,35.79411],[-76.7342,35.79575],[-76.73236,35.79667],[-76.73251,35.79831],[-76.73451,35.79903],[-76.73467,35.80067],[-76.73667,35.80139],[-76.73683,35.80303],[-76.74268,35.80354],[-76.74284,35.80518],[-76.74099,35.8061],[-76.74115,35.80774],[-76.7393,35.80866],[-76.73729,35.80794],[-76.73714,35.8063],[-76.73513,35.80559],[-76.73498,35.80395],[-76.72912,35.80343]]]}},{"type":"Feature","properties":{"sqmi":1.74},"geometry":{"type":"Polygon","coordinates":[[[-75.60487,35.2332],[-75.60684,35.23393],[-75.60695,35.23555],[-75.60892,35.23628],[-75.61076,35.23539],[-75.61065,35.23376],[-75.61249,35.23286],[-75.61446,35.23359],[-75.61457,35.23522],[-75.61654,35.23595],[-75.61838,35.23505],[-75.61827,35.23343],[-75.62392,35.23236],[-75.62381,35.23074],[-75.62565,35.22984],[-75.62762,35.23057],[-75.62773,35.2322],[-75.6297,35.23293],[-75.62981,35.23455],[-75.62797,35.23545],[-75.62808,35.23707],[-75.62624,35.23797],[-75.62427,35.23724],[-75.62243,35.23814],[-75.62254,35.23976],[-75.62036,35.24082],[-75.62081,35.24228],[-75.61896,35.24318],[-75.61319,35.24262],[-75.61134,35.24351],[-75.61146,35.24514],[-75.60961,35.24603],[-75.60973,35.24766],[-75.60788,35.24856],[-75.60592,35.24783],[-75.6058,35.2462],[-75.60384,35.24547],[-75.60199,35.24637],[-75.6021,35.24799],[-75.60026,35.24889],[-75.59829,35.24816],[-75.59644,35.24906],[-75.59656,35.25068],[-75.59471,35.25158],[-75.59483,35.2532],[-75.59298,35.2541],[-75.59309,35.25572],[-75.59125,35.25662],[-75.58928,35.25589],[-75.58917,35.25426],[-75.5872,35.25353],[-75.58709,35.25191],[-75.59275,35.25085],[-75.59263,35.24922],[-75.59448,35.24833],[-75.59437,35.2467],[-75.5924,35.24597],[-75.59055,35.24687],[-75.59067,35.24849],[-75.58882,35.24939],[-75.58686,35.24866],[-75.58501,35.24955],[-75.58305,35.24882],[-75.58293,35.2472],[-75.58859,35.24614],[-75.58848,35.24451],[-75.58651,35.24378],[-75.5864,35.24216],[-75.58825,35.24126],[-75.58813,35.23963],[-75.58998,35.23874],[-75.58986,35.23711],[-75.59171,35.23622],[-75.59748,35.23678],[-75.59933,35.23589],[-75.60129,35.23661],[-75.60141,35.23824],[-75.60337,35.23897],[-75.60522,35.23807],[-75.60511,35.23645],[-75.60314,35.23572],[-75.60303,35.23409],[-75.60487,35.2332]],[[-75.6096,35.24298],[-75.60949,35.24273],[-75.60895,35.24294],[-75.6096,35.24298]],[[-75.60943,35.24216],[-75.60961,35.24208],[-75.60947,35.2419],[-75.60943,35.24216]],[[-75.6179,35.2384],[-75.61786,35.23813],[-75.6168,35.23846],[-75.6179,35.2384]],[[-75.62588,35.23442],[-75.62611,35.2346],[-75.62649,35.23426],[-75.62588,35.23442]]]}},{"type":"Feature","properties":{"sqmi":1.66},"geometry":{"type":"Polygon","coordinates":[[[-76.45033,35.84584],[-76.45218,35.84492],[-76.45418,35.84564],[-76.45433,35.84728],[-76.45248,35.8482],[-76.45262,35.84984],[-76.45462,35.85056],[-76.45648,35.84965],[-76.45633,35.84801],[-76.45819,35.84709],[-76.45804,35.84545],[-76.4599,35.84453],[-76.4619,35.84525],[-76.46204,35.84689],[-76.46404,35.84762],[-76.46419,35.84926],[-76.46619,35.84998],[-76.46634,35.85162],[-76.46448,35.85254],[-76.46463,35.85418],[-76.46277,35.8551],[-76.46292,35.85674],[-76.46107,35.85766],[-76.46121,35.8593],[-76.45936,35.86022],[-76.4595,35.86186],[-76.4615,35.86258],[-76.46165,35.86422],[-76.45979,35.86514],[-76.45994,35.86678],[-76.46194,35.8675],[-76.46209,35.86915],[-76.46023,35.87006],[-76.46038,35.87171],[-76.45852,35.87262],[-76.45652,35.8719],[-76.45637,35.87026],[-76.45437,35.86954],[-76.44866,35.87065],[-76.44666,35.86992],[-76.44651,35.86828],[-76.44837,35.86737],[-76.45037,35.86809],[-76.45608,35.86698],[-76.45594,35.86533],[-76.45008,35.86481],[-76.44993,35.86316],[-76.44793,35.86244],[-76.44778,35.8608],[-76.44192,35.86027],[-76.44007,35.86119],[-76.43807,35.86047],[-76.43792,35.85882],[-76.43592,35.8581],[-76.43021,35.85921],[-76.42821,35.85849],[-76.42806,35.85685],[-76.43377,35.85574],[-76.43363,35.8541],[-76.42777,35.85357],[-76.42763,35.85192],[-76.42948,35.85101],[-76.43148,35.85173],[-76.43334,35.85081],[-76.43319,35.84917],[-76.43505,35.84825],[-76.44091,35.84878],[-76.44105,35.85043],[-76.43534,35.85154],[-76.43548,35.85318],[-76.43749,35.8539],[-76.43934,35.85298],[-76.4452,35.85351],[-76.44534,35.85515],[-76.44735,35.85588],[-76.44749,35.85752],[-76.44949,35.85824],[-76.45135,35.85732],[-76.4512,35.85568],[-76.45692,35.85457],[-76.45677,35.85293],[-76.45477,35.85221],[-76.44906,35.85332],[-76.44705,35.85259],[-76.44691,35.85095],[-76.44876,35.85004],[-76.44862,35.8484],[-76.45047,35.84748],[-76.45033,35.84584]]]}},{"type":"Feature","properties":{"sqmi":1.59},"geometry":{"type":"Polygon","coordinates":[[[-80.35791,32.53656],[-80.36252,32.53471],[-80.36437,32.53526],[-80.36485,32.53701],[-80.36993,32.53691],[-80.37041,32.53866],[-80.37226,32.53921],[-80.37253,32.54021],[-80.37024,32.54342],[-80.36818,32.5434],[-80.37045,32.54404],[-80.37152,32.54274],[-80.37467,32.54634],[-80.37392,32.54827],[-80.37527,32.55172],[-80.37422,32.55263],[-80.37545,32.55774],[-80.3739,32.55756],[-80.37332,32.55558],[-80.37146,32.55503],[-80.37005,32.55621],[-80.36772,32.55612],[-80.36294,32.55355],[-80.35858,32.55542],[-80.35737,32.55364],[-80.35066,32.55367],[-80.34928,32.55486],[-80.34743,32.55431],[-80.34695,32.55257],[-80.34537,32.5521],[-80.34552,32.54733],[-80.3469,32.54613],[-80.34642,32.54438],[-80.3478,32.54319],[-80.34965,32.54374],[-80.35013,32.54548],[-80.35198,32.54603],[-80.35246,32.54778],[-80.35431,32.54833],[-80.35569,32.54713],[-80.35521,32.54539],[-80.35659,32.54419],[-80.35611,32.54244],[-80.35749,32.54125],[-80.35701,32.5395],[-80.35839,32.5383],[-80.35791,32.53656]]]}},{"type":"Feature","properties":{"sqmi":1.54},"geometry":{"type":"Polygon","coordinates":[[[-79.44791,33.27084],[-79.45251,33.26906],[-79.45205,33.26733],[-79.44792,33.26445],[-79.44746,33.26272],[-79.44884,33.26155],[-79.45297,33.26442],[-79.45343,33.26616],[-79.45848,33.26612],[-79.45894,33.26786],[-79.45756,33.26903],[-79.45802,33.27077],[-79.45664,33.27194],[-79.45481,33.27137],[-79.45343,33.27254],[-79.45388,33.27428],[-79.45251,33.27545],[-79.45067,33.27488],[-79.44929,33.27605],[-79.44975,33.27778],[-79.45158,33.27835],[-79.45296,33.27718],[-79.4548,33.27775],[-79.45526,33.27949],[-79.45388,33.28066],[-79.45434,33.28239],[-79.45296,33.28356],[-79.44791,33.2836],[-79.44515,33.27955],[-79.4401,33.27959],[-79.43964,33.27785],[-79.44102,33.27668],[-79.44056,33.27494],[-79.43872,33.27438],[-79.43735,33.27555],[-79.43321,33.27267],[-79.43184,33.27384],[-79.43229,33.27558],[-79.43642,33.27845],[-79.43688,33.28019],[-79.4355,33.28136],[-79.43367,33.28079],[-79.43229,33.28196],[-79.43275,33.2837],[-79.43137,33.28486],[-79.42953,33.2843],[-79.42907,33.28256],[-79.43045,33.28139],[-79.42999,33.27965],[-79.42586,33.27678],[-79.4254,33.27504],[-79.42678,33.27387],[-79.42633,33.27214],[-79.42449,33.27157],[-79.42403,33.26983],[-79.42541,33.26866],[-79.42266,33.26462],[-79.42404,33.26345],[-79.42587,33.26402],[-79.42863,33.26806],[-79.43368,33.26803],[-79.43506,33.26686],[-79.4346,33.26512],[-79.43276,33.26456],[-79.43001,33.26051],[-79.43139,33.25935],[-79.43552,33.26222],[-79.4369,33.26105],[-79.43873,33.26162],[-79.43919,33.26335],[-79.43781,33.26452],[-79.43827,33.26626],[-79.43689,33.26743],[-79.43735,33.26917],[-79.4424,33.26913],[-79.44516,33.27317],[-79.44699,33.27374],[-79.44837,33.27257],[-79.44791,33.27084]]]}},{"type":"Feature","properties":{"sqmi":1.48},"geometry":{"type":"Polygon","coordinates":[[[-80.26379,32.5471],[-80.26194,32.54655],[-80.26056,32.54774],[-80.26104,32.54949],[-80.25966,32.55068],[-80.25781,32.55013],[-80.25643,32.55133],[-80.25691,32.55307],[-80.25876,32.55362],[-80.26013,32.55243],[-80.26198,32.55298],[-80.26246,32.55472],[-80.26108,32.55592],[-80.26156,32.55767],[-80.26018,32.55886],[-80.25833,32.55831],[-80.25373,32.56015],[-80.24955,32.5573],[-80.24908,32.55555],[-80.25046,32.55436],[-80.25463,32.55721],[-80.25601,32.55601],[-80.25553,32.55427],[-80.25357,32.5533],[-80.25321,32.55197],[-80.25458,32.55077],[-80.25411,32.54903],[-80.25226,32.54848],[-80.25089,32.54967],[-80.25136,32.55142],[-80.25038,32.55227],[-80.24838,32.55075],[-80.24813,32.55206],[-80.24766,32.55032],[-80.24581,32.54976],[-80.24443,32.55096],[-80.24491,32.5527],[-80.24353,32.5539],[-80.23936,32.55105],[-80.23798,32.55225],[-80.23291,32.55234],[-80.23153,32.55353],[-80.23201,32.55528],[-80.23063,32.55647],[-80.22878,32.55592],[-80.22741,32.55711],[-80.22556,32.55656],[-80.22508,32.55482],[-80.22646,32.55362],[-80.22603,32.55204],[-80.22792,32.55087],[-80.22921,32.55123],[-80.23059,32.55004],[-80.23244,32.55059],[-80.23381,32.5494],[-80.23566,32.54995],[-80.23704,32.54875],[-80.23889,32.54931],[-80.24026,32.54811],[-80.23979,32.54637],[-80.24116,32.54517],[-80.24624,32.54508],[-80.24762,32.54388],[-80.24714,32.54214],[-80.24852,32.54094],[-80.25037,32.54149],[-80.25497,32.53966],[-80.25682,32.54021],[-80.25819,32.53901],[-80.25793,32.53708],[-80.2608,32.53688],[-80.26232,32.53543],[-80.26417,32.53598],[-80.26555,32.53478],[-80.2674,32.53533],[-80.26787,32.53708],[-80.26649,32.53827],[-80.26697,32.54002],[-80.26559,32.54121],[-80.26607,32.54296],[-80.26469,32.54416],[-80.26516,32.5459],[-80.26379,32.5471]]]}},{"type":"Feature","properties":{"sqmi":1.48},"geometry":{"type":"Polygon","coordinates":[[[-81.72063,31.03183],[-81.71927,31.03307],[-81.71977,31.03483],[-81.72164,31.03535],[-81.72214,31.03711],[-81.72077,31.03835],[-81.7189,31.03783],[-81.71753,31.03908],[-81.7133,31.03628],[-81.71193,31.03752],[-81.71006,31.037],[-81.7087,31.03824],[-81.70446,31.03545],[-81.70309,31.03669],[-81.70123,31.03617],[-81.69986,31.03741],[-81.69799,31.03689],[-81.69749,31.03513],[-81.69239,31.03534],[-81.69221,31.0342],[-81.69272,31.03331],[-81.69263,31.03304],[-81.69208,31.03424],[-81.69003,31.03306],[-81.68953,31.0313],[-81.69089,31.03006],[-81.69276,31.03058],[-81.69413,31.02934],[-81.69363,31.02758],[-81.68853,31.02778],[-81.68803,31.02602],[-81.68939,31.02478],[-81.68889,31.02302],[-81.68703,31.0225],[-81.68653,31.02074],[-81.68789,31.0195],[-81.68976,31.02002],[-81.69113,31.01877],[-81.69063,31.01701],[-81.69199,31.01577],[-81.69386,31.01629],[-81.69523,31.01505],[-81.696,31.01676],[-81.69709,31.01557],[-81.69759,31.01733],[-81.69946,31.01785],[-81.69996,31.01961],[-81.69859,31.02085],[-81.69909,31.02261],[-81.70096,31.02313],[-81.70146,31.02489],[-81.70009,31.02613],[-81.70059,31.02789],[-81.69923,31.02913],[-81.69973,31.03089],[-81.70483,31.03069],[-81.70619,31.02944],[-81.70806,31.02996],[-81.70943,31.02872],[-81.70893,31.02696],[-81.70706,31.02644],[-81.70656,31.02468],[-81.70793,31.02344],[-81.70743,31.02168],[-81.70879,31.02044],[-81.71066,31.02096],[-81.71116,31.02272],[-81.7098,31.02396],[-81.7103,31.02572],[-81.71216,31.02624],[-81.71266,31.028],[-81.7113,31.02924],[-81.7118,31.031],[-81.7169,31.03079],[-81.71827,31.02955],[-81.71777,31.02779],[-81.71913,31.02655],[-81.721,31.02707],[-81.7215,31.02883],[-81.72013,31.03007],[-81.72063,31.03183]],[[-81.71093,31.034],[-81.71043,31.03224],[-81.70856,31.03172],[-81.7072,31.03296],[-81.7077,31.03472],[-81.70956,31.03524],[-81.71093,31.034]]]}},{"type":"Feature","properties":{"sqmi":1.47},"geometry":{"type":"Polygon","coordinates":[[[-80.8009,32.53181],[-80.80135,32.53198],[-80.80267,32.53118],[-80.80085,32.53163],[-80.80046,32.53024],[-80.80184,32.52903],[-80.80606,32.53187],[-80.80744,32.53067],[-80.80931,32.53121],[-80.81069,32.53001],[-80.81491,32.53285],[-80.81629,32.53164],[-80.81816,32.53218],[-80.81954,32.53098],[-80.82376,32.53382],[-80.82514,32.53261],[-80.827,32.53316],[-80.82749,32.53491],[-80.82611,32.53611],[-80.8266,32.53786],[-80.83171,32.53775],[-80.8322,32.5395],[-80.83082,32.5407],[-80.83131,32.54245],[-80.83317,32.543],[-80.83366,32.54475],[-80.83228,32.54596],[-80.83041,32.54541],[-80.82903,32.54662],[-80.82717,32.54607],[-80.82579,32.54728],[-80.82056,32.547],[-80.82018,32.54564],[-80.81832,32.5451],[-80.81783,32.54335],[-80.81596,32.5428],[-80.81458,32.54401],[-80.80947,32.54413],[-80.80918,32.54237],[-80.81381,32.54321],[-80.8108,32.54178],[-80.81126,32.54224],[-80.80641,32.54156],[-80.80741,32.5407],[-80.8059,32.54131],[-80.80534,32.54036],[-80.80619,32.54004],[-80.80253,32.5397],[-80.80136,32.53815],[-80.80241,32.53724],[-80.80192,32.53549],[-80.80006,32.53494],[-80.79868,32.53615],[-80.79906,32.53753],[-80.79739,32.53825],[-80.79818,32.53618],[-80.79692,32.53661],[-80.79616,32.53526],[-80.79758,32.53448],[-80.79662,32.5342],[-80.79689,32.53347],[-80.79838,32.53285],[-80.80013,32.53365],[-80.8009,32.53181]]]}},{"type":"Feature","properties":{"sqmi":1.44},"geometry":{"type":"Polygon","coordinates":[[[-79.40059,33.29608],[-79.40104,33.29781],[-79.40288,33.29838],[-79.40747,33.29661],[-79.4116,33.29949],[-79.41298,33.29832],[-79.41482,33.29889],[-79.41528,33.30062],[-79.4139,33.30179],[-79.41435,33.30353],[-79.41298,33.3047],[-79.40884,33.30182],[-79.40747,33.30299],[-79.40792,33.30473],[-79.40654,33.3059],[-79.40471,33.30533],[-79.40425,33.30359],[-79.3992,33.30362],[-79.39645,33.29958],[-79.39783,33.29841],[-79.39737,33.29667],[-79.39875,33.29551],[-79.39829,33.29377],[-79.39646,33.2932],[-79.39508,33.29437],[-79.39324,33.2938],[-79.39278,33.29206],[-79.39416,33.2909],[-79.396,33.29147],[-79.39738,33.2903],[-79.39692,33.28856],[-79.39508,33.28799],[-79.39371,33.28916],[-79.39187,33.28859],[-79.39141,33.28686],[-79.39601,33.28509],[-79.40014,33.28796],[-79.40473,33.28619],[-79.40656,33.28676],[-79.40794,33.28559],[-79.40978,33.28616],[-79.41116,33.28499],[-79.41299,33.28556],[-79.41437,33.28439],[-79.41392,33.28266],[-79.41208,33.28209],[-79.41162,33.28035],[-79.413,33.27918],[-79.41254,33.27745],[-79.41071,33.27688],[-79.40933,33.27805],[-79.40749,33.27748],[-79.40704,33.27574],[-79.41163,33.27397],[-79.41576,33.27685],[-79.42035,33.27508],[-79.42219,33.27564],[-79.42265,33.27738],[-79.42127,33.27855],[-79.42173,33.28029],[-79.42035,33.28146],[-79.4231,33.2855],[-79.42172,33.28667],[-79.41667,33.2867],[-79.41529,33.28787],[-79.41575,33.2896],[-79.41437,33.29077],[-79.41253,33.2902],[-79.41115,33.29137],[-79.41161,33.29311],[-79.41023,33.29428],[-79.40839,33.29371],[-79.4038,33.29548],[-79.40196,33.29491],[-79.40059,33.29608]],[[-79.40564,33.28967],[-79.40381,33.2891],[-79.39921,33.29087],[-79.39967,33.2926],[-79.40151,33.29317],[-79.4061,33.2914],[-79.40564,33.28967]]]}},{"type":"Feature","properties":{"sqmi":1.43},"geometry":{"type":"Polygon","coordinates":[[[-79.45068,33.25574],[-79.4493,33.2569],[-79.44517,33.25403],[-79.44058,33.2558],[-79.43874,33.25524],[-79.43599,33.25119],[-79.43094,33.25123],[-79.43048,33.24949],[-79.43186,33.24832],[-79.4314,33.24659],[-79.43278,33.24542],[-79.43461,33.24598],[-79.43599,33.24481],[-79.43571,33.24375],[-79.43776,33.2447],[-79.43777,33.2453],[-79.43884,33.24631],[-79.43661,33.24604],[-79.43873,33.24717],[-79.44017,33.24595],[-79.43806,33.2448],[-79.44036,33.2447],[-79.44191,33.24366],[-79.44183,33.24211],[-79.43911,33.23929],[-79.43856,33.24029],[-79.44094,33.24264],[-79.44054,33.2438],[-79.4379,33.24365],[-79.43943,33.24452],[-79.43775,33.24444],[-79.43515,33.24228],[-79.43479,33.24064],[-79.43783,33.239],[-79.4376,33.23735],[-79.43887,33.23701],[-79.44454,33.23907],[-79.45004,33.23847],[-79.45741,33.24242],[-79.46178,33.24365],[-79.46016,33.24548],[-79.45693,33.24633],[-79.45795,33.24774],[-79.46191,33.24815],[-79.46079,33.24928],[-79.46125,33.25102],[-79.45987,33.25219],[-79.45803,33.25162],[-79.45665,33.25279],[-79.45482,33.25223],[-79.45022,33.254],[-79.45068,33.25574]],[[-79.44426,33.24418],[-79.44242,33.24361],[-79.44104,33.24478],[-79.4415,33.24652],[-79.44334,33.24708],[-79.44472,33.24591],[-79.44426,33.24418]]]}},{"type":"Feature","properties":{"sqmi":1.36},"geometry":{"type":"Polygon","coordinates":[[[-77.992,34.03819],[-77.99115,34.03901],[-77.98894,34.03847],[-77.98662,34.03919],[-77.98397,34.03795],[-77.98466,34.039],[-77.98307,34.03948],[-77.98152,34.03895],[-77.98133,34.03736],[-77.97938,34.03668],[-77.97919,34.03509],[-77.97724,34.03441],[-77.97177,34.03556],[-77.97196,34.03715],[-77.9702,34.03806],[-77.96825,34.03738],[-77.96806,34.03579],[-77.96982,34.03488],[-77.96983,34.03319],[-77.97139,34.03238],[-77.9712,34.03079],[-77.96925,34.03011],[-77.96906,34.02852],[-77.97082,34.02761],[-77.97063,34.02602],[-77.97239,34.02511],[-77.9722,34.02352],[-77.97025,34.02284],[-77.97006,34.02125],[-77.97182,34.02034],[-77.97163,34.01875],[-77.97339,34.01784],[-77.9732,34.01625],[-77.97496,34.01533],[-77.98061,34.01578],[-77.9808,34.01737],[-77.97904,34.01828],[-77.97923,34.01987],[-77.98118,34.02054],[-77.98294,34.01963],[-77.9886,34.02007],[-77.99036,34.01916],[-77.99017,34.01757],[-77.99193,34.01666],[-77.99387,34.01734],[-77.99407,34.01892],[-77.99231,34.01984],[-77.9925,34.02143],[-77.98703,34.02258],[-77.98722,34.02417],[-77.98546,34.02508],[-77.98565,34.02667],[-77.98974,34.02961],[-77.98993,34.0312],[-77.98817,34.03211],[-77.98836,34.0337],[-77.9866,34.03462],[-77.98679,34.03621],[-77.98874,34.03688],[-77.9905,34.03597],[-77.99209,34.03652],[-77.992,34.03819]],[[-77.98446,34.03235],[-77.98622,34.03144],[-77.98603,34.02985],[-77.98408,34.02917],[-77.98232,34.03008],[-77.98251,34.03167],[-77.98446,34.03235]]]}},{"type":"Feature","properties":{"sqmi":1.35},"geometry":{"type":"Polygon","coordinates":[[[-78.02368,34.12525],[-78.02563,34.12593],[-78.02583,34.12752],[-78.02778,34.1282],[-78.02954,34.12728],[-78.0315,34.12796],[-78.03326,34.12705],[-78.03306,34.12545],[-78.03483,34.12454],[-78.03678,34.12522],[-78.03697,34.12681],[-78.03521,34.12772],[-78.0354,34.12932],[-78.03736,34.12999],[-78.03912,34.12908],[-78.03893,34.12749],[-78.04069,34.12657],[-78.04636,34.12701],[-78.04655,34.1286],[-78.04479,34.12952],[-78.04498,34.13111],[-78.04694,34.13179],[-78.04713,34.13338],[-78.04537,34.1343],[-78.04556,34.13589],[-78.04008,34.13704],[-78.04027,34.13863],[-78.03851,34.13955],[-78.03656,34.13887],[-78.0348,34.13979],[-78.03499,34.14138],[-78.03323,34.14229],[-78.03342,34.14389],[-78.03752,34.14684],[-78.03771,34.14843],[-78.03967,34.14911],[-78.03986,34.1507],[-78.04553,34.15114],[-78.04573,34.15273],[-78.04396,34.15365],[-78.04201,34.15297],[-78.0408,34.15356],[-78.03984,34.1518],[-78.03502,34.15061],[-78.03311,34.14889],[-78.03346,34.14445],[-78.03201,34.14374],[-78.03091,34.14454],[-78.0297,34.14412],[-78.02951,34.14253],[-78.02755,34.14185],[-78.02378,34.14161],[-78.02365,34.1405],[-78.02541,34.13958],[-78.02522,34.13799],[-78.02698,34.13708],[-78.02679,34.13548],[-78.02855,34.13457],[-78.02836,34.13298],[-78.03012,34.13206],[-78.02993,34.13047],[-78.02797,34.12979],[-78.02621,34.13071],[-78.0264,34.1323],[-78.02464,34.13321],[-78.02483,34.13481],[-78.02307,34.13572],[-78.02112,34.13504],[-78.01938,34.13594],[-78.01756,34.1345],[-78.01721,34.13369],[-78.01897,34.13277],[-78.01878,34.13118],[-78.02426,34.13003],[-78.02406,34.12844],[-78.01996,34.12549],[-78.01977,34.1239],[-78.02153,34.12298],[-78.02349,34.12366],[-78.02368,34.12525]]]}},{"type":"Feature","properties":{"sqmi":1.34},"geometry":{"type":"Polygon","coordinates":[[[-81.49174,28.28491],[-81.49307,28.28364],[-81.49718,28.28637],[-81.49852,28.2851],[-81.49803,28.28335],[-81.49936,28.28208],[-81.50118,28.28257],[-81.50166,28.28432],[-81.50578,28.28706],[-81.50626,28.28881],[-81.51037,28.29155],[-81.51086,28.29331],[-81.51267,28.29379],[-81.51715,28.29175],[-81.51667,28.28999],[-81.518,28.28872],[-81.51982,28.28921],[-81.5203,28.29096],[-81.52212,28.29145],[-81.5226,28.29321],[-81.52442,28.2937],[-81.5248,28.29509],[-81.52357,28.29673],[-81.52405,28.29848],[-81.52272,28.29975],[-81.5232,28.30151],[-81.51872,28.30356],[-81.51461,28.30082],[-81.51328,28.30209],[-81.51376,28.30385],[-81.51243,28.30512],[-81.50746,28.30541],[-81.50698,28.30365],[-81.50831,28.30238],[-81.50783,28.30063],[-81.50287,28.30092],[-81.50238,28.29916],[-81.50371,28.29789],[-81.50323,28.29614],[-81.50456,28.29487],[-81.50408,28.29311],[-81.49912,28.2934],[-81.49863,28.29164],[-81.49682,28.29116],[-81.49634,28.2894],[-81.49222,28.28666],[-81.49174,28.28491]]]}},{"type":"Feature","properties":{"sqmi":1.29},"geometry":{"type":"Polygon","coordinates":[[[-80.30778,32.80886],[-80.30592,32.80831],[-80.30544,32.80656],[-80.30035,32.80665],[-80.29988,32.8049],[-80.29569,32.80205],[-80.29521,32.8003],[-80.29336,32.79975],[-80.28874,32.80158],[-80.28689,32.80103],[-80.28641,32.79928],[-80.29103,32.79745],[-80.29288,32.79801],[-80.29426,32.79681],[-80.29379,32.79507],[-80.29517,32.79388],[-80.29702,32.79443],[-80.2975,32.79617],[-80.29612,32.79737],[-80.29659,32.79911],[-80.29845,32.79967],[-80.29983,32.79847],[-80.29935,32.79673],[-80.30073,32.79554],[-80.30259,32.79609],[-80.30397,32.7949],[-80.30349,32.79315],[-80.30487,32.79196],[-80.30439,32.79021],[-80.30577,32.78902],[-80.30763,32.78957],[-80.30811,32.79132],[-80.30673,32.79251],[-80.3072,32.79426],[-80.30906,32.79481],[-80.31044,32.79362],[-80.30996,32.79187],[-80.31134,32.79068],[-80.3132,32.79123],[-80.31458,32.79004],[-80.31876,32.79289],[-80.32014,32.7917],[-80.322,32.79225],[-80.32248,32.794],[-80.3211,32.79519],[-80.31924,32.79464],[-80.31786,32.79583],[-80.31834,32.79758],[-80.32019,32.79813],[-80.32067,32.79987],[-80.31929,32.80107],[-80.31977,32.80281],[-80.32162,32.80337],[-80.3221,32.80511],[-80.32072,32.8063],[-80.31563,32.80639],[-80.31425,32.80758],[-80.31472,32.80933],[-80.31334,32.81052],[-80.30916,32.80767],[-80.30778,32.80886]],[[-80.30449,32.80307],[-80.30402,32.80133],[-80.30216,32.80077],[-80.30078,32.80196],[-80.30126,32.80371],[-80.30311,32.80426],[-80.30449,32.80307]],[[-80.30868,32.80592],[-80.31006,32.80473],[-80.30958,32.80299],[-80.31096,32.80179],[-80.31049,32.80005],[-80.31187,32.79885],[-80.31139,32.79711],[-80.30953,32.79656],[-80.30815,32.79775],[-80.30863,32.79949],[-80.30725,32.80069],[-80.30773,32.80243],[-80.30635,32.80362],[-80.30682,32.80537],[-80.30868,32.80592]],[[-80.3151,32.79822],[-80.31372,32.79941],[-80.3142,32.80115],[-80.31605,32.80171],[-80.31743,32.80051],[-80.31696,32.79877],[-80.3151,32.79822]]]}},{"type":"Feature","properties":{"sqmi":1.26},"geometry":{"type":"Polygon","coordinates":[[[-79.21087,33.40766],[-79.21132,33.4094],[-79.20994,33.41056],[-79.20811,33.40999],[-79.20352,33.41174],[-79.1994,33.40886],[-79.19802,33.41002],[-79.19298,33.41004],[-79.19253,33.40831],[-79.18841,33.40543],[-79.18796,33.4037],[-79.18934,33.40253],[-79.19346,33.40541],[-79.19483,33.40425],[-79.19667,33.40482],[-79.19712,33.40655],[-79.19895,33.40713],[-79.20033,33.40596],[-79.19988,33.40423],[-79.20125,33.40307],[-79.19852,33.39903],[-79.20311,33.39727],[-79.20494,33.39784],[-79.20632,33.39668],[-79.20358,33.39264],[-79.20817,33.39089],[-79.20771,33.38915],[-79.20909,33.38799],[-79.21413,33.38797],[-79.21551,33.38681],[-79.21506,33.38507],[-79.21644,33.38391],[-79.21827,33.38448],[-79.21872,33.38621],[-79.21734,33.38738],[-79.2178,33.38911],[-79.21963,33.38968],[-79.22008,33.39142],[-79.21874,33.39255],[-79.21662,33.39121],[-79.2119,33.39176],[-79.214,33.39339],[-79.21579,33.39292],[-79.21595,33.39491],[-79.21457,33.39607],[-79.21502,33.39781],[-79.21364,33.39897],[-79.2141,33.4007],[-79.21272,33.40187],[-79.21317,33.4036],[-79.21179,33.40476],[-79.21225,33.4065],[-79.21087,33.40766]]]}},{"type":"Feature","properties":{"sqmi":1.22},"geometry":{"type":"Polygon","coordinates":[[[-79.30346,33.4397],[-79.30484,33.43854],[-79.30439,33.4368],[-79.30577,33.43564],[-79.30531,33.4339],[-79.30669,33.43274],[-79.30624,33.431],[-79.31083,33.42925],[-79.31038,33.42751],[-79.31176,33.42635],[-79.31359,33.42692],[-79.31405,33.42865],[-79.31267,33.42982],[-79.31312,33.43155],[-79.31496,33.43212],[-79.31542,33.43386],[-79.32047,33.43384],[-79.32092,33.43557],[-79.31954,33.43674],[-79.31771,33.43617],[-79.31311,33.43792],[-79.30898,33.43505],[-79.3076,33.43621],[-79.30806,33.43795],[-79.31219,33.44082],[-79.31264,33.44256],[-79.31126,33.44372],[-79.30943,33.44315],[-79.30805,33.44432],[-79.3085,33.44605],[-79.30712,33.44722],[-79.303,33.44434],[-79.30162,33.4455],[-79.29978,33.44493],[-79.2984,33.44609],[-79.29656,33.44552],[-79.29197,33.44728],[-79.29013,33.44671],[-79.28968,33.44497],[-79.28463,33.44499],[-79.28417,33.44326],[-79.28555,33.4421],[-79.2906,33.44207],[-79.29198,33.44091],[-79.29153,33.43918],[-79.28648,33.4392],[-79.28602,33.43746],[-79.2874,33.4363],[-79.28695,33.43456],[-79.28833,33.4334],[-79.29245,33.43628],[-79.29383,33.43511],[-79.29338,33.43338],[-79.29476,33.43221],[-79.29888,33.43509],[-79.30026,33.43393],[-79.3021,33.4345],[-79.30255,33.43623],[-79.30117,33.4374],[-79.30163,33.43913],[-79.30346,33.4397]],[[-79.29382,33.44148],[-79.29427,33.44322],[-79.29611,33.44379],[-79.29749,33.44262],[-79.29703,33.44089],[-79.2952,33.44032],[-79.29382,33.44148]]]}},{"type":"Feature","properties":{"sqmi":1.22},"geometry":{"type":"Polygon","coordinates":[[[-80.3,32.63651],[-80.30048,32.63825],[-80.2991,32.63945],[-80.29957,32.64119],[-80.29497,32.64303],[-80.29544,32.64478],[-80.30053,32.64469],[-80.3019,32.64349],[-80.30143,32.64175],[-80.3028,32.64055],[-80.30233,32.63881],[-80.30694,32.63697],[-80.31112,32.63982],[-80.31159,32.64156],[-80.31345,32.64211],[-80.31392,32.64386],[-80.31578,32.64441],[-80.31709,32.64328],[-80.32134,32.64607],[-80.32181,32.64781],[-80.32043,32.64901],[-80.32091,32.65075],[-80.31953,32.65195],[-80.31768,32.6514],[-80.3163,32.65259],[-80.31445,32.65204],[-80.31307,32.65323],[-80.31122,32.65268],[-80.30661,32.65452],[-80.30475,32.65397],[-80.30428,32.65222],[-80.2992,32.65231],[-80.29872,32.65057],[-80.29687,32.65002],[-80.29639,32.64827],[-80.29221,32.64542],[-80.29174,32.64367],[-80.29311,32.64248],[-80.29264,32.64073],[-80.29402,32.63954],[-80.29354,32.63779],[-80.29815,32.63596],[-80.3,32.63651]],[[-80.30285,32.64698],[-80.301,32.64643],[-80.29962,32.64763],[-80.3001,32.64937],[-80.30195,32.64992],[-80.30333,32.64873],[-80.30285,32.64698]]]}},{"type":"Feature","properties":{"sqmi":1.2},"geometry":{"type":"Polygon","coordinates":[[[-78.54552,33.96419],[-78.54356,33.96352],[-78.54182,33.96444],[-78.54202,33.96603],[-78.54398,33.9667],[-78.54419,33.96829],[-78.54984,33.9687],[-78.55005,33.97029],[-78.5446,33.97146],[-78.54481,33.97305],[-78.54307,33.97397],[-78.53895,33.97104],[-78.5335,33.97222],[-78.53371,33.9738],[-78.53196,33.97472],[-78.53001,33.97405],[-78.5298,33.97247],[-78.53155,33.97155],[-78.53134,33.96996],[-78.53309,33.96904],[-78.53288,33.96745],[-78.53832,33.96628],[-78.53812,33.9647],[-78.53986,33.96378],[-78.53965,33.96219],[-78.5451,33.96102],[-78.54489,33.95943],[-78.54664,33.95851],[-78.54643,33.95693],[-78.54448,33.95626],[-78.54427,33.95467],[-78.54601,33.95375],[-78.55013,33.95667],[-78.55557,33.9555],[-78.55969,33.95842],[-78.56144,33.9575],[-78.56339,33.95817],[-78.5636,33.95976],[-78.56925,33.96017],[-78.56946,33.96176],[-78.56772,33.96268],[-78.56793,33.96426],[-78.56618,33.96518],[-78.56639,33.96677],[-78.56834,33.96744],[-78.56855,33.96903],[-78.56681,33.96995],[-78.56485,33.96928],[-78.56464,33.96769],[-78.55899,33.96728],[-78.55878,33.96569],[-78.56053,33.96477],[-78.56032,33.96318],[-78.55836,33.96252],[-78.55292,33.96369],[-78.55096,33.96302],[-78.54922,33.96394],[-78.54942,33.96553],[-78.54768,33.96645],[-78.54572,33.96578],[-78.54552,33.96419]]]}},{"type":"Feature","properties":{"sqmi":1.18},"geometry":{"type":"Polygon","coordinates":[[[-77.28497,35.04183],[-77.28594,35.04101],[-77.28563,35.03955],[-77.28714,35.03986],[-77.28676,35.04131],[-77.28759,35.04186],[-77.28781,35.04335],[-77.28982,35.04582],[-77.29091,35.04602],[-77.29113,35.04522],[-77.29288,35.04584],[-77.29423,35.04515],[-77.29741,35.04747],[-77.29591,35.04797],[-77.29614,35.04879],[-77.30108,35.04861],[-77.30089,35.05032],[-77.30331,35.05006],[-77.30248,35.05095],[-77.30386,35.05272],[-77.30441,35.05153],[-77.30761,35.05287],[-77.30733,35.0535],[-77.30849,35.05385],[-77.30833,35.05481],[-77.30908,35.05476],[-77.30925,35.05629],[-77.30744,35.05721],[-77.30761,35.05883],[-77.3058,35.05975],[-77.30597,35.06137],[-77.30416,35.06229],[-77.30433,35.0639],[-77.30252,35.06482],[-77.30054,35.06412],[-77.30037,35.0625],[-77.30218,35.06159],[-77.30201,35.05997],[-77.29624,35.05949],[-77.29443,35.0604],[-77.29244,35.0597],[-77.29063,35.06062],[-77.28865,35.05992],[-77.28848,35.0583],[-77.29029,35.05738],[-77.29012,35.05577],[-77.29193,35.05485],[-77.29176,35.05323],[-77.29357,35.05231],[-77.2934,35.05069],[-77.29142,35.04999],[-77.29124,35.04837],[-77.28926,35.04767],[-77.28909,35.04605],[-77.28711,35.04535],[-77.2853,35.04627],[-77.28547,35.04789],[-77.28366,35.04881],[-77.28383,35.05043],[-77.28203,35.05135],[-77.28004,35.05065],[-77.27987,35.04903],[-77.27789,35.04833],[-77.27608,35.04925],[-77.27625,35.05086],[-77.27444,35.05178],[-77.27246,35.05108],[-77.27229,35.04946],[-77.27537,35.0479],[-77.27557,35.04439],[-77.27958,35.04113],[-77.281,35.04164],[-77.28281,35.04072],[-77.28264,35.0391],[-77.28114,35.03857],[-77.2833,35.03761],[-77.28448,35.03888],[-77.28481,35.04198],[-77.28497,35.04183]],[[-77.27405,35.05021],[-77.27425,35.04947],[-77.27406,35.04958],[-77.27405,35.05021]],[[-77.29951,35.05441],[-77.2977,35.05533],[-77.29787,35.05695],[-77.29985,35.05765],[-77.30166,35.05673],[-77.30149,35.05511],[-77.29951,35.05441]]]}},{"type":"Feature","properties":{"sqmi":1.16},"geometry":{"type":"Polygon","coordinates":[[[-80.91647,32.68147],[-80.91696,32.68323],[-80.91558,32.68443],[-80.91607,32.68618],[-80.9203,32.68902],[-80.92079,32.69077],[-80.92267,32.69132],[-80.92316,32.69307],[-80.92177,32.69428],[-80.9199,32.69373],[-80.91852,32.69494],[-80.91339,32.69505],[-80.91201,32.69626],[-80.9125,32.69801],[-80.91111,32.69921],[-80.90924,32.69867],[-80.90875,32.69692],[-80.90362,32.69703],[-80.90314,32.69528],[-80.8989,32.69244],[-80.89841,32.69069],[-80.89979,32.68948],[-80.89931,32.68773],[-80.90069,32.68653],[-80.9002,32.68478],[-80.90158,32.68357],[-80.90345,32.68412],[-80.90484,32.68291],[-80.90435,32.68116],[-80.90573,32.67995],[-80.90524,32.6782],[-80.90662,32.677],[-80.90613,32.67525],[-80.90752,32.67404],[-80.90939,32.67459],[-80.90988,32.67634],[-80.90849,32.67754],[-80.90898,32.67929],[-80.91086,32.67984],[-80.91135,32.68159],[-80.90996,32.6828],[-80.91045,32.68455],[-80.91232,32.68509],[-80.91371,32.68389],[-80.91322,32.68214],[-80.9146,32.68093],[-80.91647,32.68147]]]}},{"type":"Feature","properties":{"sqmi":1.15},"geometry":{"type":"Polygon","coordinates":[[[-77.01527,35.47325],[-77.0171,35.47233],[-77.01694,35.4707],[-77.01495,35.46999],[-77.01478,35.46836],[-77.01661,35.46744],[-77.01645,35.46581],[-77.01828,35.46489],[-77.01812,35.46326],[-77.01995,35.46234],[-77.02576,35.46284],[-77.02593,35.46447],[-77.02027,35.4656],[-77.02044,35.46723],[-77.02626,35.46773],[-77.02642,35.46936],[-77.02841,35.47007],[-77.02858,35.4717],[-77.02292,35.47283],[-77.02309,35.47446],[-77.02508,35.47517],[-77.02525,35.4768],[-77.02724,35.47751],[-77.02907,35.47659],[-77.02891,35.47496],[-77.03074,35.47403],[-77.03273,35.47474],[-77.0329,35.47637],[-77.03107,35.4773],[-77.03123,35.47893],[-77.03322,35.47964],[-77.03339,35.48127],[-77.03538,35.48197],[-77.03555,35.48361],[-77.03372,35.48453],[-77.03388,35.48616],[-77.03205,35.48708],[-77.02623,35.48658],[-77.0244,35.4875],[-77.02448,35.48835],[-77.02151,35.48749],[-77.0224,35.48679],[-77.02224,35.48516],[-77.02024,35.48445],[-77.02008,35.48282],[-77.01809,35.48211],[-77.01632,35.48372],[-77.00821,35.47852],[-77.00995,35.47764],[-77.01194,35.47835],[-77.0121,35.47998],[-77.0141,35.48069],[-77.01593,35.47977],[-77.01576,35.47814],[-77.0176,35.47722],[-77.01743,35.47559],[-77.01544,35.47488],[-77.01527,35.47325]]]}},{"type":"Feature","properties":{"sqmi":1.15},"geometry":{"type":"Polygon","coordinates":[[[-77.2382,34.8336],[-77.23639,34.83451],[-77.23442,34.83382],[-77.23425,34.8322],[-77.23228,34.8315],[-77.23211,34.82989],[-77.23014,34.82919],[-77.22997,34.82758],[-77.23178,34.82667],[-77.23161,34.82505],[-77.23341,34.82414],[-77.23324,34.82253],[-77.23127,34.82183],[-77.2311,34.82022],[-77.22913,34.81952],[-77.22896,34.81791],[-77.23077,34.81699],[-77.23274,34.81769],[-77.2329,34.8193],[-77.23488,34.82],[-77.23668,34.81909],[-77.23865,34.81978],[-77.24045,34.81887],[-77.24028,34.81726],[-77.23831,34.81656],[-77.23814,34.81495],[-77.23994,34.81403],[-77.24191,34.81473],[-77.24208,34.81634],[-77.24405,34.81704],[-77.24586,34.81613],[-77.24783,34.81682],[-77.24963,34.81591],[-77.25537,34.81639],[-77.25554,34.818],[-77.25374,34.81892],[-77.25391,34.82053],[-77.25588,34.82123],[-77.25605,34.82284],[-77.25425,34.82376],[-77.25442,34.82537],[-77.25639,34.82607],[-77.25656,34.82768],[-77.25476,34.82859],[-77.24901,34.82811],[-77.24721,34.82903],[-77.24738,34.83064],[-77.24935,34.83134],[-77.24952,34.83295],[-77.25149,34.83365],[-77.25166,34.83526],[-77.24986,34.83618],[-77.24789,34.83548],[-77.24772,34.83387],[-77.24574,34.83317],[-77.24558,34.83155],[-77.2436,34.83086],[-77.24344,34.82924],[-77.24524,34.82833],[-77.24507,34.82672],[-77.2431,34.82602],[-77.23752,34.82715],[-77.23769,34.82876],[-77.23589,34.82968],[-77.23606,34.83129],[-77.23803,34.83199],[-77.2382,34.8336]],[[-77.23702,34.82231],[-77.23718,34.82392],[-77.23916,34.82462],[-77.24096,34.82371],[-77.24079,34.82209],[-77.23882,34.8214],[-77.23702,34.82231]],[[-77.24687,34.8258],[-77.24884,34.8265],[-77.25064,34.82559],[-77.25047,34.82397],[-77.2485,34.82328],[-77.2467,34.82419],[-77.24687,34.8258]]]}},{"type":"Feature","properties":{"sqmi":1.15},"geometry":{"type":"Polygon","coordinates":[[[-79.66598,32.93378],[-79.66736,32.9326],[-79.6669,32.93086],[-79.66827,32.92968],[-79.67011,32.93024],[-79.67057,32.93198],[-79.67241,32.93255],[-79.67287,32.93429],[-79.6715,32.93546],[-79.67196,32.9372],[-79.67058,32.93838],[-79.67105,32.94012],[-79.67288,32.94068],[-79.67426,32.93951],[-79.6738,32.93777],[-79.67517,32.93659],[-79.67701,32.93715],[-79.67748,32.93889],[-79.6761,32.94007],[-79.67656,32.94181],[-79.67197,32.9436],[-79.67243,32.94534],[-79.67427,32.9459],[-79.67565,32.94473],[-79.67749,32.94529],[-79.67795,32.94703],[-79.67657,32.94821],[-79.67703,32.94995],[-79.67566,32.95112],[-79.67382,32.95056],[-79.67244,32.95174],[-79.6706,32.95118],[-79.66601,32.95297],[-79.66417,32.95241],[-79.66371,32.95067],[-79.66509,32.94949],[-79.66463,32.94775],[-79.66279,32.94719],[-79.66141,32.94837],[-79.65957,32.94781],[-79.65911,32.94607],[-79.65406,32.94612],[-79.6536,32.94438],[-79.65497,32.9432],[-79.65451,32.94146],[-79.6591,32.93967],[-79.65864,32.93793],[-79.66002,32.93675],[-79.66185,32.93731],[-79.66323,32.93614],[-79.66277,32.9344],[-79.66415,32.93322],[-79.66598,32.93378]],[[-79.6612,32.94409],[-79.6604,32.94359],[-79.65552,32.94438],[-79.65534,32.94559],[-79.6612,32.94409]]]}},{"type":"Feature","properties":{"sqmi":1.15},"geometry":{"type":"Polygon","coordinates":[[[-81.5191,28.24996],[-81.51728,28.24947],[-81.5168,28.24771],[-81.51813,28.24644],[-81.51995,28.24693],[-81.52128,28.24566],[-81.52079,28.24391],[-81.52213,28.24264],[-81.52394,28.24312],[-81.52527,28.24185],[-81.52479,28.2401],[-81.52612,28.23883],[-81.52794,28.23931],[-81.52927,28.23805],[-81.52878,28.23629],[-81.53011,28.23502],[-81.52963,28.23326],[-81.53096,28.23199],[-81.53592,28.2317],[-81.53641,28.23345],[-81.53508,28.23472],[-81.53556,28.23648],[-81.53737,28.23697],[-81.54185,28.23492],[-81.54367,28.2354],[-81.545,28.23413],[-81.54682,28.23462],[-81.5473,28.23638],[-81.54912,28.23687],[-81.5496,28.23862],[-81.55372,28.24136],[-81.5542,28.24311],[-81.55287,28.24438],[-81.54791,28.24468],[-81.54657,28.24595],[-81.54706,28.24771],[-81.54573,28.24898],[-81.54161,28.24624],[-81.54113,28.24449],[-81.54246,28.24322],[-81.54197,28.24146],[-81.54016,28.24097],[-81.53883,28.24224],[-81.53701,28.24175],[-81.53253,28.2438],[-81.53072,28.24332],[-81.52624,28.24537],[-81.52442,28.24488],[-81.52309,28.24615],[-81.52358,28.24791],[-81.52225,28.24918],[-81.52273,28.25094],[-81.5214,28.2522],[-81.51958,28.25172],[-81.5191,28.24996]]]}},{"type":"Feature","properties":{"sqmi":1.12},"geometry":{"type":"Polygon","coordinates":[[[-80.38047,32.58178],[-80.38185,32.58058],[-80.3837,32.58113],[-80.38508,32.57993],[-80.38624,32.58028],[-80.38896,32.58521],[-80.38651,32.58517],[-80.38513,32.58637],[-80.38561,32.58812],[-80.38746,32.58867],[-80.38794,32.59042],[-80.38979,32.59097],[-80.39027,32.59271],[-80.39213,32.59326],[-80.39287,32.59509],[-80.38855,32.60183],[-80.38757,32.60154],[-80.38619,32.60274],[-80.38667,32.60449],[-80.38529,32.60568],[-80.38344,32.60513],[-80.38296,32.60339],[-80.3811,32.60284],[-80.38063,32.60109],[-80.38524,32.59925],[-80.38476,32.5975],[-80.38614,32.5963],[-80.38566,32.59456],[-80.38381,32.59401],[-80.38243,32.5952],[-80.38291,32.59695],[-80.3783,32.59879],[-80.37877,32.60054],[-80.3774,32.60174],[-80.37787,32.60348],[-80.37649,32.60468],[-80.37464,32.60413],[-80.37416,32.60238],[-80.37554,32.60118],[-80.37506,32.59944],[-80.37644,32.59824],[-80.37596,32.59649],[-80.37088,32.59659],[-80.3704,32.59484],[-80.37178,32.59365],[-80.3713,32.5919],[-80.37268,32.5907],[-80.3722,32.58896],[-80.37358,32.58776],[-80.37777,32.59061],[-80.38238,32.58877],[-80.3819,32.58702],[-80.38004,32.58647],[-80.37957,32.58472],[-80.37448,32.58482],[-80.37401,32.58307],[-80.37861,32.58123],[-80.38047,32.58178]]]}},{"type":"Feature","properties":{"sqmi":1.1},"geometry":{"type":"Polygon","coordinates":[[[-78.58189,33.87211],[-78.57645,33.87328],[-78.57435,33.87143],[-78.57603,33.87012],[-78.57583,33.86853],[-78.57757,33.86761],[-78.57736,33.86603],[-78.57539,33.86537],[-78.57498,33.8637],[-78.57694,33.86286],[-78.57673,33.86128],[-78.5812,33.85969],[-78.58155,33.85752],[-78.58523,33.8551],[-78.58718,33.85577],[-78.58892,33.85485],[-78.59456,33.85526],[-78.59631,33.85434],[-78.5961,33.85276],[-78.59784,33.85184],[-78.59979,33.85251],[-78.6,33.85409],[-78.59826,33.85501],[-78.59847,33.85659],[-78.59672,33.85751],[-78.59693,33.85909],[-78.60105,33.86201],[-78.60125,33.86359],[-78.59582,33.86476],[-78.59603,33.86635],[-78.59429,33.86727],[-78.59234,33.8666],[-78.59213,33.86502],[-78.59387,33.8641],[-78.59366,33.86252],[-78.5954,33.8616],[-78.59519,33.86001],[-78.59108,33.8571],[-78.58934,33.85802],[-78.58955,33.8596],[-78.5915,33.86027],[-78.59171,33.86185],[-78.58997,33.86277],[-78.59018,33.86435],[-78.58844,33.86527],[-78.58865,33.86685],[-78.5906,33.86752],[-78.59081,33.8691],[-78.58906,33.87002],[-78.58927,33.87161],[-78.58753,33.87253],[-78.58558,33.87186],[-78.58384,33.87278],[-78.58189,33.87211]]]}},{"type":"Feature","properties":{"sqmi":1.09},"geometry":{"type":"Polygon","coordinates":[[[-77.02,35.21452],[-77.01818,35.21544],[-77.01834,35.21706],[-77.02033,35.21777],[-77.02049,35.21939],[-77.02247,35.2201],[-77.02264,35.22172],[-77.02462,35.22243],[-77.02478,35.22405],[-77.02296,35.22497],[-77.02312,35.22659],[-77.02511,35.2273],[-77.02693,35.22638],[-77.02677,35.22476],[-77.02859,35.22384],[-77.02842,35.22221],[-77.03025,35.2213],[-77.03223,35.222],[-77.03239,35.22363],[-77.03438,35.22433],[-77.0362,35.22342],[-77.03818,35.22412],[-77.03835,35.22575],[-77.03272,35.22687],[-77.03288,35.2285],[-77.03106,35.22942],[-77.02527,35.22892],[-77.02345,35.22984],[-77.02147,35.22913],[-77.01964,35.23005],[-77.01981,35.23167],[-77.01799,35.23259],[-77.0122,35.23209],[-77.01203,35.23047],[-77.01005,35.22976],[-77.00989,35.22814],[-77.01171,35.22722],[-77.01155,35.2256],[-77.00956,35.22489],[-77.0094,35.22327],[-77.01122,35.22235],[-77.0132,35.22306],[-77.01503,35.22214],[-77.01486,35.22052],[-77.01668,35.2196],[-77.01652,35.21798],[-77.01073,35.21748],[-77.01057,35.21586],[-77.01239,35.21494],[-77.01223,35.21332],[-77.01405,35.2124],[-77.01389,35.21078],[-77.01571,35.20986],[-77.01554,35.20824],[-77.01736,35.20732],[-77.01935,35.20803],[-77.01951,35.20965],[-77.02149,35.21036],[-77.02166,35.21198],[-77.02364,35.21268],[-77.0238,35.21431],[-77.02198,35.21523],[-77.02,35.21452]]]}},{"type":"Feature","properties":{"sqmi":1.07},"geometry":{"type":"Polygon","coordinates":[[[-76.2381,35.94706],[-76.2401,35.94779],[-76.24196,35.94687],[-76.24183,35.94523],[-76.23982,35.9445],[-76.23968,35.94286],[-76.24155,35.94194],[-76.24355,35.94267],[-76.24928,35.94157],[-76.25128,35.9423],[-76.25142,35.94394],[-76.25342,35.94467],[-76.25528,35.94375],[-76.25514,35.94211],[-76.25701,35.94119],[-76.25901,35.94192],[-76.25915,35.94356],[-76.25728,35.94448],[-76.25742,35.94612],[-76.25943,35.94685],[-76.25957,35.94849],[-76.26157,35.94922],[-76.26171,35.95086],[-76.26371,35.95159],[-76.26557,35.95067],[-76.26543,35.94903],[-76.26343,35.9483],[-76.26329,35.94666],[-76.26515,35.94574],[-76.26716,35.94647],[-76.2673,35.94811],[-76.2693,35.94884],[-76.26944,35.95049],[-76.27531,35.95102],[-76.27545,35.95267],[-76.26972,35.95377],[-76.26986,35.95542],[-76.27186,35.95614],[-76.272,35.95779],[-76.27014,35.9587],[-76.26813,35.95798],[-76.26799,35.95633],[-76.26599,35.95561],[-76.26585,35.95396],[-76.25998,35.95342],[-76.25984,35.95178],[-76.25784,35.95105],[-76.2577,35.94941],[-76.2557,35.94868],[-76.25556,35.94704],[-76.25356,35.94631],[-76.2517,35.94723],[-76.25184,35.94887],[-76.24997,35.94979],[-76.24797,35.94906],[-76.24783,35.94741],[-76.24583,35.94669],[-76.24397,35.9476],[-76.24411,35.94925],[-76.24224,35.95016],[-76.24238,35.95181],[-76.24438,35.95253],[-76.24452,35.95418],[-76.23879,35.95528],[-76.23893,35.95693],[-76.23707,35.95784],[-76.2312,35.9573],[-76.23106,35.95566],[-76.23679,35.95455],[-76.23665,35.95291],[-76.23465,35.95218],[-76.23451,35.95054],[-76.23637,35.94962],[-76.23624,35.94798],[-76.23423,35.94725],[-76.23237,35.94817],[-76.23037,35.94744],[-76.23023,35.94579],[-76.23209,35.94488],[-76.23796,35.94542],[-76.2381,35.94706]]]}},{"type":"Feature","properties":{"sqmi":1.07},"geometry":{"type":"Polygon","coordinates":[[[-81.23634,29.38381],[-81.23683,29.38557],[-81.23548,29.38682],[-81.23597,29.38858],[-81.2401,29.39134],[-81.24058,29.3931],[-81.23924,29.39435],[-81.23972,29.39611],[-81.23838,29.39736],[-81.23886,29.39912],[-81.24299,29.40188],[-81.24348,29.40364],[-81.2453,29.40414],[-81.24578,29.4059],[-81.24444,29.40715],[-81.24492,29.40891],[-81.24675,29.40941],[-81.24723,29.41117],[-81.24589,29.41242],[-81.24637,29.41418],[-81.2482,29.41468],[-81.24868,29.41644],[-81.24734,29.41769],[-81.24551,29.41719],[-81.24503,29.41543],[-81.24003,29.41567],[-81.23955,29.41392],[-81.23772,29.41341],[-81.23724,29.41166],[-81.23858,29.4104],[-81.2381,29.40865],[-81.23628,29.40814],[-81.23493,29.4094],[-81.23541,29.41115],[-81.23407,29.4124],[-81.22994,29.40964],[-81.22946,29.40788],[-81.2308,29.40663],[-81.23032,29.40487],[-81.23166,29.40362],[-81.23579,29.40639],[-81.23714,29.40513],[-81.23665,29.40338],[-81.238,29.40213],[-81.23752,29.40037],[-81.23338,29.3976],[-81.2329,29.39585],[-81.23424,29.3946],[-81.23376,29.39284],[-81.2351,29.39159],[-81.23462,29.38983],[-81.23049,29.38707],[-81.23001,29.38531],[-81.22818,29.3848],[-81.2277,29.38305],[-81.22904,29.3818],[-81.23087,29.3823],[-81.23221,29.38105],[-81.23404,29.38155],[-81.23452,29.38331],[-81.23634,29.38381]]]}},{"type":"Feature","properties":{"sqmi":1.04},"geometry":{"type":"Polygon","coordinates":[[[-76.22285,35.97339],[-76.22085,35.97266],[-76.22071,35.97102],[-76.21871,35.97029],[-76.21857,35.96864],[-76.22043,35.96773],[-76.22029,35.96608],[-76.21829,35.96536],[-76.21815,35.96371],[-76.22002,35.9628],[-76.22202,35.96352],[-76.22216,35.96517],[-76.22416,35.9659],[-76.22603,35.96498],[-76.22803,35.96571],[-76.22817,35.96735],[-76.2263,35.96827],[-76.2243,35.96754],[-76.22244,35.96846],[-76.22257,35.9701],[-76.22458,35.97083],[-76.22644,35.96991],[-76.22844,35.97064],[-76.23031,35.96973],[-76.23017,35.96808],[-76.23203,35.96717],[-76.23404,35.96789],[-76.23977,35.96679],[-76.23963,35.96515],[-76.24149,35.96423],[-76.24135,35.96259],[-76.23935,35.96186],[-76.23921,35.96021],[-76.24107,35.9593],[-76.24308,35.96003],[-76.24322,35.96167],[-76.24522,35.9624],[-76.25095,35.96129],[-76.25295,35.96202],[-76.25309,35.96366],[-76.25509,35.96439],[-76.25523,35.96604],[-76.25337,35.96695],[-76.25351,35.9686],[-76.25164,35.96951],[-76.25178,35.97116],[-76.24605,35.97226],[-76.24619,35.97391],[-76.24433,35.97482],[-76.24233,35.97409],[-76.24219,35.97245],[-76.23632,35.97191],[-76.23445,35.97283],[-76.23459,35.97447],[-76.23273,35.97539],[-76.23287,35.97703],[-76.231,35.97795],[-76.229,35.97722],[-76.22886,35.97557],[-76.22686,35.97485],[-76.22672,35.9732],[-76.22472,35.97247],[-76.22285,35.97339]],[[-76.24177,35.96752],[-76.24191,35.96916],[-76.24391,35.96989],[-76.24577,35.96897],[-76.24564,35.96733],[-76.2475,35.96641],[-76.24736,35.96477],[-76.24536,35.96404],[-76.24349,35.96496],[-76.24363,35.9666],[-76.24177,35.96752]]]}},{"type":"Feature","properties":{"sqmi":1.03},"geometry":{"type":"Polygon","coordinates":[[[-80.10591,32.83661],[-80.10544,32.83486],[-80.10682,32.83368],[-80.10635,32.83193],[-80.10773,32.83074],[-80.10726,32.829],[-80.11186,32.82718],[-80.11371,32.82773],[-80.11509,32.82655],[-80.11462,32.8248],[-80.116,32.82361],[-80.12108,32.82354],[-80.12155,32.82528],[-80.12017,32.82647],[-80.12064,32.82821],[-80.12249,32.82877],[-80.1271,32.82695],[-80.12895,32.8275],[-80.13033,32.82631],[-80.12986,32.82457],[-80.13124,32.82338],[-80.13309,32.82394],[-80.13356,32.82568],[-80.13218,32.82687],[-80.13265,32.82861],[-80.13127,32.8298],[-80.12619,32.82988],[-80.12482,32.83107],[-80.12529,32.83281],[-80.12391,32.834],[-80.12206,32.83345],[-80.12068,32.83463],[-80.12115,32.83638],[-80.11654,32.8382],[-80.11702,32.83994],[-80.11564,32.84113],[-80.11611,32.84287],[-80.11473,32.84406],[-80.11056,32.84121],[-80.10918,32.8424],[-80.10965,32.84414],[-80.10827,32.84533],[-80.10642,32.84477],[-80.10595,32.84303],[-80.10733,32.84184],[-80.10686,32.8401],[-80.10501,32.83954],[-80.10454,32.8378],[-80.10591,32.83661]],[[-80.11146,32.83827],[-80.11099,32.83653],[-80.11237,32.83534],[-80.1119,32.8336],[-80.11005,32.83304],[-80.10867,32.83423],[-80.10914,32.83598],[-80.10776,32.83716],[-80.10824,32.83891],[-80.11009,32.83946],[-80.11146,32.83827]]]}},{"type":"Feature","properties":{"sqmi":1.02},"geometry":{"type":"Polygon","coordinates":[[[-81.53651,31.38923],[-81.53669,31.39279],[-81.52567,31.39662],[-81.52296,31.39631],[-81.52193,31.39508],[-81.52711,31.3898],[-81.52518,31.38901],[-81.52404,31.38984],[-81.5236,31.38882],[-81.52286,31.38867],[-81.52141,31.39049],[-81.51865,31.38956],[-81.51779,31.38811],[-81.51961,31.38507],[-81.51932,31.38342],[-81.51874,31.3828],[-81.51704,31.38173],[-81.51286,31.38262],[-81.51184,31.38009],[-81.51392,31.38017],[-81.51562,31.37768],[-81.51898,31.37775],[-81.52052,31.37537],[-81.52195,31.37527],[-81.52409,31.37785],[-81.52621,31.3768],[-81.52617,31.379],[-81.52823,31.38119],[-81.52668,31.38254],[-81.52716,31.38321],[-81.52971,31.38366],[-81.53134,31.38287],[-81.53301,31.38411],[-81.53484,31.38245],[-81.53411,31.38591],[-81.5362,31.38675],[-81.53755,31.38612],[-81.53748,31.38861],[-81.53651,31.38923]]]}},{"type":"Feature","properties":{"sqmi":1.01},"geometry":{"type":"Polygon","coordinates":[[[-77.18762,34.83431],[-77.18521,34.8352],[-77.18322,34.8343],[-77.18085,34.83501],[-77.17997,34.83255],[-77.18108,34.83199],[-77.18092,34.83038],[-77.17951,34.8295],[-77.18184,34.82824],[-77.18239,34.82672],[-77.18412,34.82652],[-77.18591,34.8236],[-77.18599,34.82441],[-77.18796,34.82511],[-77.18813,34.82672],[-77.1901,34.82742],[-77.1919,34.82651],[-77.19174,34.8249],[-77.18977,34.8242],[-77.1896,34.82258],[-77.18763,34.82188],[-77.18585,34.82302],[-77.18473,34.82178],[-77.18632,34.82102],[-77.18652,34.82066],[-77.1862,34.81982],[-77.18746,34.82027],[-77.18926,34.81936],[-77.18934,34.81785],[-77.19244,34.81715],[-77.19542,34.81797],[-77.19592,34.81732],[-77.19565,34.81604],[-77.19495,34.81518],[-77.19312,34.81442],[-77.19413,34.81199],[-77.19614,34.81248],[-77.19794,34.81157],[-77.19778,34.80995],[-77.19958,34.80904],[-77.20155,34.80974],[-77.20172,34.81135],[-77.20369,34.81205],[-77.20385,34.81366],[-77.20582,34.81436],[-77.20599,34.81597],[-77.20796,34.81667],[-77.20813,34.81828],[-77.20633,34.8192],[-77.20058,34.81871],[-77.19878,34.81963],[-77.19895,34.82124],[-77.19715,34.82215],[-77.19731,34.82377],[-77.19928,34.82447],[-77.19945,34.82608],[-77.19765,34.82699],[-77.19782,34.8286],[-77.19224,34.82973],[-77.19241,34.83135],[-77.1906,34.83226],[-77.18863,34.83156],[-77.18846,34.82995],[-77.18649,34.82925],[-77.18469,34.83016],[-77.18486,34.83178],[-77.18683,34.83247],[-77.18762,34.83431]]]}},{"type":"Feature","properties":{"sqmi":1.0},"geometry":{"type":"Polygon","coordinates":[[[-78.55088,33.87266],[-78.55042,33.8719],[-78.55139,33.87267],[-78.55295,33.87199],[-78.55249,33.87068],[-78.55368,33.87009],[-78.55388,33.87163],[-78.55583,33.87229],[-78.55757,33.87138],[-78.55736,33.86979],[-78.55611,33.86937],[-78.56075,33.86622],[-78.56662,33.86564],[-78.56961,33.86812],[-78.56844,33.86904],[-78.56865,33.87062],[-78.56955,33.87093],[-78.56912,33.87304],[-78.57145,33.87592],[-78.56558,33.87563],[-78.56384,33.87654],[-78.56401,33.87786],[-78.56258,33.87686],[-78.56417,33.88073],[-78.56584,33.88057],[-78.56077,33.88155],[-78.56098,33.88313],[-78.55924,33.88405],[-78.55359,33.88364],[-78.55185,33.88456],[-78.5499,33.88389],[-78.54969,33.88231],[-78.55143,33.88139],[-78.55122,33.8798],[-78.54711,33.87689],[-78.54691,33.8753],[-78.55088,33.87266]]]}},{"type":"Feature","properties":{"sqmi":0.99},"geometry":{"type":"Polygon","coordinates":[[[-77.17958,34.81748],[-77.17941,34.81586],[-77.18122,34.81495],[-77.18105,34.81334],[-77.18285,34.81242],[-77.18269,34.81081],[-77.18072,34.81011],[-77.18055,34.8085],[-77.17858,34.8078],[-77.17841,34.80619],[-77.17644,34.80549],[-77.17628,34.80388],[-77.17431,34.80318],[-77.17251,34.80409],[-77.17054,34.80339],[-77.17037,34.80178],[-77.17217,34.80087],[-77.17791,34.80135],[-77.17972,34.80044],[-77.18169,34.80114],[-77.18185,34.80275],[-77.18382,34.80345],[-77.18399,34.80506],[-77.18914,34.80533],[-77.18897,34.80639],[-77.19258,34.80667],[-77.19567,34.80932],[-77.19023,34.81038],[-77.1904,34.81199],[-77.19237,34.81269],[-77.19389,34.81192],[-77.19302,34.81417],[-77.19303,34.81464],[-77.1935,34.81504],[-77.19496,34.81528],[-77.19561,34.81753],[-77.1925,34.81685],[-77.18902,34.81772],[-77.18713,34.81705],[-77.18532,34.81796],[-77.18632,34.82069],[-77.18484,34.82133],[-77.18449,34.82199],[-77.18461,34.82274],[-77.18306,34.82305],[-77.1827,34.82349],[-77.18573,34.82307],[-77.18446,34.82484],[-77.18447,34.82584],[-77.18197,34.82661],[-77.18169,34.82804],[-77.18049,34.82822],[-77.17973,34.82902],[-77.1789,34.82893],[-77.17878,34.82806],[-77.17681,34.82737],[-77.17664,34.82575],[-77.17845,34.82484],[-77.17828,34.82323],[-77.18008,34.82231],[-77.17992,34.8207],[-77.18172,34.81979],[-77.18155,34.81817],[-77.17958,34.81748]]]}},{"type":"Feature","properties":{"sqmi":0.99},"geometry":{"type":"Polygon","coordinates":[[[-81.13166,32.25264],[-81.13117,32.25089],[-81.13255,32.24967],[-81.13767,32.24954],[-81.13905,32.24832],[-81.13855,32.24657],[-81.13432,32.24374],[-81.13502,32.24209],[-81.13416,32.24047],[-81.13533,32.23696],[-81.1367,32.23605],[-81.13654,32.23327],[-81.13786,32.23186],[-81.13737,32.2301],[-81.13875,32.22889],[-81.14062,32.22943],[-81.14111,32.23118],[-81.13973,32.2324],[-81.14023,32.23415],[-81.1421,32.23469],[-81.14259,32.23644],[-81.14121,32.23766],[-81.13934,32.23712],[-81.13796,32.23834],[-81.13845,32.24009],[-81.14358,32.23995],[-81.14407,32.2417],[-81.14269,32.24292],[-81.14082,32.24238],[-81.13944,32.2436],[-81.13993,32.24535],[-81.14505,32.24521],[-81.14555,32.24696],[-81.14417,32.24818],[-81.14466,32.24993],[-81.14328,32.25115],[-81.14378,32.2529],[-81.14565,32.25344],[-81.14614,32.2552],[-81.14406,32.25795],[-81.14437,32.26113],[-81.14299,32.26235],[-81.13787,32.26249],[-81.13738,32.26074],[-81.13875,32.25952],[-81.13826,32.25777],[-81.13964,32.25655],[-81.13915,32.2548],[-81.13728,32.25426],[-81.1359,32.25547],[-81.13639,32.25723],[-81.13501,32.25844],[-81.12989,32.25858],[-81.1294,32.25683],[-81.13078,32.25561],[-81.13028,32.25386],[-81.13166,32.25264]]]}},{"type":"Feature","properties":{"sqmi":0.98},"geometry":{"type":"Polygon","coordinates":[[[-79.28558,33.42936],[-79.28604,33.43109],[-79.28144,33.43285],[-79.27961,33.43228],[-79.27915,33.43054],[-79.27503,33.42766],[-79.27457,33.42593],[-79.27595,33.42477],[-79.2755,33.42303],[-79.27366,33.42246],[-79.27321,33.42072],[-79.27459,33.41956],[-79.27413,33.41783],[-79.2723,33.41725],[-79.27092,33.41842],[-79.27138,33.42015],[-79.27,33.42132],[-79.26495,33.42134],[-79.26357,33.4225],[-79.26402,33.42424],[-79.26264,33.4254],[-79.26081,33.42483],[-79.26036,33.42309],[-79.26174,33.42193],[-79.26128,33.4202],[-79.26266,33.41903],[-79.26221,33.4173],[-79.26037,33.41673],[-79.25899,33.41789],[-79.25716,33.41732],[-79.25257,33.41907],[-79.25073,33.4185],[-79.25028,33.41677],[-79.25487,33.41501],[-79.2567,33.41558],[-79.25808,33.41442],[-79.25763,33.41268],[-79.25901,33.41152],[-79.26406,33.4115],[-79.26451,33.41323],[-79.26634,33.41381],[-79.26772,33.41264],[-79.26956,33.41321],[-79.27001,33.41495],[-79.27185,33.41552],[-79.27644,33.41376],[-79.27598,33.41203],[-79.27736,33.41086],[-79.2792,33.41143],[-79.27965,33.41317],[-79.27827,33.41433],[-79.27873,33.41607],[-79.27735,33.41723],[-79.2778,33.41897],[-79.28193,33.42185],[-79.28238,33.42358],[-79.281,33.42474],[-79.28146,33.42648],[-79.28008,33.42764],[-79.28053,33.42938],[-79.28558,33.42936]]]}},{"type":"Feature","properties":{"sqmi":0.98},"geometry":{"type":"Polygon","coordinates":[[[-80.8096,32.70496],[-80.80911,32.70321],[-80.80724,32.70266],[-80.80675,32.70091],[-80.80163,32.70102],[-80.80115,32.69927],[-80.79692,32.69643],[-80.79643,32.69468],[-80.79131,32.69479],[-80.79083,32.69304],[-80.7866,32.69019],[-80.78612,32.68844],[-80.781,32.68855],[-80.78093,32.68249],[-80.78201,32.68222],[-80.78374,32.68437],[-80.78756,32.683],[-80.78559,32.68568],[-80.78673,32.68838],[-80.78872,32.68807],[-80.79072,32.68533],[-80.79001,32.68697],[-80.79087,32.68815],[-80.79492,32.68688],[-80.79649,32.68877],[-80.79992,32.68798],[-80.80338,32.69206],[-80.80732,32.68975],[-80.80905,32.69202],[-80.80707,32.6937],[-80.80737,32.69464],[-80.80973,32.69468],[-80.81116,32.69764],[-80.81401,32.6966],[-80.81464,32.69839],[-80.81326,32.6996],[-80.81374,32.70135],[-80.81236,32.70255],[-80.81285,32.7043],[-80.81147,32.7055],[-80.8096,32.70496]]]}},{"type":"Feature","properties":{"sqmi":0.97},"geometry":{"type":"Polygon","coordinates":[[[-80.58974,32.62276],[-80.58788,32.62221],[-80.5865,32.62341],[-80.58698,32.62516],[-80.59118,32.628],[-80.59256,32.6268],[-80.59442,32.62735],[-80.59491,32.6291],[-80.59677,32.62965],[-80.59725,32.6314],[-80.59587,32.6326],[-80.59401,32.63205],[-80.59263,32.63325],[-80.59311,32.635],[-80.59173,32.6362],[-80.58753,32.63335],[-80.58615,32.63455],[-80.58429,32.634],[-80.58291,32.6352],[-80.5787,32.63236],[-80.57732,32.63356],[-80.5778,32.63531],[-80.57642,32.63651],[-80.57132,32.63661],[-80.57084,32.63486],[-80.57222,32.63366],[-80.57408,32.63421],[-80.57546,32.63301],[-80.57498,32.63126],[-80.57636,32.63006],[-80.57588,32.62831],[-80.57726,32.62711],[-80.57912,32.62766],[-80.5805,32.62646],[-80.58002,32.62471],[-80.58139,32.62351],[-80.58326,32.62406],[-80.58464,32.62286],[-80.58415,32.62111],[-80.58553,32.61991],[-80.58739,32.62046],[-80.58877,32.61926],[-80.59064,32.61981],[-80.59201,32.61861],[-80.59388,32.61916],[-80.59526,32.61796],[-80.59477,32.61621],[-80.59615,32.61501],[-80.59801,32.61556],[-80.5985,32.6173],[-80.59712,32.61851],[-80.5976,32.62025],[-80.59946,32.6208],[-80.59994,32.62255],[-80.59856,32.62375],[-80.5967,32.6232],[-80.59532,32.6244],[-80.59112,32.62156],[-80.58974,32.62276]]]}},{"type":"Feature","properties":{"sqmi":0.96},"geometry":{"type":"Polygon","coordinates":[[[-80.13937,32.71523],[-80.14075,32.71404],[-80.14027,32.71229],[-80.14111,32.71157],[-80.14995,32.71039],[-80.15133,32.70919],[-80.15318,32.70975],[-80.15456,32.70856],[-80.15641,32.70911],[-80.15688,32.71086],[-80.1555,32.71205],[-80.15597,32.71379],[-80.15782,32.71435],[-80.1583,32.71609],[-80.15692,32.71728],[-80.15739,32.71903],[-80.15279,32.72085],[-80.15326,32.7226],[-80.15833,32.72251],[-80.15881,32.72426],[-80.16066,32.72481],[-80.16113,32.72656],[-80.15652,32.72838],[-80.15145,32.72847],[-80.15097,32.72672],[-80.15235,32.72553],[-80.15188,32.72379],[-80.15003,32.72323],[-80.14956,32.72149],[-80.14771,32.72093],[-80.14724,32.71919],[-80.14307,32.71634],[-80.14169,32.71753],[-80.14216,32.71927],[-80.14633,32.72213],[-80.1468,32.72387],[-80.14865,32.72442],[-80.14913,32.72617],[-80.14775,32.72736],[-80.1459,32.7268],[-80.14543,32.72506],[-80.14358,32.72451],[-80.14311,32.72276],[-80.13893,32.71991],[-80.13846,32.71816],[-80.13984,32.71697],[-80.13937,32.71523]]]}},{"type":"Feature","properties":{"sqmi":0.92},"geometry":{"type":"Polygon","coordinates":[[[-77.28987,35.03543],[-77.29185,35.03613],[-77.29203,35.03774],[-77.29022,35.03866],[-77.29039,35.04028],[-77.29237,35.04098],[-77.29418,35.04006],[-77.29401,35.03844],[-77.29582,35.03752],[-77.2978,35.03822],[-77.29797,35.03984],[-77.29995,35.04054],[-77.30176,35.03962],[-77.30753,35.0401],[-77.30934,35.03919],[-77.30916,35.03757],[-77.31097,35.03665],[-77.31295,35.03735],[-77.31313,35.03897],[-77.31132,35.03989],[-77.31149,35.0415],[-77.30968,35.04242],[-77.30985,35.04404],[-77.30804,35.04496],[-77.30821,35.04658],[-77.3102,35.04728],[-77.31037,35.0489],[-77.30856,35.04982],[-77.30873,35.05143],[-77.31071,35.05213],[-77.31086,35.05357],[-77.30924,35.05266],[-77.30863,35.0547],[-77.30862,35.05369],[-77.30768,35.05349],[-77.30784,35.05281],[-77.30626,35.05203],[-77.30425,35.05135],[-77.30375,35.05164],[-77.30379,35.05247],[-77.30273,35.05107],[-77.30358,35.05036],[-77.30327,35.0498],[-77.30199,35.04974],[-77.30102,35.0501],[-77.30144,35.04857],[-77.29965,35.04825],[-77.29615,35.04855],[-77.29764,35.04743],[-77.29595,35.04576],[-77.29435,35.04509],[-77.29452,35.0433],[-77.29254,35.0426],[-77.29073,35.04352],[-77.29079,35.0458],[-77.29009,35.04578],[-77.28846,35.04404],[-77.28772,35.04181],[-77.28685,35.04106],[-77.28732,35.0399],[-77.28714,35.03967],[-77.28618,35.03928],[-77.28543,35.03944],[-77.28497,35.04183],[-77.28464,35.03884],[-77.28386,35.03769],[-77.28253,35.03743],[-77.28066,35.0384],[-77.28049,35.03678],[-77.2823,35.03586],[-77.28212,35.03424],[-77.28393,35.03333],[-77.28591,35.03403],[-77.28608,35.03564],[-77.28987,35.03543]]]}},{"type":"Feature","properties":{"sqmi":0.91},"geometry":{"type":"Polygon","coordinates":[[[-79.32964,33.44306],[-79.3278,33.44249],[-79.32734,33.44076],[-79.32872,33.43959],[-79.32827,33.43786],[-79.32322,33.43788],[-79.32276,33.43614],[-79.32414,33.43498],[-79.32139,33.43094],[-79.32277,33.42977],[-79.32461,33.43034],[-79.3292,33.42858],[-79.33104,33.42916],[-79.33242,33.42799],[-79.33196,33.42625],[-79.33334,33.42509],[-79.33518,33.42566],[-79.33564,33.4274],[-79.33426,33.42856],[-79.33471,33.4303],[-79.33655,33.43087],[-79.33793,33.4297],[-79.33747,33.42797],[-79.33885,33.4268],[-79.34298,33.42968],[-79.34344,33.43141],[-79.33884,33.43317],[-79.3393,33.43491],[-79.34114,33.43548],[-79.34573,33.43372],[-79.34757,33.43429],[-79.34803,33.43603],[-79.34665,33.43719],[-79.34159,33.43722],[-79.34021,33.43838],[-79.34067,33.44012],[-79.33929,33.44128],[-79.33745,33.44071],[-79.33285,33.44247],[-79.33102,33.4419],[-79.32964,33.44306]],[[-79.33837,33.43781],[-79.33792,33.43607],[-79.33608,33.4355],[-79.3347,33.43667],[-79.33516,33.4384],[-79.33699,33.43897],[-79.33837,33.43781]]]}},{"type":"Feature","properties":{"sqmi":0.9},"geometry":{"type":"Polygon","coordinates":[[[-81.6107,30.84403],[-81.6112,30.84579],[-81.61306,30.8463],[-81.61356,30.84806],[-81.61865,30.84785],[-81.62001,30.84661],[-81.62187,30.84713],[-81.62237,30.84889],[-81.62101,30.85013],[-81.61914,30.84961],[-81.61778,30.85086],[-81.61828,30.85262],[-81.61691,30.85386],[-81.61505,30.85334],[-81.61369,30.85458],[-81.61419,30.85634],[-81.61282,30.85759],[-81.61096,30.85707],[-81.6096,30.85831],[-81.61009,30.86007],[-81.61196,30.86059],[-81.61245,30.86235],[-81.61109,30.86359],[-81.61159,30.86535],[-81.61083,30.86604],[-81.608,30.86465],[-81.60923,30.86307],[-81.60873,30.86131],[-81.60451,30.85852],[-81.60395,30.85673],[-81.60548,30.85745],[-81.60606,30.85554],[-81.60196,30.85555],[-81.60165,30.85448],[-81.60302,30.85324],[-81.60252,30.85148],[-81.60388,30.85024],[-81.60339,30.84848],[-81.60153,30.84796],[-81.60103,30.8462],[-81.60239,30.84496],[-81.6019,30.8432],[-81.60326,30.84196],[-81.60512,30.84247],[-81.60648,30.84123],[-81.6107,30.84403]]]}},{"type":"Feature","properties":{"sqmi":0.83},"geometry":{"type":"Polygon","coordinates":[[[-77.18472,34.7572],[-77.18275,34.7565],[-77.18259,34.75489],[-77.18062,34.75419],[-77.18045,34.75258],[-77.18225,34.75167],[-77.18209,34.75006],[-77.18389,34.74914],[-77.18372,34.74753],[-77.18175,34.74684],[-77.18159,34.74522],[-77.18339,34.74431],[-77.18322,34.7427],[-77.18125,34.742],[-77.18109,34.74039],[-77.18289,34.73948],[-77.18485,34.74018],[-77.18502,34.74179],[-77.18699,34.74249],[-77.18879,34.74158],[-77.18862,34.73997],[-77.19042,34.73905],[-77.19025,34.73744],[-77.19205,34.73653],[-77.19402,34.73723],[-77.19419,34.73884],[-77.19615,34.73954],[-77.19632,34.74115],[-77.19829,34.74184],[-77.20009,34.74093],[-77.20582,34.74142],[-77.20599,34.74303],[-77.20419,34.74394],[-77.19846,34.74346],[-77.19666,34.74437],[-77.19682,34.74598],[-77.19502,34.74689],[-77.19306,34.74619],[-77.19289,34.74458],[-77.19092,34.74388],[-77.18912,34.7448],[-77.18929,34.74641],[-77.19126,34.74711],[-77.19142,34.74872],[-77.19339,34.74941],[-77.19356,34.75102],[-77.19552,34.75172],[-77.19569,34.75333],[-77.19012,34.75446],[-77.18816,34.75376],[-77.18636,34.75468],[-77.18652,34.75629],[-77.18472,34.7572]]]}},{"type":"Feature","properties":{"sqmi":0.82},"geometry":{"type":"Polygon","coordinates":[[[-80.31257,32.5263],[-80.31394,32.5251],[-80.31579,32.52565],[-80.3204,32.52381],[-80.32225,32.52436],[-80.32272,32.52611],[-80.32135,32.5273],[-80.32182,32.52905],[-80.32045,32.53025],[-80.32092,32.53199],[-80.31632,32.53383],[-80.31679,32.53558],[-80.32097,32.53843],[-80.32145,32.54017],[-80.31684,32.54202],[-80.31266,32.53917],[-80.30806,32.54101],[-80.30298,32.54111],[-80.30251,32.53936],[-80.30388,32.53816],[-80.30341,32.53642],[-80.30478,32.53522],[-80.30431,32.53348],[-80.30569,32.53228],[-80.30754,32.53283],[-80.30891,32.53163],[-80.30844,32.52989],[-80.30981,32.52869],[-80.31167,32.52924],[-80.31304,32.52805],[-80.31257,32.5263]]]}},{"type":"Feature","properties":{"sqmi":0.82},"geometry":{"type":"Polygon","coordinates":[[[-81.50118,31.36594],[-81.50031,31.36466],[-81.50137,31.36429],[-81.50252,31.36623],[-81.50438,31.36675],[-81.50562,31.36503],[-81.50883,31.3649],[-81.51496,31.36718],[-81.51597,31.36647],[-81.51544,31.36522],[-81.51738,31.367],[-81.51889,31.3659],[-81.5224,31.36798],[-81.52483,31.3667],[-81.53391,31.36874],[-81.53617,31.37301],[-81.53509,31.375],[-81.53062,31.37424],[-81.52439,31.37021],[-81.5218,31.371],[-81.51977,31.37445],[-81.5148,31.37516],[-81.50881,31.3738],[-81.50961,31.37308],[-81.50911,31.37132],[-81.50725,31.37079],[-81.50675,31.36903],[-81.50488,31.36851],[-81.50351,31.36974],[-81.49928,31.36694],[-81.50118,31.36594]]]}},{"type":"Feature","properties":{"sqmi":0.79},"geometry":{"type":"Polygon","coordinates":[[[-82.06331,28.10786],[-82.06465,28.10658],[-82.06415,28.10482],[-82.05916,28.10514],[-82.05867,28.10338],[-82.06,28.1021],[-82.0595,28.10033],[-82.06084,28.09905],[-82.06267,28.09953],[-82.064,28.09825],[-82.06583,28.09873],[-82.06632,28.10049],[-82.06499,28.10178],[-82.06548,28.10354],[-82.06731,28.10402],[-82.06865,28.10274],[-82.06815,28.10098],[-82.06948,28.09969],[-82.07131,28.10017],[-82.07265,28.09889],[-82.07448,28.09937],[-82.07497,28.10114],[-82.0768,28.10162],[-82.07729,28.10338],[-82.07596,28.10466],[-82.07646,28.10642],[-82.08145,28.1061],[-82.08278,28.10482],[-82.08461,28.1053],[-82.08511,28.10706],[-82.08694,28.10754],[-82.08827,28.10626],[-82.0901,28.10674],[-82.09143,28.10546],[-82.09326,28.10594],[-82.09376,28.1077],[-82.09242,28.10898],[-82.09059,28.1085],[-82.08926,28.10978],[-82.08743,28.1093],[-82.0861,28.11059],[-82.08427,28.11011],[-82.08377,28.10834],[-82.08194,28.10786],[-82.08061,28.10914],[-82.07878,28.10866],[-82.07745,28.10994],[-82.07562,28.10946],[-82.07429,28.11074],[-82.07246,28.11026],[-82.07196,28.1085],[-82.07013,28.10802],[-82.06964,28.10626],[-82.06781,28.10578],[-82.06648,28.10706],[-82.06697,28.10882],[-82.06564,28.1101],[-82.06381,28.10962],[-82.06247,28.1109],[-82.06065,28.11042],[-82.05931,28.1117],[-82.05748,28.11122],[-82.05699,28.10946],[-82.05832,28.10818],[-82.06331,28.10786]],[[-82.06031,28.10095],[-82.06026,28.1008],[-82.05998,28.10147],[-82.06031,28.10095]],[[-82.07364,28.10242],[-82.07181,28.10194],[-82.07048,28.10322],[-82.07097,28.10498],[-82.0728,28.10546],[-82.07413,28.10418],[-82.07364,28.10242]]]}},{"type":"Feature","properties":{"sqmi":0.78},"geometry":{"type":"Polygon","coordinates":[[[-76.70938,35.93871],[-76.70695,35.93819],[-76.7051,35.93912],[-76.70525,35.94076],[-76.7034,35.94168],[-76.70139,35.94096],[-76.70124,35.93932],[-76.70309,35.9384],[-76.70294,35.93675],[-76.70093,35.93603],[-76.70077,35.93439],[-76.70263,35.93347],[-76.70247,35.93182],[-76.70046,35.9311],[-76.70216,35.92854],[-76.70255,35.92572],[-76.70154,35.92673],[-76.70148,35.9257],[-76.70418,35.92387],[-76.70902,35.92474],[-76.71404,35.92327],[-76.71529,35.92372],[-76.71715,35.9228],[-76.71701,35.92136],[-76.71885,35.92023],[-76.72085,35.92095],[-76.72101,35.9226],[-76.72214,35.923],[-76.72158,35.92336],[-76.71226,35.92632],[-76.71869,35.93047],[-76.71926,35.93221],[-76.71692,35.93323],[-76.71003,35.93381],[-76.70938,35.93871]]]}},{"type":"Feature","properties":{"sqmi":0.75},"geometry":{"type":"Polygon","coordinates":[[[-76.73242,35.89971],[-76.73443,35.90043],[-76.73628,35.89951],[-76.73613,35.89787],[-76.73412,35.89715],[-76.73396,35.89551],[-76.73967,35.89438],[-76.73952,35.89274],[-76.74137,35.89182],[-76.74121,35.89017],[-76.74692,35.88905],[-76.74677,35.88741],[-76.74476,35.88669],[-76.74461,35.88505],[-76.75032,35.88392],[-76.75232,35.88464],[-76.75248,35.88628],[-76.75449,35.887],[-76.75716,35.88637],[-76.75294,35.89167],[-76.74589,35.89725],[-76.74394,35.89846],[-76.74385,35.89746],[-76.74184,35.89674],[-76.73999,35.89766],[-76.74014,35.89931],[-76.73829,35.90023],[-76.73842,35.90155],[-76.73154,35.91088],[-76.72949,35.90977],[-76.72934,35.90813],[-76.73119,35.9072],[-76.73104,35.90556],[-76.73289,35.90464],[-76.73273,35.903],[-76.73066,35.90161],[-76.73242,35.89971]]]}},{"type":"Feature","properties":{"sqmi":0.73},"geometry":{"type":"Polygon","coordinates":[[[-79.20641,33.36485],[-79.20687,33.36658],[-79.20549,33.36775],[-79.20045,33.36777],[-79.19999,33.36603],[-79.19588,33.36315],[-79.19543,33.36142],[-79.1968,33.36026],[-79.19864,33.36083],[-79.20001,33.35966],[-79.19956,33.35793],[-79.19773,33.35736],[-79.19728,33.35562],[-79.19224,33.35564],[-79.1895,33.3516],[-79.19409,33.34985],[-79.19592,33.35042],[-79.1973,33.34926],[-79.19684,33.34752],[-79.19822,33.34636],[-79.19777,33.34462],[-79.19915,33.34346],[-79.19869,33.34173],[-79.20328,33.33997],[-79.20511,33.34054],[-79.20556,33.34228],[-79.20419,33.34344],[-79.20464,33.34517],[-79.20326,33.34634],[-79.20371,33.34807],[-79.20234,33.34924],[-79.20279,33.35097],[-79.20141,33.35213],[-79.20186,33.35387],[-79.20049,33.35503],[-79.20322,33.35907],[-79.20184,33.36024],[-79.2023,33.36197],[-79.20413,33.36254],[-79.20458,33.36428],[-79.20641,33.36485]]]}},{"type":"Feature","properties":{"sqmi":0.73},"geometry":{"type":"Polygon","coordinates":[[[-81.37978,31.43037],[-81.38115,31.42914],[-81.38537,31.43195],[-81.38674,31.43072],[-81.38729,31.42837],[-81.3857,31.4288],[-81.38711,31.42658],[-81.38532,31.4287],[-81.38438,31.42843],[-81.38389,31.42668],[-81.3854,31.42524],[-81.38523,31.42327],[-81.38613,31.42246],[-81.39036,31.42527],[-81.39173,31.42404],[-81.39123,31.42228],[-81.3926,31.42105],[-81.39211,31.41929],[-81.39348,31.41806],[-81.3977,31.42087],[-81.3982,31.42263],[-81.39683,31.42386],[-81.39732,31.42561],[-81.39595,31.42685],[-81.39645,31.4286],[-81.39508,31.42983],[-81.39321,31.42931],[-81.39184,31.43054],[-81.38998,31.43001],[-81.38861,31.43124],[-81.3891,31.433],[-81.39097,31.43353],[-81.39146,31.43528],[-81.39009,31.43651],[-81.39059,31.43827],[-81.38922,31.4395],[-81.38971,31.44126],[-81.38834,31.44249],[-81.38324,31.44267],[-81.38275,31.44091],[-81.38412,31.43968],[-81.38362,31.43792],[-81.38499,31.43669],[-81.3845,31.43494],[-81.38027,31.43213],[-81.37978,31.43037]]]}},{"type":"Feature","properties":{"sqmi":0.71},"geometry":{"type":"Polygon","coordinates":[[[-80.82675,32.58879],[-80.82806,32.58843],[-80.8283,32.58784],[-80.82693,32.58691],[-80.82592,32.58737],[-80.82555,32.5862],[-80.82523,32.58849],[-80.82694,32.58713],[-80.82809,32.58811],[-80.82648,32.58874],[-80.82769,32.58914],[-80.82875,32.58877],[-80.82911,32.59007],[-80.82773,32.59127],[-80.82351,32.58843],[-80.82213,32.58964],[-80.82026,32.58909],[-80.81888,32.5903],[-80.81701,32.58975],[-80.81652,32.588],[-80.81791,32.5868],[-80.81977,32.58734],[-80.82115,32.58614],[-80.82067,32.58439],[-80.82205,32.58318],[-80.82156,32.58143],[-80.81969,32.58088],[-80.81921,32.57913],[-80.82059,32.57793],[-80.82245,32.57847],[-80.82383,32.57727],[-80.82335,32.57552],[-80.82473,32.57431],[-80.82424,32.57256],[-80.82562,32.57136],[-80.82513,32.56961],[-80.82652,32.5684],[-80.82838,32.56895],[-80.82887,32.5707],[-80.82749,32.5719],[-80.82798,32.57365],[-80.8322,32.57649],[-80.83269,32.57824],[-80.83131,32.57945],[-80.83179,32.5812],[-80.83366,32.58174],[-80.83398,32.5829],[-80.83277,32.5847],[-80.83326,32.58645],[-80.83187,32.58766],[-80.83001,32.58711],[-80.8287,32.5886],[-80.82675,32.58879]],[[-80.82716,32.58306],[-80.8253,32.58252],[-80.82392,32.58373],[-80.8244,32.58548],[-80.82627,32.58602],[-80.82765,32.58482],[-80.82716,32.58306]]]}},{"type":"Feature","properties":{"sqmi":0.7},"geometry":{"type":"Polygon","coordinates":[[[-81.33826,31.68539],[-81.33315,31.68556],[-81.33266,31.6838],[-81.33403,31.68258],[-81.3359,31.68311],[-81.33727,31.68188],[-81.33914,31.68241],[-81.34051,31.68118],[-81.34238,31.68171],[-81.34375,31.68048],[-81.34562,31.68101],[-81.34699,31.67979],[-81.34886,31.68032],[-81.35023,31.67909],[-81.3521,31.67962],[-81.35347,31.67839],[-81.35534,31.67892],[-81.35584,31.68068],[-81.35446,31.6819],[-81.3526,31.68138],[-81.35122,31.6826],[-81.35172,31.68436],[-81.35035,31.68559],[-81.35084,31.68734],[-81.35595,31.68717],[-81.35732,31.68595],[-81.35683,31.68419],[-81.3582,31.68296],[-81.36007,31.68349],[-81.36056,31.68525],[-81.35919,31.68648],[-81.35969,31.68823],[-81.35831,31.68946],[-81.35645,31.68893],[-81.35507,31.69016],[-81.3532,31.68963],[-81.35183,31.69086],[-81.34996,31.69033],[-81.34859,31.69155],[-81.34672,31.69102],[-81.34623,31.68927],[-81.34112,31.68943],[-81.34062,31.68768],[-81.33876,31.68715],[-81.33826,31.68539]]]}},{"type":"Feature","properties":{"sqmi":0.68},"geometry":{"type":"Polygon","coordinates":[[[-80.38211,32.55658],[-80.38259,32.55832],[-80.38121,32.55952],[-80.37936,32.55897],[-80.37798,32.56017],[-80.37845,32.56192],[-80.37708,32.56311],[-80.37522,32.56256],[-80.37385,32.56376],[-80.37432,32.56551],[-80.37295,32.5667],[-80.37109,32.56615],[-80.36972,32.56735],[-80.36786,32.5668],[-80.36325,32.56864],[-80.3614,32.56809],[-80.36093,32.56635],[-80.35907,32.5658],[-80.3586,32.56405],[-80.35351,32.56415],[-80.35304,32.5624],[-80.35118,32.56185],[-80.35071,32.5601],[-80.35208,32.55891],[-80.35394,32.55946],[-80.35441,32.5612],[-80.35627,32.56175],[-80.35764,32.56056],[-80.3595,32.56111],[-80.36132,32.56004],[-80.36273,32.56046],[-80.3632,32.56221],[-80.36506,32.56276],[-80.36643,32.56156],[-80.36596,32.55981],[-80.36733,32.55862],[-80.37152,32.56146],[-80.37289,32.56027],[-80.37242,32.55852],[-80.3731,32.55792],[-80.37482,32.55861],[-80.37632,32.55794],[-80.37545,32.55526],[-80.37793,32.55373],[-80.37978,32.55428],[-80.38026,32.55603],[-80.38211,32.55658]]]}},{"type":"Feature","properties":{"sqmi":0.67},"geometry":{"type":"Polygon","coordinates":[[[-78.04495,34.15578],[-78.04618,34.15651],[-78.0463,34.15751],[-78.04454,34.15843],[-78.04473,34.16002],[-78.04884,34.16297],[-78.04903,34.16456],[-78.04727,34.16548],[-78.04746,34.16707],[-78.0457,34.16799],[-78.04374,34.16731],[-78.04198,34.16823],[-78.04002,34.16755],[-78.03983,34.16595],[-78.04159,34.16504],[-78.04355,34.16572],[-78.04531,34.1648],[-78.04512,34.16321],[-78.03945,34.16277],[-78.03925,34.16117],[-78.0373,34.1605],[-78.03711,34.1589],[-78.03143,34.15846],[-78.03124,34.15687],[-78.02928,34.15619],[-78.02909,34.1546],[-78.02341,34.15409],[-78.02826,34.15281],[-78.02855,34.15008],[-78.03186,34.14855],[-78.03117,34.14463],[-78.03221,34.144],[-78.03329,34.14481],[-78.03242,34.14833],[-78.03446,34.1506],[-78.03577,34.15113],[-78.03438,34.15185],[-78.03457,34.15345],[-78.03653,34.15412],[-78.03829,34.15321],[-78.03742,34.15138],[-78.03892,34.15165],[-78.04058,34.15371],[-78.04044,34.15548],[-78.04495,34.15578]]]}},{"type":"Feature","properties":{"sqmi":0.67},"geometry":{"type":"Polygon","coordinates":[[[-81.50226,31.37749],[-81.50177,31.37573],[-81.50276,31.37484],[-81.50951,31.37649],[-81.51498,31.37595],[-81.51839,31.37659],[-81.51798,31.3774],[-81.51507,31.37763],[-81.51357,31.37996],[-81.51151,31.37992],[-81.51254,31.38272],[-81.51369,31.38287],[-81.51691,31.38198],[-81.51869,31.38288],[-81.51935,31.38454],[-81.51748,31.38858],[-81.51849,31.38965],[-81.52152,31.39062],[-81.52331,31.38881],[-81.52353,31.38966],[-81.5239,31.38988],[-81.52441,31.38986],[-81.52524,31.38917],[-81.52693,31.3899],[-81.52174,31.39482],[-81.52022,31.3945],[-81.51945,31.39262],[-81.51296,31.39017],[-81.50848,31.38733],[-81.50799,31.38557],[-81.50936,31.38433],[-81.50886,31.38258],[-81.50699,31.38205],[-81.5065,31.38029],[-81.50463,31.37977],[-81.50413,31.37801],[-81.50226,31.37749]]]}},{"type":"Feature","properties":{"sqmi":0.66},"geometry":{"type":"Polygon","coordinates":[[[-77.09492,35.66997],[-77.09308,35.6709],[-77.09108,35.67019],[-77.09091,35.66855],[-77.08891,35.66784],[-77.08874,35.66621],[-77.09058,35.66528],[-77.09041,35.66365],[-77.08841,35.66294],[-77.08824,35.6613],[-77.09008,35.66038],[-77.08991,35.65874],[-77.08791,35.65803],[-77.08774,35.6564],[-77.0819,35.6559],[-77.08173,35.65427],[-77.08357,35.65334],[-77.0834,35.65171],[-77.08524,35.65078],[-77.08724,35.65149],[-77.08741,35.65313],[-77.08941,35.65384],[-77.09509,35.6527],[-77.09709,35.65341],[-77.09726,35.65504],[-77.09926,35.65575],[-77.09943,35.65739],[-77.09759,35.65831],[-77.09776,35.65995],[-77.09976,35.66066],[-77.09993,35.66229],[-77.10193,35.663],[-77.1021,35.66464],[-77.09642,35.66578],[-77.09659,35.66741],[-77.09475,35.66834],[-77.09492,35.66997]],[[-77.09609,35.66251],[-77.09592,35.66087],[-77.09392,35.66016],[-77.09208,35.66109],[-77.09225,35.66272],[-77.09425,35.66343],[-77.09609,35.66251]]]}},{"type":"Feature","properties":{"sqmi":0.66},"geometry":{"type":"Polygon","coordinates":[[[-79.69617,32.85665],[-79.69648,32.85852],[-79.69526,32.85957],[-79.69342,32.85901],[-79.69205,32.86019],[-79.69251,32.86193],[-79.69113,32.86311],[-79.6893,32.86254],[-79.68792,32.86372],[-79.68838,32.86546],[-79.68701,32.86664],[-79.68517,32.86608],[-79.68379,32.86726],[-79.68426,32.869],[-79.68288,32.87018],[-79.68104,32.86962],[-79.67967,32.8708],[-79.67783,32.87024],[-79.67645,32.87142],[-79.67462,32.87086],[-79.67003,32.87266],[-79.66819,32.8721],[-79.66773,32.87036],[-79.67232,32.86856],[-79.67186,32.86682],[-79.67059,32.86643],[-79.67309,32.8651],[-79.67507,32.8662],[-79.67966,32.8644],[-79.68149,32.86496],[-79.68287,32.86378],[-79.68241,32.86204],[-79.68378,32.86086],[-79.68562,32.86142],[-79.687,32.86024],[-79.68653,32.8585],[-79.68481,32.85798],[-79.6876,32.85614],[-79.68791,32.85732],[-79.68975,32.85788],[-79.69112,32.8567],[-79.68986,32.85472],[-79.69133,32.85366],[-79.69387,32.85435],[-79.69525,32.85317],[-79.69709,32.85373],[-79.69739,32.85487],[-79.69617,32.85665]]]}},{"type":"Feature","properties":{"sqmi":0.66},"geometry":{"type":"Polygon","coordinates":[[[-80.24065,32.53699],[-80.23927,32.53819],[-80.23742,32.53764],[-80.23605,32.53883],[-80.23652,32.54058],[-80.23514,32.54177],[-80.23007,32.54186],[-80.2287,32.54306],[-80.22917,32.5448],[-80.22779,32.546],[-80.22594,32.54545],[-80.22457,32.54664],[-80.22359,32.54635],[-80.2247,32.54519],[-80.22359,32.54453],[-80.22134,32.54728],[-80.21627,32.54737],[-80.2149,32.54857],[-80.21518,32.54961],[-80.2072,32.54801],[-80.24658,32.52994],[-80.24834,32.53032],[-80.24753,32.53102],[-80.24568,32.53047],[-80.2443,32.53166],[-80.24477,32.53341],[-80.24017,32.53525],[-80.24065,32.53699]]]}},{"type":"Feature","properties":{"sqmi":0.66},"geometry":{"type":"Polygon","coordinates":[[[-80.23154,32.62252],[-80.23202,32.62427],[-80.23387,32.62482],[-80.23444,32.62659],[-80.23365,32.62814],[-80.236,32.62759],[-80.23757,32.62592],[-80.23942,32.62648],[-80.23989,32.62822],[-80.23852,32.62941],[-80.23899,32.63116],[-80.24316,32.63401],[-80.24454,32.63282],[-80.24407,32.63107],[-80.24544,32.62988],[-80.2473,32.63043],[-80.24777,32.63218],[-80.24639,32.63337],[-80.24687,32.63511],[-80.24872,32.63567],[-80.25009,32.63447],[-80.25022,32.63221],[-80.25326,32.6336],[-80.25195,32.63502],[-80.25242,32.63677],[-80.25427,32.63732],[-80.25475,32.63907],[-80.25337,32.64026],[-80.24829,32.64035],[-80.24781,32.63861],[-80.24596,32.63805],[-80.24549,32.63631],[-80.24041,32.6364],[-80.23994,32.63465],[-80.23576,32.6318],[-80.23529,32.63006],[-80.23021,32.63014],[-80.22974,32.6284],[-80.22556,32.62555],[-80.22509,32.6238],[-80.22647,32.62261],[-80.22599,32.62087],[-80.22737,32.61967],[-80.23245,32.61958],[-80.23292,32.62133],[-80.23154,32.62252]]]}},{"type":"Feature","properties":{"sqmi":0.62},"geometry":{"type":"Polygon","coordinates":[[[-81.17397,32.15838],[-81.17446,32.16013],[-81.17308,32.16135],[-81.16885,32.15852],[-81.16747,32.15974],[-81.1656,32.1592],[-81.16422,32.16042],[-81.16235,32.15988],[-81.16186,32.15813],[-81.16324,32.15691],[-81.16274,32.15516],[-81.16412,32.15394],[-81.16363,32.15219],[-81.16501,32.15097],[-81.16451,32.14922],[-81.16589,32.148],[-81.16776,32.14853],[-81.16914,32.14732],[-81.17337,32.15014],[-81.17387,32.1519],[-81.17574,32.15244],[-81.17712,32.15122],[-81.17662,32.14946],[-81.178,32.14825],[-81.17987,32.14878],[-81.18036,32.15054],[-81.17899,32.15175],[-81.17948,32.15351],[-81.18135,32.15404],[-81.18184,32.1558],[-81.18047,32.15702],[-81.17623,32.15419],[-81.17485,32.15541],[-81.17535,32.15716],[-81.17397,32.15838]]]}},{"type":"Feature","properties":{"sqmi":0.59},"geometry":{"type":"Polygon","coordinates":[[[-79.10762,33.61323],[-79.10785,33.61481],[-79.10613,33.61573],[-79.10635,33.6173],[-79.10463,33.61823],[-79.10485,33.6198],[-79.10313,33.62072],[-79.10118,33.62007],[-79.10096,33.61849],[-79.09519,33.61703],[-79.09684,33.61561],[-79.09879,33.61626],[-79.10051,33.61534],[-79.10029,33.61376],[-79.09467,33.61338],[-79.09444,33.6118],[-79.09617,33.61088],[-79.09594,33.6093],[-79.09399,33.60865],[-79.09377,33.60707],[-79.09182,33.60642],[-79.0916,33.60484],[-79.09332,33.60392],[-79.09527,33.60457],[-79.09699,33.60365],[-79.09686,33.60275],[-79.10003,33.61045],[-79.1023,33.61196],[-79.10441,33.61203],[-79.10679,33.60958],[-79.10821,33.60186],[-79.1115,33.60139],[-79.11167,33.60259],[-79.10995,33.60351],[-79.11017,33.60508],[-79.11212,33.60574],[-79.11234,33.60731],[-79.11062,33.60824],[-79.11084,33.60981],[-79.10912,33.61073],[-79.10935,33.61231],[-79.10762,33.61323]]]}},{"type":"Feature","properties":{"sqmi":0.57},"geometry":{"type":"Polygon","coordinates":[[[-75.47395,35.63874],[-75.47209,35.63963],[-75.4722,35.64127],[-75.47418,35.64201],[-75.47429,35.64364],[-75.47242,35.64454],[-75.47254,35.64618],[-75.47451,35.64692],[-75.47463,35.64855],[-75.4766,35.64929],[-75.47672,35.65093],[-75.47485,35.65183],[-75.47496,35.65346],[-75.47694,35.6542],[-75.47705,35.65584],[-75.47903,35.65657],[-75.47914,35.65821],[-75.47728,35.65911],[-75.47739,35.66074],[-75.47937,35.66148],[-75.47948,35.66312],[-75.47762,35.66402],[-75.47773,35.66566],[-75.47971,35.66639],[-75.47982,35.66803],[-75.47795,35.66893],[-75.47807,35.67057],[-75.48004,35.6713],[-75.48154,35.67058],[-75.48225,35.67176],[-75.47829,35.67384],[-75.4784,35.67548],[-75.48038,35.67621],[-75.48049,35.67785],[-75.48247,35.67859],[-75.48259,35.68023],[-75.48072,35.68113],[-75.48083,35.68276],[-75.48281,35.6835],[-75.48292,35.68514],[-75.48106,35.68604],[-75.48112,35.68694],[-75.47412,35.66104],[-75.47393,35.65509],[-75.46799,35.62695],[-75.46933,35.62745],[-75.46944,35.62908],[-75.47142,35.62982],[-75.47153,35.63145],[-75.46966,35.63235],[-75.46977,35.63399],[-75.47175,35.63473],[-75.47186,35.63636],[-75.47384,35.6371],[-75.47395,35.63874]]]}},{"type":"Feature","properties":{"sqmi":0.57},"geometry":{"type":"Polygon","coordinates":[[[-81.13175,32.19786],[-81.13224,32.19961],[-81.13086,32.20083],[-81.13136,32.20258],[-81.13648,32.20244],[-81.13697,32.20419],[-81.13884,32.20473],[-81.13933,32.20649],[-81.14101,32.20697],[-81.13656,32.21218],[-81.12871,32.20809],[-81.1231,32.1997],[-81.12315,32.1967],[-81.12427,32.19571],[-81.12939,32.19557],[-81.12988,32.19732],[-81.13175,32.19786]]]}},{"type":"Feature","properties":{"sqmi":0.56},"geometry":{"type":"Polygon","coordinates":[[[-78.37696,34.00358],[-78.38107,34.00651],[-78.38282,34.0056],[-78.38262,34.00401],[-78.38437,34.00309],[-78.38632,34.00376],[-78.38653,34.00535],[-78.38478,34.00627],[-78.38498,34.00785],[-78.38693,34.00853],[-78.38714,34.01011],[-78.38909,34.01078],[-78.39084,34.00987],[-78.39064,34.00828],[-78.39609,34.00711],[-78.39805,34.00778],[-78.39825,34.00937],[-78.3965,34.01029],[-78.3967,34.01188],[-78.39495,34.0128],[-78.39516,34.01438],[-78.3897,34.01555],[-78.38559,34.01262],[-78.38539,34.01103],[-78.38343,34.01036],[-78.38323,34.00877],[-78.38128,34.0081],[-78.37952,34.00902],[-78.37973,34.01061],[-78.37798,34.01153],[-78.37602,34.01086],[-78.37582,34.00927],[-78.37016,34.00884],[-78.36996,34.00726],[-78.37171,34.00634],[-78.37151,34.00475],[-78.37696,34.00358]]]}},{"type":"Feature","properties":{"sqmi":0.55},"geometry":{"type":"Polygon","coordinates":[[[-77.12715,35.68297],[-77.12531,35.6839],[-77.12548,35.68553],[-77.12364,35.68646],[-77.12381,35.6881],[-77.12198,35.68902],[-77.11997,35.68831],[-77.11813,35.68924],[-77.11613,35.68853],[-77.11596,35.68689],[-77.11396,35.68618],[-77.11212,35.68711],[-77.11229,35.68874],[-77.11045,35.68967],[-77.10845,35.68896],[-77.10828,35.68732],[-77.10628,35.68661],[-77.10611,35.68498],[-77.10795,35.68405],[-77.10778,35.68241],[-77.10961,35.68149],[-77.10945,35.67985],[-77.11128,35.67893],[-77.11713,35.67942],[-77.1173,35.68106],[-77.1193,35.68177],[-77.12114,35.68084],[-77.12698,35.68134],[-77.12715,35.68297]]]}},{"type":"Feature","properties":{"sqmi":0.54},"geometry":{"type":"Polygon","coordinates":[[[-77.5079,34.47404],[-77.50807,34.47564],[-77.51217,34.47862],[-77.51235,34.48023],[-77.51056,34.48114],[-77.5086,34.48045],[-77.50843,34.47885],[-77.50433,34.47586],[-77.50254,34.47678],[-77.50272,34.47838],[-77.50682,34.48136],[-77.507,34.48297],[-77.50521,34.48388],[-77.50539,34.48548],[-77.5036,34.48639],[-77.50179,34.48576],[-77.50118,34.484],[-77.49919,34.48436],[-77.49969,34.48015],[-77.49739,34.47677],[-77.49586,34.47681],[-77.49684,34.47631],[-77.4988,34.477],[-77.50058,34.47609],[-77.50041,34.47448],[-77.49845,34.47379],[-77.49634,34.47457],[-77.50517,34.47068],[-77.506,34.47162],[-77.50315,34.47304],[-77.50533,34.47316],[-77.5066,34.47631],[-77.50575,34.47231],[-77.50748,34.47024],[-77.50951,34.47152],[-77.51129,34.47061],[-77.51111,34.46901],[-77.50943,34.46809],[-77.51171,34.46842],[-77.51281,34.46727],[-77.5129,34.46809],[-77.51486,34.46878],[-77.51664,34.46787],[-77.5186,34.46856],[-77.51878,34.47016],[-77.51325,34.4713],[-77.51343,34.4729],[-77.5079,34.47404]]]}},{"type":"Feature","properties":{"sqmi":0.54},"geometry":{"type":"Polygon","coordinates":[[[-78.61611,33.98979],[-78.6159,33.98821],[-78.61178,33.98529],[-78.61157,33.9837],[-78.61331,33.98278],[-78.6131,33.98119],[-78.61855,33.98001],[-78.61834,33.97843],[-78.62008,33.97751],[-78.62204,33.97817],[-78.62225,33.97976],[-78.62051,33.98068],[-78.62072,33.98227],[-78.62267,33.98293],[-78.62754,33.98206],[-78.629,33.98469],[-78.62875,33.98652],[-78.62701,33.98744],[-78.62722,33.98903],[-78.62177,33.99021],[-78.62198,33.99179],[-78.62024,33.99271],[-78.61611,33.98979]]]}},{"type":"Feature","properties":{"sqmi":0.54},"geometry":{"type":"Polygon","coordinates":[[[-80.92929,32.45673],[-80.93067,32.45552],[-80.93018,32.45376],[-80.92831,32.45322],[-80.92782,32.45147],[-80.9292,32.45026],[-80.93107,32.4508],[-80.93245,32.4496],[-80.93432,32.45014],[-80.9357,32.44893],[-80.93757,32.44947],[-80.93895,32.44826],[-80.94082,32.4488],[-80.9422,32.44759],[-80.94171,32.44584],[-80.94309,32.44463],[-80.94496,32.44518],[-80.94544,32.44693],[-80.94407,32.44814],[-80.94455,32.44989],[-80.94317,32.4511],[-80.94366,32.45285],[-80.94228,32.45406],[-80.94277,32.45581],[-80.94464,32.45635],[-80.94513,32.45811],[-80.94375,32.45931],[-80.93952,32.45648],[-80.93814,32.45769],[-80.93303,32.45781],[-80.93165,32.45902],[-80.93214,32.46077],[-80.93076,32.46198],[-80.92889,32.46144],[-80.9284,32.45969],[-80.92978,32.45848],[-80.92929,32.45673]],[[-80.93392,32.45485],[-80.93579,32.45539],[-80.93717,32.45418],[-80.93668,32.45243],[-80.93481,32.45189],[-80.93343,32.4531],[-80.93392,32.45485]]]}},{"type":"Feature","properties":{"sqmi":0.5},"geometry":{"type":"Polygon","coordinates":[[[-77.54494,34.58729],[-77.54691,34.58798],[-77.54709,34.58959],[-77.5453,34.5905],[-77.54548,34.59211],[-77.54369,34.59302],[-77.54172,34.59233],[-77.53993,34.59325],[-77.53582,34.59026],[-77.53565,34.58865],[-77.53743,34.58774],[-77.53726,34.58613],[-77.53904,34.58522],[-77.53887,34.58361],[-77.54065,34.5827],[-77.54048,34.58109],[-77.53851,34.5804],[-77.53833,34.57879],[-77.54012,34.57788],[-77.54209,34.57857],[-77.54387,34.57766],[-77.54369,34.57605],[-77.54548,34.57513],[-77.54745,34.57582],[-77.54763,34.57743],[-77.54584,34.57835],[-77.54602,34.57995],[-77.54798,34.58064],[-77.54816,34.58225],[-77.54637,34.58316],[-77.54655,34.58477],[-77.54476,34.58568],[-77.54494,34.58729]]]}},{"type":"Feature","properties":{"sqmi":0.5},"geometry":{"type":"Polygon","coordinates":[[[-81.09019,29.38967],[-81.09314,29.39445],[-81.09127,29.39555],[-81.09175,29.39731],[-81.09357,29.39781],[-81.09431,29.39712],[-81.09587,29.40008],[-81.09405,29.39957],[-81.09271,29.40082],[-81.09089,29.40031],[-81.09014,29.401],[-81.08799,29.39626],[-81.08945,29.39505],[-81.08897,29.39329],[-81.0866,29.3933],[-81.07866,29.37583],[-81.07968,29.37773],[-81.0815,29.37824],[-81.08284,29.37699],[-81.08527,29.37693],[-81.09019,29.38967]]]}},{"type":"Feature","properties":{"sqmi":0.49},"geometry":{"type":"Polygon","coordinates":[[[-78.11463,34.04244],[-78.11873,34.04538],[-78.12049,34.04446],[-78.12029,34.04287],[-78.12576,34.04172],[-78.12771,34.04239],[-78.1279,34.04398],[-78.12615,34.0449],[-78.12634,34.04649],[-78.12458,34.0474],[-78.12478,34.04899],[-78.12302,34.04991],[-78.12322,34.0515],[-78.11775,34.05265],[-78.1158,34.05198],[-78.1156,34.05039],[-78.11365,34.04971],[-78.11346,34.04812],[-78.1078,34.04769],[-78.1076,34.0461],[-78.10936,34.04518],[-78.10916,34.04359],[-78.11463,34.04244]]]}},{"type":"Feature","properties":{"sqmi":0.48},"geometry":{"type":"Polygon","coordinates":[[[-76.52091,35.94122],[-76.52106,35.94287],[-76.5192,35.94379],[-76.51333,35.94326],[-76.51319,35.94162],[-76.51118,35.94089],[-76.51103,35.93925],[-76.50903,35.93853],[-76.50717,35.93945],[-76.50732,35.94109],[-76.50546,35.94201],[-76.50345,35.94129],[-76.5033,35.93964],[-76.5013,35.93892],[-76.50115,35.93728],[-76.49915,35.93655],[-76.499,35.93491],[-76.49313,35.93438],[-76.49127,35.9353],[-76.48927,35.93458],[-76.48912,35.93294],[-76.49098,35.93202],[-76.49083,35.93037],[-76.49655,35.92926],[-76.49856,35.92998],[-76.4987,35.93163],[-76.50071,35.93235],[-76.50086,35.93399],[-76.50286,35.93472],[-76.50301,35.93636],[-76.50501,35.93708],[-76.51074,35.93596],[-76.51274,35.93669],[-76.51289,35.93833],[-76.5149,35.93905],[-76.51504,35.9407],[-76.51705,35.94142],[-76.51891,35.9405],[-76.52091,35.94122]]]}},{"type":"Feature","properties":{"sqmi":0.47},"geometry":{"type":"Polygon","coordinates":[[[-80.12505,32.71254],[-80.12643,32.71135],[-80.12804,32.71183],[-80.12542,32.71329],[-80.1258,32.71423],[-80.13024,32.71265],[-80.12951,32.71114],[-80.12873,32.71151],[-80.12965,32.71071],[-80.13473,32.71063],[-80.1352,32.71238],[-80.13168,32.71703],[-80.13416,32.71481],[-80.13292,32.7165],[-80.13339,32.71825],[-80.13756,32.7211],[-80.13803,32.72284],[-80.13665,32.72403],[-80.13712,32.72578],[-80.13897,32.72633],[-80.13944,32.72808],[-80.13807,32.72927],[-80.13299,32.72935],[-80.13252,32.7276],[-80.1339,32.72641],[-80.13343,32.72467],[-80.1348,32.72348],[-80.13433,32.72173],[-80.13248,32.72118],[-80.13201,32.71944],[-80.13016,32.71888],[-80.12969,32.71714],[-80.12784,32.71658],[-80.12324,32.71841],[-80.12139,32.71785],[-80.12092,32.71611],[-80.1223,32.71492],[-80.12182,32.71318],[-80.1232,32.71199],[-80.12505,32.71254]]]}},{"type":"Feature","properties":{"sqmi":0.46},"geometry":{"type":"Polygon","coordinates":[[[-79.14683,33.5039],[-79.14821,33.50274],[-79.14775,33.50101],[-79.14913,33.49985],[-79.14868,33.49811],[-79.15006,33.49695],[-79.14961,33.49522],[-79.14788,33.49468],[-79.14854,33.49189],[-79.15054,33.49232],[-79.15191,33.49116],[-79.15146,33.48943],[-79.15284,33.48827],[-79.15788,33.48826],[-79.15834,33.48999],[-79.15696,33.49115],[-79.15513,33.49058],[-79.15375,33.49174],[-79.1542,33.49347],[-79.15282,33.49463],[-79.15556,33.49867],[-79.15418,33.49983],[-79.15463,33.50157],[-79.15646,33.50214],[-79.15691,33.50387],[-79.15232,33.50562],[-79.15277,33.50736],[-79.15461,33.50793],[-79.15386,33.51092],[-79.15233,33.51023],[-79.14976,33.50613],[-79.14683,33.5039]]]}},{"type":"Feature","properties":{"sqmi":0.45},"geometry":{"type":"Polygon","coordinates":[[[-81.74192,30.8285],[-81.74329,30.82726],[-81.74279,30.8255],[-81.74092,30.82498],[-81.74042,30.82322],[-81.74179,30.82198],[-81.74365,30.82249],[-81.74502,30.82125],[-81.74688,30.82176],[-81.74825,30.82052],[-81.74775,30.81876],[-81.74911,30.81751],[-81.75098,30.81803],[-81.75148,30.81979],[-81.75011,30.82103],[-81.75061,30.82279],[-81.74925,30.82404],[-81.74975,30.8258],[-81.75484,30.82558],[-81.75534,30.82735],[-81.75398,30.82859],[-81.75211,30.82807],[-81.75075,30.82932],[-81.75125,30.83108],[-81.74988,30.83233],[-81.74802,30.83181],[-81.74665,30.83306],[-81.74242,30.83026],[-81.74192,30.8285]]]}},{"type":"Feature","properties":{"sqmi":0.44},"geometry":{"type":"Polygon","coordinates":[[[-75.50487,35.7364],[-75.50463,35.73751],[-75.5065,35.73639],[-75.50754,35.73702],[-75.50936,35.74016],[-75.51332,35.73979],[-75.5123,35.74054],[-75.51459,35.74487],[-75.51326,35.74616],[-75.51438,35.74802],[-75.51374,35.75029],[-75.51493,35.75023],[-75.51516,35.7482],[-75.51806,35.74794],[-75.51592,35.74931],[-75.51681,35.74987],[-75.51614,35.75028],[-75.51718,35.75018],[-75.51619,35.75103],[-75.51706,35.75161],[-75.51524,35.7521],[-75.51723,35.75211],[-75.51702,35.75305],[-75.51771,35.75294],[-75.5166,35.75353],[-75.51462,35.75279],[-75.51451,35.75116],[-75.51252,35.75042],[-75.51065,35.75132],[-75.51077,35.75296],[-75.50947,35.75352],[-75.50479,35.74594],[-75.50646,35.74657],[-75.50833,35.74567],[-75.50822,35.74403],[-75.50624,35.74329],[-75.50612,35.74165],[-75.50414,35.74091],[-75.50234,35.74178],[-75.50097,35.73914],[-75.50204,35.73854],[-75.50193,35.7369],[-75.50487,35.7364]],[[-75.50793,35.74047],[-75.50818,35.7387],[-75.50652,35.73878],[-75.50663,35.74037],[-75.50793,35.74047]],[[-75.51026,35.74324],[-75.50934,35.74171],[-75.50755,35.74258],[-75.50807,35.74356],[-75.50992,35.74297],[-75.50853,35.74412],[-75.51026,35.74324]]]}},{"type":"Feature","properties":{"sqmi":0.44},"geometry":{"type":"Polygon","coordinates":[[[-81.34012,28.95759],[-81.34146,28.95633],[-81.34098,28.95457],[-81.33916,28.95408],[-81.33868,28.95232],[-81.34001,28.95106],[-81.33953,28.9493],[-81.33771,28.94881],[-81.33723,28.94705],[-81.33857,28.94579],[-81.33965,28.94762],[-81.3394,28.94602],[-81.34039,28.94629],[-81.34173,28.94503],[-81.34313,28.94541],[-81.34621,28.94965],[-81.345,28.9508],[-81.34548,28.95255],[-81.34414,28.95381],[-81.34462,28.95557],[-81.34328,28.95683],[-81.34377,28.95859],[-81.34243,28.95984],[-81.34291,28.9616],[-81.34157,28.96286],[-81.34205,28.96462],[-81.34072,28.96588],[-81.3412,28.96763],[-81.33986,28.96889],[-81.33804,28.96839],[-81.33756,28.96664],[-81.33889,28.96538],[-81.33841,28.96362],[-81.33975,28.96236],[-81.33927,28.96061],[-81.33745,28.96011],[-81.33696,28.95835],[-81.3383,28.95709],[-81.34012,28.95759]]]}},{"type":"Feature","properties":{"sqmi":0.43},"geometry":{"type":"Polygon","coordinates":[[[-78.08949,34.2198],[-78.08772,34.22072],[-78.08792,34.22231],[-78.09203,34.22526],[-78.09223,34.22686],[-78.08674,34.22802],[-78.08106,34.22758],[-78.08086,34.22598],[-78.08263,34.22507],[-78.08243,34.22347],[-78.08047,34.22279],[-78.08028,34.2212],[-78.08204,34.22028],[-78.08185,34.21869],[-78.08361,34.21777],[-78.08342,34.21617],[-78.08518,34.21526],[-78.08499,34.21366],[-78.08675,34.21275],[-78.09086,34.2157],[-78.09106,34.21729],[-78.08929,34.21821],[-78.08949,34.2198]]]}},{"type":"Feature","properties":{"sqmi":0.43},"geometry":{"type":"Polygon","coordinates":[[[-79.15545,33.34593],[-79.15796,33.34668],[-79.15837,33.34825],[-79.157,33.34942],[-79.15745,33.35115],[-79.15928,33.35172],[-79.15973,33.35346],[-79.15835,33.35462],[-79.1588,33.35635],[-79.15743,33.35752],[-79.1556,33.35694],[-79.15422,33.35811],[-79.15326,33.36099],[-79.15074,33.36104],[-79.15203,33.35092],[-79.15409,33.34387],[-79.15843,33.33281],[-79.16042,33.33031],[-79.16072,33.33146],[-79.15934,33.33263],[-79.1598,33.33436],[-79.15842,33.33552],[-79.1588,33.33698],[-79.15545,33.34593]]]}},{"type":"Feature","properties":{"sqmi":0.43},"geometry":{"type":"Polygon","coordinates":[[[-80.81733,32.61557],[-80.81546,32.61503],[-80.81498,32.61328],[-80.81636,32.61207],[-80.82058,32.61492],[-80.82196,32.61371],[-80.82383,32.61426],[-80.82521,32.61305],[-80.82708,32.6136],[-80.82846,32.61239],[-80.83033,32.61294],[-80.83171,32.61173],[-80.83358,32.61228],[-80.83496,32.61107],[-80.83919,32.61391],[-80.83967,32.61566],[-80.83829,32.61687],[-80.83642,32.61632],[-80.83504,32.61753],[-80.83317,32.61698],[-80.83179,32.61819],[-80.82992,32.61764],[-80.82854,32.61885],[-80.82668,32.6183],[-80.82529,32.61951],[-80.82343,32.61896],[-80.82294,32.61721],[-80.81782,32.61732],[-80.81733,32.61557]]]}},{"type":"Feature","properties":{"sqmi":0.42},"geometry":{"type":"Polygon","coordinates":[[[-78.45413,33.9936],[-78.45392,33.99202],[-78.45937,33.99085],[-78.45917,33.98926],[-78.46091,33.98834],[-78.46071,33.98675],[-78.46246,33.98584],[-78.46225,33.98425],[-78.4677,33.98308],[-78.47182,33.986],[-78.47202,33.98759],[-78.47027,33.98851],[-78.46832,33.98784],[-78.46657,33.98876],[-78.46678,33.99035],[-78.46503,33.99127],[-78.46523,33.99286],[-78.46349,33.99377],[-78.46369,33.99536],[-78.45824,33.99653],[-78.45628,33.99586],[-78.45608,33.99427],[-78.45413,33.9936]]]}},{"type":"Feature","properties":{"sqmi":0.42},"geometry":{"type":"Polygon","coordinates":[[[-78.52385,33.98408],[-78.52364,33.98249],[-78.52169,33.98183],[-78.52148,33.98024],[-78.51953,33.97957],[-78.51932,33.97798],[-78.52477,33.97681],[-78.52888,33.97974],[-78.53063,33.97882],[-78.53259,33.97948],[-78.53279,33.98107],[-78.53105,33.98199],[-78.53125,33.98358],[-78.53321,33.98425],[-78.53342,33.98583],[-78.53167,33.98675],[-78.53188,33.98834],[-78.53013,33.98926],[-78.52447,33.98885],[-78.52427,33.98726],[-78.52231,33.98659],[-78.5221,33.985],[-78.52385,33.98408]]]}},{"type":"Feature","properties":{"sqmi":0.41},"geometry":{"type":"Polygon","coordinates":[[[-81.23749,29.62758],[-81.23797,29.62934],[-81.23662,29.63059],[-81.23711,29.63234],[-81.24211,29.63211],[-81.2426,29.63386],[-81.24125,29.63511],[-81.23942,29.63461],[-81.23807,29.63586],[-81.23624,29.63535],[-81.2349,29.6366],[-81.23076,29.63383],[-81.23027,29.63207],[-81.23162,29.63082],[-81.23114,29.62906],[-81.22931,29.62856],[-81.22882,29.6268],[-81.22699,29.62629],[-81.22651,29.62454],[-81.22786,29.62329],[-81.22969,29.62379],[-81.23103,29.62254],[-81.23286,29.62305],[-81.23334,29.62481],[-81.23749,29.62758]]]}},{"type":"Feature","properties":{"sqmi":0.41},"geometry":{"type":"Polygon","coordinates":[[[-81.43264,30.01432],[-81.43313,30.01608],[-81.43178,30.01733],[-81.43227,30.01909],[-81.43411,30.0196],[-81.4346,30.02136],[-81.43325,30.02261],[-81.43374,30.02437],[-81.43239,30.02561],[-81.43054,30.0251],[-81.43006,30.02335],[-81.43141,30.0221],[-81.43092,30.02034],[-81.42908,30.01983],[-81.42772,30.02108],[-81.42588,30.02057],[-81.42539,30.01881],[-81.42036,30.01904],[-81.41987,30.01728],[-81.42122,30.01603],[-81.42073,30.01427],[-81.41889,30.01376],[-81.4184,30.01201],[-81.41975,30.01076],[-81.42393,30.01353],[-81.42528,30.01229],[-81.42712,30.0128],[-81.42761,30.01455],[-81.43264,30.01432]]]}},{"type":"Feature","properties":{"sqmi":0.41},"geometry":{"type":"Polygon","coordinates":[[[-81.53614,31.38637],[-81.53598,31.38509],[-81.53544,31.38608],[-81.53445,31.38575],[-81.53511,31.38508],[-81.53524,31.3823],[-81.53432,31.38192],[-81.53278,31.38371],[-81.53225,31.38265],[-81.53363,31.38196],[-81.53338,31.38129],[-81.53033,31.38306],[-81.52725,31.38304],[-81.52882,31.38138],[-81.52692,31.37902],[-81.52658,31.37628],[-81.52371,31.37696],[-81.52344,31.37563],[-81.52121,31.37459],[-81.52158,31.3729],[-81.52517,31.37184],[-81.52977,31.37556],[-81.53456,31.37623],[-81.53901,31.37882],[-81.53861,31.38022],[-81.53768,31.37946],[-81.53716,31.38195],[-81.53895,31.38562],[-81.53745,31.38538],[-81.53614,31.38637]]]}},{"type":"Feature","properties":{"sqmi":0.4},"geometry":{"type":"Polygon","coordinates":[[[-80.23334,32.8171],[-80.23196,32.81829],[-80.23243,32.82004],[-80.23105,32.82123],[-80.2292,32.82067],[-80.22873,32.81893],[-80.2301,32.81774],[-80.22963,32.81599],[-80.22778,32.81544],[-80.2273,32.81369],[-80.22545,32.81314],[-80.22497,32.81139],[-80.22312,32.81084],[-80.22174,32.81203],[-80.21989,32.81148],[-80.21941,32.80973],[-80.2179,32.80928],[-80.22251,32.80889],[-80.23023,32.81259],[-80.23641,32.81274],[-80.23834,32.81379],[-80.2361,32.81472],[-80.23657,32.81646],[-80.23842,32.81702],[-80.2398,32.81583],[-80.23933,32.81409],[-80.24379,32.81351],[-80.24613,32.81467],[-80.24489,32.81575],[-80.24304,32.81519],[-80.24166,32.81638],[-80.24213,32.81813],[-80.24075,32.81932],[-80.2389,32.81876],[-80.23752,32.81995],[-80.23567,32.8194],[-80.23519,32.81766],[-80.23334,32.8171]]]}},{"type":"Feature","properties":{"sqmi":0.4},"geometry":{"type":"Polygon","coordinates":[[[-80.95439,32.45435],[-80.95488,32.4561],[-80.9535,32.45731],[-80.94838,32.45744],[-80.94789,32.45569],[-80.94927,32.45448],[-80.94878,32.45273],[-80.95016,32.45152],[-80.94967,32.44976],[-80.9478,32.44922],[-80.94731,32.44747],[-80.94869,32.44626],[-80.9482,32.44451],[-80.94958,32.4433],[-80.9491,32.44155],[-80.95047,32.44034],[-80.95234,32.44088],[-80.95372,32.43967],[-80.95795,32.44251],[-80.95933,32.4413],[-80.9612,32.44184],[-80.96169,32.44359],[-80.96031,32.4448],[-80.95844,32.44426],[-80.95706,32.44547],[-80.95519,32.44493],[-80.95381,32.44614],[-80.95194,32.44559],[-80.95056,32.4468],[-80.95105,32.44855],[-80.95292,32.4491],[-80.95341,32.45085],[-80.95203,32.45206],[-80.95252,32.45381],[-80.95439,32.45435]]]}},{"type":"Feature","properties":{"sqmi":0.4},"geometry":{"type":"Polygon","coordinates":[[[-81.5075,31.35953],[-81.507,31.35777],[-81.5078,31.35705],[-81.51486,31.35703],[-81.52039,31.36013],[-81.52449,31.36593],[-81.52303,31.36709],[-81.52225,31.36723],[-81.52198,31.36627],[-81.51949,31.36543],[-81.5172,31.36624],[-81.51534,31.36454],[-81.51421,31.36526],[-81.51571,31.36591],[-81.51496,31.36677],[-81.50951,31.36415],[-81.50528,31.36384],[-81.50663,31.36253],[-81.51173,31.36234],[-81.5131,31.36111],[-81.5126,31.35935],[-81.51074,31.35882],[-81.50937,31.36006],[-81.5075,31.35953]]]}},{"type":"Feature","properties":{"sqmi":0.39},"geometry":{"type":"Polygon","coordinates":[[[-77.50966,34.49007],[-77.50788,34.49098],[-77.50805,34.49258],[-77.51002,34.49327],[-77.51555,34.49214],[-77.51751,34.49283],[-77.51769,34.49443],[-77.5159,34.49534],[-77.51019,34.49488],[-77.50841,34.49579],[-77.50645,34.4951],[-77.50627,34.4935],[-77.50217,34.49051],[-77.50039,34.49143],[-77.50056,34.49303],[-77.49878,34.49394],[-77.49682,34.49325],[-77.49664,34.49165],[-77.49842,34.49074],[-77.49825,34.48913],[-77.50003,34.48822],[-77.50381,34.48858],[-77.50649,34.49129],[-77.50366,34.48806],[-77.50574,34.48869],[-77.50752,34.48777],[-77.50735,34.48617],[-77.50913,34.48526],[-77.51484,34.48573],[-77.51502,34.48733],[-77.51698,34.48802],[-77.51715,34.48962],[-77.51537,34.49053],[-77.51127,34.48755],[-77.50949,34.48846],[-77.50966,34.49007]]]}},{"type":"Feature","properties":{"sqmi":0.39},"geometry":{"type":"Polygon","coordinates":[[[-78.84418,33.80115],[-78.8483,33.80406],[-78.84852,33.80564],[-78.84679,33.80656],[-78.847,33.80814],[-78.84527,33.80906],[-78.84115,33.80616],[-78.84093,33.80458],[-78.83898,33.80392],[-78.83876,33.80234],[-78.83312,33.80193],[-78.83291,33.80035],[-78.83464,33.79943],[-78.83442,33.79785],[-78.83616,33.79693],[-78.83811,33.79759],[-78.83984,33.79667],[-78.84548,33.79707],[-78.8457,33.79865],[-78.84396,33.79957],[-78.84418,33.80115]]]}},{"type":"Feature","properties":{"sqmi":0.38},"geometry":{"type":"Polygon","coordinates":[[[-81.14849,32.19622],[-81.15036,32.19675],[-81.15085,32.19851],[-81.14947,32.19972],[-81.1476,32.19919],[-81.14622,32.2004],[-81.14672,32.20216],[-81.14859,32.20269],[-81.14908,32.20445],[-81.1477,32.20567],[-81.14819,32.20742],[-81.14682,32.20864],[-81.14731,32.21039],[-81.14593,32.21161],[-81.14081,32.21175],[-81.13943,32.21296],[-81.13993,32.21472],[-81.13855,32.21593],[-81.13722,32.21555],[-81.13747,32.21201],[-81.1405,32.20944],[-81.14258,32.20581],[-81.14236,32.20381],[-81.14347,32.20284],[-81.14297,32.20108],[-81.14435,32.19987],[-81.14386,32.19811],[-81.14524,32.1969],[-81.14711,32.19743],[-81.14849,32.19622]]]}},{"type":"Feature","properties":{"sqmi":0.38},"geometry":{"type":"Polygon","coordinates":[[[-81.59665,31.25335],[-81.59788,31.2537],[-81.59925,31.25246],[-81.59875,31.2507],[-81.59688,31.25018],[-81.59638,31.24842],[-81.59775,31.24718],[-81.59725,31.24542],[-81.59827,31.24555],[-81.59766,31.24505],[-81.59862,31.24418],[-81.60049,31.24471],[-81.60186,31.24347],[-81.60372,31.24399],[-81.60509,31.24275],[-81.60459,31.24099],[-81.60273,31.24047],[-81.60223,31.23871],[-81.6036,31.23748],[-81.60546,31.238],[-81.60596,31.23976],[-81.60783,31.24028],[-81.60833,31.24204],[-81.60696,31.24328],[-81.60746,31.24504],[-81.60609,31.24627],[-81.60659,31.24803],[-81.60522,31.24927],[-81.60335,31.24875],[-81.60198,31.24998],[-81.60248,31.25174],[-81.60111,31.25298],[-81.60161,31.25474],[-81.60024,31.25598],[-81.59809,31.2556],[-81.59665,31.25335]]]}},{"type":"Feature","properties":{"sqmi":0.38},"geometry":{"type":"Polygon","coordinates":[[[-82.08396,28.09697],[-82.0853,28.09569],[-82.0848,28.09393],[-82.08297,28.09345],[-82.08248,28.09169],[-82.08381,28.09041],[-82.08331,28.08864],[-82.08465,28.08736],[-82.08647,28.08784],[-82.08697,28.0896],[-82.08564,28.09089],[-82.08613,28.09265],[-82.08796,28.09313],[-82.08846,28.09489],[-82.09029,28.09537],[-82.09078,28.09713],[-82.08945,28.09841],[-82.08994,28.10017],[-82.08861,28.10146],[-82.08678,28.10098],[-82.08545,28.10226],[-82.08046,28.10258],[-82.07996,28.10082],[-82.07813,28.10034],[-82.07764,28.09857],[-82.07897,28.09729],[-82.0808,28.09777],[-82.08213,28.09649],[-82.08396,28.09697]]]}},{"type":"Feature","properties":{"sqmi":0.37},"geometry":{"type":"Polygon","coordinates":[[[-77.17592,35.48312],[-77.17575,35.48149],[-77.17757,35.48057],[-77.17957,35.48128],[-77.17974,35.48291],[-77.18174,35.48361],[-77.18739,35.48247],[-77.18939,35.48318],[-77.18956,35.48481],[-77.18773,35.48573],[-77.1879,35.48736],[-77.18225,35.4885],[-77.18241,35.49013],[-77.18059,35.49106],[-77.17859,35.49035],[-77.17842,35.48872],[-77.1726,35.48823],[-77.17243,35.4866],[-77.17426,35.48568],[-77.17409,35.48405],[-77.17592,35.48312]]]}},{"type":"Feature","properties":{"sqmi":0.37},"geometry":{"type":"Polygon","coordinates":[[[-81.31047,31.63549],[-81.31184,31.63426],[-81.31371,31.63479],[-81.31508,31.63357],[-81.31459,31.63181],[-81.31596,31.63058],[-81.31782,31.63111],[-81.31832,31.63287],[-81.32018,31.6334],[-81.32068,31.63515],[-81.31931,31.63638],[-81.3198,31.63814],[-81.31843,31.63936],[-81.31892,31.64112],[-81.32079,31.64165],[-81.32128,31.64341],[-81.31991,31.64463],[-81.31804,31.6441],[-81.31755,31.64235],[-81.31245,31.64252],[-81.31195,31.64076],[-81.31009,31.64023],[-81.30959,31.63847],[-81.31096,31.63725],[-81.31047,31.63549]]]}},{"type":"Feature","properties":{"sqmi":0.37},"geometry":{"type":"Polygon","coordinates":[[[-81.8668,28.08676],[-81.86641,28.08538],[-81.86745,28.08515],[-81.86476,28.08573],[-81.86578,28.08674],[-81.86457,28.08641],[-81.86408,28.08465],[-81.8591,28.08497],[-81.85861,28.08321],[-81.85994,28.08193],[-81.86177,28.08241],[-81.8631,28.08113],[-81.86261,28.07937],[-81.86394,28.0781],[-81.86576,28.07858],[-81.86709,28.0773],[-81.86891,28.07778],[-81.86941,28.07954],[-81.87123,28.08003],[-81.87172,28.08179],[-81.87039,28.08306],[-81.87088,28.08482],[-81.86955,28.0861],[-81.87004,28.08786],[-81.8687,28.08914],[-81.8692,28.0909],[-81.86786,28.09218],[-81.86604,28.09169],[-81.86555,28.08993],[-81.86688,28.08866],[-81.86619,28.08672],[-81.8668,28.08676]],[[-81.8688,28.07792],[-81.86878,28.07787],[-81.86756,28.0785],[-81.8688,28.07792]]]}},{"type":"Feature","properties":{"sqmi":0.36},"geometry":{"type":"Polygon","coordinates":[[[-76.84131,35.86257],[-76.84272,35.86703],[-76.84179,35.86749],[-76.84195,35.86913],[-76.84514,35.86991],[-76.84191,35.87229],[-76.84026,35.8717],[-76.83896,35.87235],[-76.837,35.86989],[-76.83809,35.86934],[-76.83793,35.8677],[-76.83593,35.86698],[-76.83577,35.86534],[-76.83443,35.86487],[-76.8332,35.85975],[-76.83529,35.86042],[-76.83714,35.8595],[-76.83698,35.85786],[-76.83883,35.85693],[-76.84084,35.85765],[-76.841,35.85929],[-76.843,35.86001],[-76.84316,35.86165],[-76.84131,35.86257]]]}},{"type":"Feature","properties":{"sqmi":0.36},"geometry":{"type":"Polygon","coordinates":[[[-81.33238,30.024],[-81.33248,30.02063],[-81.33064,30.02012],[-81.33015,30.01836],[-81.3315,30.01711],[-81.33102,30.01536],[-81.32918,30.01485],[-81.32869,30.01309],[-81.33004,30.01184],[-81.33188,30.01235],[-81.33237,30.01411],[-81.3374,30.01388],[-81.33789,30.01564],[-81.33972,30.01615],[-81.34021,30.01791],[-81.33886,30.01916],[-81.33935,30.02091],[-81.34119,30.02143],[-81.34167,30.02318],[-81.34032,30.02443],[-81.33616,30.02165],[-81.3348,30.0229],[-81.33529,30.02465],[-81.33353,30.02552],[-81.33238,30.024]]]}},{"type":"Feature","properties":{"sqmi":0.35},"geometry":{"type":"Polygon","coordinates":[[[-78.11053,34.05472],[-78.11619,34.05516],[-78.11638,34.05675],[-78.11462,34.05766],[-78.11482,34.05926],[-78.11677,34.05993],[-78.11697,34.06152],[-78.11521,34.06244],[-78.1154,34.06403],[-78.1195,34.06697],[-78.1197,34.06856],[-78.11794,34.06947],[-78.11384,34.06653],[-78.11208,34.06745],[-78.10798,34.06451],[-78.10779,34.06292],[-78.10955,34.062],[-78.10935,34.06041],[-78.11111,34.05949],[-78.11091,34.0579],[-78.10896,34.05723],[-78.10877,34.05564],[-78.11053,34.05472]]]}},{"type":"Feature","properties":{"sqmi":0.35},"geometry":{"type":"Polygon","coordinates":[[[-78.14645,34.04278],[-78.14469,34.0437],[-78.13903,34.04326],[-78.13727,34.04418],[-78.13532,34.0435],[-78.13513,34.04191],[-78.12946,34.04148],[-78.12927,34.03989],[-78.13473,34.03873],[-78.13454,34.03715],[-78.1363,34.03623],[-78.13825,34.0369],[-78.14,34.03599],[-78.13981,34.0344],[-78.14157,34.03349],[-78.14352,34.03416],[-78.14371,34.03575],[-78.14196,34.03666],[-78.14215,34.03825],[-78.14625,34.04119],[-78.14645,34.04278]]]}},{"type":"Feature","properties":{"sqmi":0.34},"geometry":{"type":"Polygon","coordinates":[[[-76.71327,35.9262],[-76.72302,35.92332],[-76.72487,35.92239],[-76.72657,35.91983],[-76.72857,35.92055],[-76.72861,35.92225],[-76.72688,35.92311],[-76.7287,35.92737],[-76.72734,35.92804],[-76.7275,35.92968],[-76.72178,35.93081],[-76.72194,35.93245],[-76.72008,35.93337],[-76.71899,35.93298],[-76.72027,35.93177],[-76.72009,35.93046],[-76.71327,35.9262]]]}},{"type":"Feature","properties":{"sqmi":0.34},"geometry":{"type":"Polygon","coordinates":[[[-79.0585,33.68531],[-79.05678,33.68623],[-79.05483,33.68557],[-79.0546,33.684],[-79.05265,33.68334],[-79.05201,33.68162],[-79.05738,33.675],[-79.05886,33.67388],[-79.06042,33.6741],[-79.06086,33.67168],[-79.06442,33.67291],[-79.06506,33.67332],[-79.06429,33.67373],[-79.06451,33.67531],[-79.06278,33.67623],[-79.06301,33.67781],[-79.06128,33.67873],[-79.06151,33.68031],[-79.05978,33.68123],[-79.06,33.68281],[-79.05828,33.68373],[-79.0585,33.68531]]]}},{"type":"Feature","properties":{"sqmi":0.33},"geometry":{"type":"Polygon","coordinates":[[[-76.42003,35.83171],[-76.41818,35.83262],[-76.41832,35.83426],[-76.41646,35.83518],[-76.41446,35.83446],[-76.41432,35.83282],[-76.41232,35.83209],[-76.41218,35.83045],[-76.41403,35.82954],[-76.41389,35.8279],[-76.41189,35.82717],[-76.41174,35.82553],[-76.41745,35.82442],[-76.41945,35.82514],[-76.4196,35.82679],[-76.41774,35.8277],[-76.41789,35.82934],[-76.41989,35.83007],[-76.42174,35.82915],[-76.4216,35.82751],[-76.42345,35.82659],[-76.42545,35.82731],[-76.4256,35.82896],[-76.4276,35.82968],[-76.42774,35.83132],[-76.42589,35.83224],[-76.42389,35.83151],[-76.42203,35.83243],[-76.42003,35.83171]]]}},{"type":"Feature","properties":{"sqmi":0.33},"geometry":{"type":"Polygon","coordinates":[[[-77.07149,35.43981],[-77.07133,35.43818],[-77.07316,35.43726],[-77.07299,35.43563],[-77.071,35.43492],[-77.07083,35.43329],[-77.06502,35.4328],[-77.06485,35.43117],[-77.06286,35.43046],[-77.06269,35.42883],[-77.06834,35.4277],[-77.07034,35.42841],[-77.0705,35.43003],[-77.07249,35.43074],[-77.07432,35.42982],[-77.07632,35.43053],[-77.07648,35.43216],[-77.07465,35.43308],[-77.07482,35.43471],[-77.08063,35.4352],[-77.0808,35.43683],[-77.07515,35.43797],[-77.07531,35.4396],[-77.07349,35.44052],[-77.07149,35.43981]]]}},{"type":"Feature","properties":{"sqmi":0.33},"geometry":{"type":"Polygon","coordinates":[[[-78.64382,33.97347],[-78.64208,33.97439],[-78.64229,33.97598],[-78.64054,33.9769],[-78.64075,33.97849],[-78.63531,33.97966],[-78.63552,33.98125],[-78.63378,33.98217],[-78.63399,33.98376],[-78.63224,33.98468],[-78.62953,33.98441],[-78.62791,33.98017],[-78.62965,33.97925],[-78.62944,33.97766],[-78.63489,33.97649],[-78.63468,33.9749],[-78.63642,33.97398],[-78.63838,33.97465],[-78.64012,33.97373],[-78.63991,33.97214],[-78.64165,33.97122],[-78.64361,33.97188],[-78.64382,33.97347]]]}},{"type":"Feature","properties":{"sqmi":0.33},"geometry":{"type":"Polygon","coordinates":[[[-81.23023,29.05416],[-81.22841,29.05366],[-81.22793,29.0519],[-81.22927,29.05064],[-81.22879,29.04889],[-81.23328,29.04688],[-81.2328,29.04512],[-81.23414,29.04386],[-81.23366,29.04211],[-81.235,29.04085],[-81.23452,29.0391],[-81.23586,29.03784],[-81.23768,29.03834],[-81.23816,29.0401],[-81.23998,29.0406],[-81.24046,29.04235],[-81.23596,29.04436],[-81.23644,29.04612],[-81.23826,29.04662],[-81.23874,29.04838],[-81.2374,29.04963],[-81.23558,29.04913],[-81.23425,29.05039],[-81.23473,29.05214],[-81.23339,29.0534],[-81.23157,29.0529],[-81.23023,29.05416]]]}},{"type":"Feature","properties":{"sqmi":0.33},"geometry":{"type":"Polygon","coordinates":[[[-81.70043,31.08783],[-81.7018,31.08659],[-81.7013,31.08483],[-81.70267,31.08358],[-81.70216,31.08182],[-81.70353,31.08058],[-81.70303,31.07882],[-81.7044,31.07758],[-81.7039,31.07582],[-81.70527,31.07458],[-81.70713,31.0751],[-81.70763,31.07686],[-81.70627,31.0781],[-81.70677,31.07986],[-81.70864,31.08038],[-81.70914,31.08214],[-81.70777,31.08338],[-81.70827,31.08514],[-81.7069,31.08638],[-81.70503,31.08586],[-81.70367,31.08711],[-81.70417,31.08887],[-81.7028,31.09011],[-81.7033,31.09187],[-81.70193,31.09311],[-81.6977,31.09031],[-81.69719,31.08855],[-81.69856,31.08731],[-81.70043,31.08783]]]}},{"type":"Feature","properties":{"sqmi":0.32},"geometry":{"type":"Polygon","coordinates":[[[-76.44553,35.96651],[-76.44539,35.96486],[-76.44725,35.96395],[-76.44925,35.96467],[-76.45111,35.96375],[-76.45698,35.96428],[-76.45884,35.96336],[-76.4587,35.96172],[-76.46056,35.9608],[-76.46256,35.96152],[-76.46271,35.96316],[-76.46085,35.96408],[-76.46099,35.96573],[-76.46205,35.96611],[-76.45925,35.96792],[-76.45914,35.96665],[-76.45713,35.96592],[-76.45527,35.96684],[-76.45326,35.96612],[-76.4514,35.96704],[-76.45155,35.96868],[-76.45356,35.96941],[-76.45552,35.96852],[-76.45234,35.97014],[-76.44978,35.97061],[-76.44969,35.9696],[-76.44768,35.96888],[-76.44196,35.96999],[-76.43995,35.96927],[-76.43981,35.96762],[-76.44167,35.9667],[-76.44367,35.96743],[-76.44553,35.96651]]]}},{"type":"Feature","properties":{"sqmi":0.32},"geometry":{"type":"Polygon","coordinates":[[[-79.37431,33.36926],[-79.37569,33.3681],[-79.38075,33.36807],[-79.38213,33.3669],[-79.38167,33.36517],[-79.38305,33.364],[-79.38489,33.36457],[-79.38948,33.36281],[-79.39132,33.36337],[-79.39178,33.36511],[-79.3904,33.36628],[-79.38856,33.36571],[-79.38396,33.36747],[-79.38442,33.36921],[-79.38304,33.37038],[-79.3835,33.37211],[-79.38212,33.37328],[-79.38257,33.37501],[-79.38119,33.37618],[-79.37936,33.37561],[-79.3789,33.37387],[-79.37477,33.371],[-79.37431,33.36926]]]}},{"type":"Feature","properties":{"sqmi":0.32},"geometry":{"type":"Polygon","coordinates":[[[-79.71497,32.83838],[-79.71359,32.83956],[-79.71406,32.8413],[-79.71268,32.84248],[-79.71084,32.84192],[-79.71038,32.84018],[-79.71175,32.839],[-79.71129,32.83726],[-79.70945,32.8367],[-79.70899,32.83496],[-79.71358,32.83316],[-79.71312,32.83142],[-79.71197,32.83107],[-79.71442,32.82997],[-79.71633,32.8308],[-79.71771,32.82962],[-79.71738,32.82838],[-79.71975,32.82704],[-79.72462,32.82727],[-79.72562,32.82883],[-79.72413,32.82838],[-79.72276,32.82956],[-79.72092,32.829],[-79.71954,32.83018],[-79.72001,32.83192],[-79.71863,32.8331],[-79.71909,32.83484],[-79.71451,32.83664],[-79.71497,32.83838]]]}},{"type":"Feature","properties":{"sqmi":0.32},"geometry":{"type":"Polygon","coordinates":[[[-80.6575,32.75034],[-80.65564,32.74979],[-80.65515,32.74804],[-80.65654,32.74684],[-80.66075,32.74968],[-80.66213,32.74848],[-80.664,32.74903],[-80.66538,32.74783],[-80.66725,32.74838],[-80.66773,32.75013],[-80.6696,32.75068],[-80.67008,32.75243],[-80.6687,32.75363],[-80.66918,32.75538],[-80.6678,32.75658],[-80.66358,32.75373],[-80.6622,32.75493],[-80.65709,32.75503],[-80.65661,32.75328],[-80.65799,32.75208],[-80.6575,32.75034]]]}},{"type":"Feature","properties":{"sqmi":0.31},"geometry":{"type":"Polygon","coordinates":[[[-78.57575,33.88213],[-78.57555,33.88054],[-78.57891,33.87954],[-78.58105,33.88134],[-78.58207,33.88025],[-78.58627,33.88318],[-78.58372,33.87919],[-78.58169,33.87921],[-78.58137,33.87843],[-78.58528,33.87549],[-78.58768,33.87513],[-78.58985,33.87598],[-78.58816,33.87728],[-78.58837,33.87886],[-78.59032,33.87953],[-78.59053,33.88111],[-78.58879,33.88203],[-78.589,33.88362],[-78.58725,33.88454],[-78.58161,33.88412],[-78.57987,33.88504],[-78.57791,33.88438],[-78.57771,33.88279],[-78.57575,33.88213]]]}},{"type":"Feature","properties":{"sqmi":0.31},"geometry":{"type":"Polygon","coordinates":[[[-81.40464,28.78178],[-81.40598,28.78052],[-81.4055,28.77876],[-81.40683,28.7775],[-81.41096,28.78025],[-81.4123,28.77899],[-81.41181,28.77723],[-81.41315,28.77597],[-81.41443,28.77632],[-81.4148,28.78454],[-81.41375,28.78426],[-81.41241,28.78552],[-81.41059,28.78502],[-81.40925,28.78629],[-81.40743,28.78579],[-81.40609,28.78705],[-81.40427,28.78656],[-81.40379,28.7848],[-81.40513,28.78354],[-81.40464,28.78178]]]}},{"type":"Feature","properties":{"sqmi":0.3},"geometry":{"type":"Polygon","coordinates":[[[-81.87755,28.20558],[-81.87888,28.20431],[-81.87839,28.20255],[-81.87657,28.20206],[-81.87608,28.2003],[-81.87741,28.19902],[-81.88155,28.20175],[-81.88288,28.20048],[-81.88471,28.20096],[-81.8852,28.20272],[-81.88387,28.204],[-81.88204,28.20351],[-81.88071,28.20479],[-81.8812,28.20655],[-81.88303,28.20703],[-81.88436,28.20576],[-81.88618,28.20624],[-81.88752,28.20496],[-81.88934,28.20545],[-81.88983,28.20721],[-81.89166,28.20769],[-81.89215,28.20945],[-81.89082,28.21073],[-81.88668,28.208],[-81.88534,28.20928],[-81.88352,28.20879],[-81.88218,28.21007],[-81.87804,28.20734],[-81.87755,28.20558]]]}},{"type":"Feature","properties":{"sqmi":0.29},"geometry":{"type":"Polygon","coordinates":[[[-77.2075,34.83049],[-77.2057,34.8314],[-77.20373,34.8307],[-77.20356,34.82909],[-77.20159,34.82839],[-77.20142,34.82678],[-77.20322,34.82586],[-77.20306,34.82425],[-77.20863,34.82312],[-77.20846,34.82151],[-77.21027,34.8206],[-77.21224,34.82129],[-77.21241,34.82291],[-77.21438,34.82361],[-77.21454,34.82522],[-77.21274,34.82613],[-77.21291,34.82774],[-77.20733,34.82887],[-77.2075,34.83049]]]}},{"type":"Feature","properties":{"sqmi":0.29},"geometry":{"type":"Polygon","coordinates":[[[-77.22485,34.8149],[-77.22682,34.81559],[-77.22699,34.81721],[-77.22519,34.81812],[-77.22536,34.81973],[-77.22733,34.82043],[-77.2275,34.82204],[-77.2257,34.82296],[-77.22586,34.82457],[-77.22406,34.82549],[-77.22209,34.82479],[-77.22192,34.82317],[-77.21995,34.82248],[-77.21978,34.82086],[-77.21781,34.82016],[-77.21765,34.81855],[-77.21567,34.81785],[-77.21551,34.81624],[-77.21731,34.81533],[-77.22305,34.81581],[-77.22485,34.8149]]]}},{"type":"Feature","properties":{"sqmi":0.29},"geometry":{"type":"Polygon","coordinates":[[[-77.31486,34.912],[-77.31469,34.91038],[-77.31649,34.90946],[-77.31632,34.90785],[-77.31812,34.90693],[-77.32388,34.90741],[-77.32405,34.90903],[-77.32225,34.90994],[-77.32242,34.91156],[-77.3244,34.91226],[-77.32457,34.91387],[-77.32276,34.91479],[-77.31701,34.91431],[-77.3152,34.91523],[-77.31323,34.91453],[-77.31142,34.91544],[-77.30945,34.91475],[-77.30928,34.91313],[-77.31486,34.912]]]}},{"type":"Feature","properties":{"sqmi":0.29},"geometry":{"type":"Polygon","coordinates":[[[-79.46769,33.23705],[-79.46585,33.23649],[-79.46447,33.23766],[-79.46493,33.23939],[-79.46355,33.24056],[-79.46401,33.2423],[-79.46263,33.24347],[-79.46309,33.24521],[-79.46171,33.24638],[-79.462,33.24749],[-79.45768,33.24676],[-79.46086,33.24558],[-79.46265,33.24413],[-79.46198,33.24295],[-79.45829,33.2419],[-79.46,33.24007],[-79.46109,33.23578],[-79.46517,33.23229],[-79.47332,33.23014],[-79.4732,33.23237],[-79.46861,33.23415],[-79.4687,33.23616],[-79.46769,33.23705]]]}},{"type":"Feature","properties":{"sqmi":0.29},"geometry":{"type":"Polygon","coordinates":[[[-81.46079,31.7233],[-81.46129,31.72506],[-81.46316,31.72559],[-81.46366,31.72735],[-81.46229,31.72857],[-81.45804,31.72576],[-81.45755,31.724],[-81.45892,31.72277],[-81.45842,31.72102],[-81.4598,31.71979],[-81.46492,31.71962],[-81.46629,31.71839],[-81.46816,31.71892],[-81.46954,31.71769],[-81.47378,31.7205],[-81.47428,31.72226],[-81.4729,31.72349],[-81.4734,31.72525],[-81.47203,31.72647],[-81.47015,31.72595],[-81.46966,31.72419],[-81.47103,31.72296],[-81.47053,31.7212],[-81.46866,31.72067],[-81.46729,31.7219],[-81.46541,31.72137],[-81.46404,31.7226],[-81.46217,31.72207],[-81.46079,31.7233]]]}},{"type":"Feature","properties":{"sqmi":0.29},"geometry":{"type":"Polygon","coordinates":[[[-81.85858,28.10157],[-81.86008,28.10165],[-81.85953,28.10315],[-81.86124,28.10277],[-81.86052,28.10195],[-81.86249,28.10262],[-81.86263,28.1013],[-81.86135,28.10198],[-81.86232,28.101],[-81.86024,28.1016],[-81.86044,28.0993],[-81.86148,28.10038],[-81.86223,28.09912],[-81.86298,28.09903],[-81.86202,28.10008],[-81.86247,28.10031],[-81.86411,28.09993],[-81.86346,28.09877],[-81.86436,28.09777],[-81.86934,28.09746],[-81.86983,28.09922],[-81.86849,28.10049],[-81.86893,28.10204],[-81.86734,28.10318],[-81.86726,28.10437],[-81.86964,28.10243],[-81.87081,28.10274],[-81.8713,28.1045],[-81.86997,28.10577],[-81.86814,28.10529],[-81.86681,28.10657],[-81.86183,28.10688],[-81.86134,28.10512],[-81.8622,28.1045],[-81.85952,28.10464],[-81.8612,28.10332],[-81.85954,28.10359],[-81.85824,28.10267],[-81.85805,28.09936],[-81.85858,28.10157]],[[-81.85936,28.1024],[-81.85932,28.10211],[-81.85859,28.10192],[-81.85936,28.1024]],[[-81.86278,28.10332],[-81.86276,28.10323],[-81.86252,28.10405],[-81.86278,28.10332]],[[-81.86384,28.10161],[-81.86397,28.10134],[-81.8635,28.10133],[-81.86384,28.10161]],[[-81.86395,28.1029],[-81.86368,28.10238],[-81.86355,28.10285],[-81.86395,28.1029]],[[-81.86698,28.10348],[-81.86363,28.10534],[-81.86466,28.10547],[-81.86677,28.1045],[-81.86698,28.10348]],[[-81.86425,28.1021],[-81.86438,28.10205],[-81.8643,28.10178],[-81.86425,28.1021]]]}},{"type":"Feature","properties":{"sqmi":0.28},"geometry":{"type":"Polygon","coordinates":[[[-77.96797,34.00377],[-77.96992,34.00444],[-77.97011,34.00603],[-77.96464,34.00718],[-77.96483,34.00877],[-77.96308,34.00968],[-77.95742,34.00924],[-77.95737,34.00512],[-77.95629,34.00732],[-77.95466,34.0073],[-77.95517,34.00534],[-77.95685,34.00447],[-77.95446,33.99997],[-77.95609,33.99811],[-77.95628,33.9997],[-77.96037,34.00265],[-77.96056,34.00424],[-77.96621,34.00468],[-77.96797,34.00377]],[[-77.96131,34.00572],[-77.96134,34.00453],[-77.96007,34.00499],[-77.96131,34.00572]]]}},{"type":"Feature","properties":{"sqmi":0.28},"geometry":{"type":"Polygon","coordinates":[[[-78.44949,34.00113],[-78.44775,34.00204],[-78.44795,34.00363],[-78.4462,34.00455],[-78.44054,34.00413],[-78.44034,34.00254],[-78.44209,34.00162],[-78.44188,34.00004],[-78.44363,33.99912],[-78.44343,33.99753],[-78.44518,33.99661],[-78.45083,33.99703],[-78.45104,33.99862],[-78.45515,34.00155],[-78.45536,34.00313],[-78.45361,34.00405],[-78.45165,34.00338],[-78.45145,34.00179],[-78.44949,34.00113]]]}},{"type":"Feature","properties":{"sqmi":0.28},"geometry":{"type":"Polygon","coordinates":[[[-81.1091,29.40537],[-81.11022,29.40328],[-81.11401,29.40159],[-81.11591,29.40564],[-81.11942,29.40899],[-81.12009,29.4086],[-81.12052,29.41016],[-81.11917,29.41141],[-81.11735,29.41091],[-81.11601,29.41216],[-81.11649,29.41391],[-81.11515,29.41516],[-81.11332,29.41465],[-81.11284,29.4129],[-81.11419,29.41165],[-81.11371,29.40989],[-81.10958,29.40713],[-81.1091,29.40537]]]}},{"type":"Feature","properties":{"sqmi":0.28},"geometry":{"type":"Polygon","coordinates":[[[-81.32645,30.02043],[-81.32445,30.02196],[-81.32626,30.02195],[-81.32757,30.02453],[-81.32774,30.02801],[-81.32646,30.02857],[-81.32775,30.02806],[-81.32805,30.02913],[-81.32669,30.03038],[-81.32718,30.03214],[-81.32862,30.03257],[-81.3278,30.03348],[-81.32808,30.03465],[-81.3291,30.03478],[-81.32816,30.03565],[-81.32576,30.03565],[-81.32117,30.01749],[-81.3228,30.01632],[-81.32464,30.01683],[-81.32645,30.02043]]]}},{"type":"Feature","properties":{"sqmi":0.28},"geometry":{"type":"Polygon","coordinates":[[[-81.68699,30.99817],[-81.68711,31.00118],[-81.68952,31.00162],[-81.68849,31.00345],[-81.68426,31.00066],[-81.68289,31.0019],[-81.68103,31.00138],[-81.67966,31.00262],[-81.67456,31.00283],[-81.67406,31.00107],[-81.67543,30.99982],[-81.67493,30.99806],[-81.6763,30.99682],[-81.6758,30.99506],[-81.67716,30.99382],[-81.6814,30.99662],[-81.6819,30.99838],[-81.68376,30.9989],[-81.68513,30.99765],[-81.68699,30.99817]]]}},{"type":"Feature","properties":{"sqmi":0.27},"geometry":{"type":"Polygon","coordinates":[[[-77.95127,34.03606],[-77.95108,34.03447],[-77.95284,34.03355],[-77.95265,34.03196],[-77.95441,34.03105],[-77.95728,34.03293],[-77.95788,34.03242],[-77.95722,34.03128],[-77.95812,34.03082],[-77.96007,34.03149],[-77.96026,34.03308],[-77.9585,34.034],[-77.95655,34.03332],[-77.95479,34.03423],[-77.95498,34.03582],[-77.95693,34.0365],[-77.95712,34.03809],[-77.95536,34.039],[-77.95555,34.04059],[-77.95379,34.0415],[-77.94813,34.04106],[-77.94794,34.03947],[-77.94599,34.03879],[-77.9458,34.0372],[-77.95127,34.03606]],[[-77.94849,34.03727],[-77.94784,34.03913],[-77.94862,34.03834],[-77.94953,34.03857],[-77.94849,34.03727]]]}},{"type":"Feature","properties":{"sqmi":0.26},"geometry":{"type":"Polygon","coordinates":[[[-75.8593,35.91541],[-75.85917,35.91376],[-75.85718,35.91303],[-75.85705,35.91139],[-75.85892,35.91048],[-75.86478,35.91103],[-75.8649,35.91268],[-75.8669,35.91341],[-75.86702,35.91505],[-75.86902,35.91579],[-75.86914,35.91743],[-75.87114,35.91816],[-75.87127,35.91981],[-75.8694,35.92072],[-75.8674,35.91998],[-75.86728,35.91834],[-75.86142,35.91778],[-75.86129,35.91614],[-75.8593,35.91541]]]}},{"type":"Feature","properties":{"sqmi":0.26},"geometry":{"type":"Polygon","coordinates":[[[-76.15988,35.96322],[-76.15802,35.96414],[-76.15602,35.96341],[-76.15588,35.96176],[-76.15775,35.96085],[-76.15975,35.96158],[-76.16161,35.96066],[-76.16748,35.96121],[-76.16762,35.96285],[-76.16575,35.96376],[-76.16589,35.96541],[-76.16402,35.96632],[-76.16416,35.96797],[-76.16616,35.9687],[-76.1663,35.97034],[-76.16056,35.97144],[-76.15856,35.97071],[-76.15843,35.96907],[-76.16029,35.96815],[-76.16016,35.96651],[-76.16202,35.96559],[-76.16188,35.96395],[-76.15988,35.96322]]]}},{"type":"Feature","properties":{"sqmi":0.26},"geometry":{"type":"Polygon","coordinates":[[[-76.47576,35.84867],[-76.47561,35.84703],[-76.47361,35.84631],[-76.47347,35.84467],[-76.47532,35.84375],[-76.47517,35.84211],[-76.47703,35.84119],[-76.48289,35.84172],[-76.48303,35.84336],[-76.48118,35.84428],[-76.48132,35.84592],[-76.48333,35.84664],[-76.48347,35.84828],[-76.48547,35.849],[-76.48562,35.85064],[-76.48377,35.85156],[-76.48177,35.85084],[-76.48162,35.8492],[-76.47962,35.84848],[-76.47776,35.84939],[-76.47576,35.84867]]]}},{"type":"Feature","properties":{"sqmi":0.26},"geometry":{"type":"Polygon","coordinates":[[[-78.58285,33.85113],[-78.57722,33.85085],[-78.57548,33.85177],[-78.57353,33.85111],[-78.57179,33.85202],[-78.56984,33.85136],[-78.5681,33.85228],[-78.56615,33.85161],[-78.56594,33.85003],[-78.57137,33.84886],[-78.57116,33.84727],[-78.56962,33.84675],[-78.58021,33.84524],[-78.57854,33.84677],[-78.57875,33.84835],[-78.5807,33.84902],[-78.58244,33.8481],[-78.58439,33.84877],[-78.58285,33.85113]]]}},{"type":"Feature","properties":{"sqmi":0.26},"geometry":{"type":"Polygon","coordinates":[[[-81.19177,29.08579],[-81.19311,29.08453],[-81.19263,29.08278],[-81.19081,29.08228],[-81.19033,29.08052],[-81.19167,29.07927],[-81.19119,29.07751],[-81.19253,29.07626],[-81.19665,29.07901],[-81.19713,29.08077],[-81.19895,29.08127],[-81.19943,29.08303],[-81.19809,29.08428],[-81.19857,29.08604],[-81.19723,29.08729],[-81.19225,29.08754],[-81.19177,29.08579]]]}},{"type":"Feature","properties":{"sqmi":0.26},"geometry":{"type":"Polygon","coordinates":[[[-81.28959,31.82989],[-81.29097,31.82867],[-81.29047,31.82691],[-81.2886,31.82638],[-81.28723,31.82761],[-81.283,31.82479],[-81.2825,31.82303],[-81.28388,31.82181],[-81.28338,31.82005],[-81.28476,31.81883],[-81.28899,31.82165],[-81.28948,31.8234],[-81.29135,31.82393],[-81.29185,31.82569],[-81.29372,31.82622],[-81.29421,31.82798],[-81.29284,31.8292],[-81.29333,31.83096],[-81.29196,31.83218],[-81.29009,31.83165],[-81.28959,31.82989]]]}},{"type":"Feature","properties":{"sqmi":0.26},"geometry":{"type":"Polygon","coordinates":[[[-81.69353,28.22343],[-81.69401,28.22518],[-81.69268,28.22646],[-81.68856,28.22373],[-81.68807,28.22197],[-81.6894,28.2207],[-81.68891,28.21894],[-81.68709,28.21845],[-81.68661,28.21669],[-81.68794,28.21542],[-81.68976,28.21591],[-81.69109,28.21463],[-81.69291,28.21512],[-81.69424,28.21384],[-81.69606,28.21433],[-81.69655,28.21609],[-81.69522,28.21736],[-81.6957,28.21912],[-81.69437,28.22039],[-81.69255,28.21991],[-81.69122,28.22118],[-81.69171,28.22294],[-81.69353,28.22343]],[[-81.68998,28.22281],[-81.69004,28.22236],[-81.6897,28.22231],[-81.68998,28.22281]]]}},{"type":"Feature","properties":{"sqmi":0.26},"geometry":{"type":"Polygon","coordinates":[[[-81.73396,31.03465],[-81.73386,31.03408],[-81.73355,31.03485],[-81.73365,31.03498],[-81.73408,31.03512],[-81.73369,31.03544],[-81.72861,31.03566],[-81.72811,31.0339],[-81.72947,31.03266],[-81.73134,31.03318],[-81.73271,31.03194],[-81.73221,31.03018],[-81.73034,31.02966],[-81.72984,31.0279],[-81.73121,31.02665],[-81.73307,31.02717],[-81.73444,31.02593],[-81.73631,31.02645],[-81.73768,31.02521],[-81.73954,31.02572],[-81.74004,31.02748],[-81.73868,31.02873],[-81.73681,31.02821],[-81.73544,31.02945],[-81.73594,31.03121],[-81.73781,31.03173],[-81.73831,31.03349],[-81.73695,31.03473],[-81.73508,31.03421],[-81.73396,31.03465]],[[-81.7338,31.03395],[-81.73396,31.03364],[-81.7338,31.03372],[-81.7338,31.03395]]]}},{"type":"Feature","properties":{"sqmi":0.25},"geometry":{"type":"Polygon","coordinates":[[[-77.18242,35.21276],[-77.1806,35.21368],[-77.18077,35.21531],[-77.18656,35.21579],[-77.18673,35.21742],[-77.1811,35.21855],[-77.17912,35.21785],[-77.1773,35.21877],[-77.17747,35.22039],[-77.17565,35.22131],[-77.16986,35.22082],[-77.16969,35.2192],[-77.17531,35.21806],[-77.17515,35.21644],[-77.17696,35.21552],[-77.1768,35.2139],[-77.17861,35.21298],[-77.17844,35.21136],[-77.18026,35.21044],[-77.18225,35.21114],[-77.18242,35.21276]]]}},{"type":"Feature","properties":{"sqmi":0.25},"geometry":{"type":"Polygon","coordinates":[[[-77.95485,34.01901],[-77.95466,34.01742],[-77.95642,34.01651],[-77.95623,34.01492],[-77.95799,34.01401],[-77.9578,34.01242],[-77.95956,34.01151],[-77.96364,34.01445],[-77.96383,34.01604],[-77.96949,34.01648],[-77.96968,34.01807],[-77.96792,34.01898],[-77.96226,34.01854],[-77.96051,34.01945],[-77.95485,34.01901]]]}},{"type":"Feature","properties":{"sqmi":0.25},"geometry":{"type":"Polygon","coordinates":[[[-78.05606,34.17616],[-78.05429,34.17707],[-78.05449,34.17867],[-78.05272,34.17958],[-78.05292,34.18118],[-78.05115,34.18209],[-78.05135,34.18369],[-78.04958,34.1846],[-78.04763,34.18392],[-78.04743,34.18233],[-78.0492,34.18141],[-78.04901,34.17982],[-78.04705,34.17914],[-78.04686,34.17755],[-78.0449,34.17687],[-78.04471,34.17528],[-78.04647,34.17436],[-78.04843,34.17504],[-78.05019,34.17412],[-78.05586,34.17456],[-78.05606,34.17616]]]}},{"type":"Feature","properties":{"sqmi":0.25},"geometry":{"type":"Polygon","coordinates":[[[-80.23489,32.57218],[-80.23304,32.57163],[-80.23257,32.56989],[-80.23717,32.56805],[-80.23902,32.5686],[-80.2404,32.56741],[-80.23992,32.56566],[-80.2413,32.56447],[-80.24082,32.56272],[-80.2422,32.56153],[-80.24173,32.55978],[-80.2431,32.55859],[-80.24495,32.55914],[-80.24543,32.56088],[-80.24405,32.56208],[-80.24452,32.56382],[-80.24637,32.56437],[-80.24685,32.56612],[-80.24547,32.56731],[-80.24362,32.56676],[-80.24225,32.56796],[-80.24272,32.5697],[-80.24134,32.5709],[-80.23949,32.57035],[-80.23489,32.57218]]]}},{"type":"Feature","properties":{"sqmi":0.25},"geometry":{"type":"Polygon","coordinates":[[[-80.33276,32.80668],[-80.33414,32.80549],[-80.33833,32.80834],[-80.33971,32.80715],[-80.33923,32.8054],[-80.34061,32.80421],[-80.34247,32.80476],[-80.34385,32.80357],[-80.34804,32.80642],[-80.34852,32.80817],[-80.34714,32.80936],[-80.34295,32.80651],[-80.34157,32.8077],[-80.34205,32.80945],[-80.34067,32.81064],[-80.33881,32.81009],[-80.33419,32.81192],[-80.33233,32.81137],[-80.33186,32.80962],[-80.33324,32.80843],[-80.33276,32.80668]]]}},{"type":"Feature","properties":{"sqmi":0.25},"geometry":{"type":"Polygon","coordinates":[[[-80.37755,32.78954],[-80.3757,32.78899],[-80.37522,32.78724],[-80.37984,32.7854],[-80.37936,32.78366],[-80.38074,32.78246],[-80.38026,32.78072],[-80.38164,32.77952],[-80.38116,32.77778],[-80.38254,32.77658],[-80.3844,32.77713],[-80.38488,32.77888],[-80.38674,32.77943],[-80.38721,32.78118],[-80.3826,32.78302],[-80.38307,32.78476],[-80.38169,32.78596],[-80.38217,32.7877],[-80.38079,32.7889],[-80.38127,32.79064],[-80.37989,32.79184],[-80.37803,32.79128],[-80.37755,32.78954]]]}},{"type":"Feature","properties":{"sqmi":0.25},"geometry":{"type":"Polygon","coordinates":[[[-80.43379,32.59598],[-80.43427,32.59772],[-80.43289,32.59892],[-80.4278,32.59902],[-80.42732,32.59727],[-80.42547,32.59672],[-80.42499,32.59498],[-80.4208,32.59213],[-80.42032,32.59038],[-80.4217,32.58918],[-80.42589,32.59203],[-80.42727,32.59083],[-80.42912,32.59138],[-80.4296,32.59313],[-80.43146,32.59368],[-80.43193,32.59543],[-80.43379,32.59598]]]}},{"type":"Feature","properties":{"sqmi":0.25},"geometry":{"type":"Polygon","coordinates":[[[-80.45942,32.82026],[-80.4599,32.82201],[-80.45852,32.82321],[-80.459,32.82495],[-80.45762,32.82615],[-80.45575,32.8256],[-80.45437,32.82679],[-80.45485,32.82854],[-80.45347,32.82973],[-80.44837,32.82982],[-80.44789,32.82808],[-80.44927,32.82688],[-80.44879,32.82514],[-80.45017,32.82394],[-80.45203,32.82449],[-80.45341,32.8233],[-80.45293,32.82155],[-80.45432,32.82036],[-80.45942,32.82026]]]}},{"type":"Feature","properties":{"sqmi":0.25},"geometry":{"type":"Polygon","coordinates":[[[-81.13638,32.2266],[-81.13494,32.22843],[-81.13172,32.22331],[-81.13163,32.22077],[-81.12972,32.21795],[-81.13206,32.21847],[-81.13386,32.21573],[-81.13573,32.21623],[-81.13579,32.21837],[-81.13766,32.2189],[-81.13815,32.22066],[-81.13678,32.22187],[-81.13727,32.22363],[-81.13914,32.22416],[-81.13963,32.22592],[-81.13825,32.22713],[-81.13638,32.2266]]]}},{"type":"Feature","properties":{"sqmi":0.24},"geometry":{"type":"Polygon","coordinates":[[[-80.32933,32.54412],[-80.32885,32.54238],[-80.33023,32.54118],[-80.33208,32.54173],[-80.33669,32.53989],[-80.33854,32.54044],[-80.33899,32.54221],[-80.33764,32.54338],[-80.33811,32.54513],[-80.33674,32.54632],[-80.33721,32.54807],[-80.33584,32.54927],[-80.33631,32.55101],[-80.33494,32.55221],[-80.33279,32.55057],[-80.33398,32.54872],[-80.33351,32.54697],[-80.33166,32.54642],[-80.33118,32.54467],[-80.32933,32.54412]]]}},{"type":"Feature","properties":{"sqmi":0.22},"geometry":{"type":"Polygon","coordinates":[[[-75.75986,35.80376],[-75.75974,35.80212],[-75.7616,35.80121],[-75.76745,35.80177],[-75.76757,35.80341],[-75.7657,35.80432],[-75.76582,35.80596],[-75.76396,35.80686],[-75.76408,35.80851],[-75.76221,35.80941],[-75.76234,35.81105],[-75.76047,35.81196],[-75.75848,35.81122],[-75.75836,35.80958],[-75.76023,35.80868],[-75.7601,35.80704],[-75.75811,35.8063],[-75.75799,35.80466],[-75.75986,35.80376]]]}},{"type":"Feature","properties":{"sqmi":0.22},"geometry":{"type":"Polygon","coordinates":[[[-75.94139,35.89928],[-75.94126,35.89763],[-75.94313,35.89672],[-75.94898,35.89728],[-75.94911,35.89892],[-75.94725,35.89983],[-75.94738,35.90147],[-75.94551,35.90238],[-75.94564,35.90403],[-75.94377,35.90494],[-75.94178,35.9042],[-75.94165,35.90256],[-75.93579,35.90201],[-75.93566,35.90037],[-75.93753,35.89945],[-75.93952,35.90019],[-75.94139,35.89928]]]}},{"type":"Feature","properties":{"sqmi":0.22},"geometry":{"type":"Polygon","coordinates":[[[-76.20566,35.9767],[-76.20365,35.97597],[-76.20351,35.97433],[-76.20538,35.97341],[-76.20738,35.97414],[-76.20925,35.97322],[-76.21125,35.97395],[-76.21311,35.97304],[-76.21898,35.97358],[-76.21912,35.97522],[-76.21726,35.97614],[-76.2174,35.97778],[-76.2194,35.97851],[-76.21954,35.98016],[-76.21767,35.98107],[-76.21567,35.98034],[-76.21553,35.9787],[-76.21353,35.97797],[-76.21339,35.97633],[-76.20752,35.97578],[-76.20566,35.9767]]]}},{"type":"Feature","properties":{"sqmi":0.22},"geometry":{"type":"Polygon","coordinates":[[[-76.75066,35.76523],[-76.7505,35.7636],[-76.75235,35.76267],[-76.75219,35.76104],[-76.75404,35.76012],[-76.75604,35.76083],[-76.7562,35.76247],[-76.7582,35.76319],[-76.75835,35.76483],[-76.76036,35.76554],[-76.76051,35.76718],[-76.75867,35.7681],[-76.75882,35.76974],[-76.75697,35.77066],[-76.75497,35.76995],[-76.75482,35.76831],[-76.75281,35.76759],[-76.75266,35.76595],[-76.75066,35.76523]]]}},{"type":"Feature","properties":{"sqmi":0.22},"geometry":{"type":"Polygon","coordinates":[[[-77.04739,35.44853],[-77.04556,35.44945],[-77.04573,35.45108],[-77.0439,35.452],[-77.0419,35.45129],[-77.04174,35.44966],[-77.04357,35.44874],[-77.0434,35.44711],[-77.04523,35.44619],[-77.04507,35.44456],[-77.0469,35.44364],[-77.05271,35.44413],[-77.05288,35.44576],[-77.05487,35.44647],[-77.05504,35.4481],[-77.05321,35.44902],[-77.04739,35.44853]]]}},{"type":"Feature","properties":{"sqmi":0.22},"geometry":{"type":"Polygon","coordinates":[[[-77.06414,35.25371],[-77.06397,35.25208],[-77.06579,35.25117],[-77.06778,35.25187],[-77.06794,35.2535],[-77.06993,35.2542],[-77.07009,35.25583],[-77.06827,35.25675],[-77.06844,35.25837],[-77.06662,35.25929],[-77.06678,35.26091],[-77.06496,35.26183],[-77.06297,35.26113],[-77.06281,35.2595],[-77.06082,35.25879],[-77.06066,35.25717],[-77.06248,35.25625],[-77.06231,35.25463],[-77.06414,35.25371]]]}},{"type":"Feature","properties":{"sqmi":0.22},"geometry":{"type":"Polygon","coordinates":[[[-77.21369,34.94462],[-77.21352,34.94301],[-77.21532,34.94209],[-77.2173,34.94279],[-77.21747,34.94441],[-77.21944,34.94511],[-77.21961,34.94672],[-77.22537,34.94721],[-77.22554,34.94882],[-77.22373,34.94974],[-77.2239,34.95136],[-77.22209,34.95227],[-77.22012,34.95157],[-77.21995,34.94996],[-77.21797,34.94926],[-77.2178,34.94764],[-77.21583,34.94694],[-77.21402,34.94786],[-77.21205,34.94716],[-77.21188,34.94554],[-77.21369,34.94462]]]}},{"type":"Feature","properties":{"sqmi":0.22},"geometry":{"type":"Polygon","coordinates":[[[-77.3073,34.91243],[-77.3055,34.91335],[-77.30567,34.91496],[-77.30386,34.91588],[-77.30189,34.91518],[-77.30172,34.91357],[-77.29974,34.91287],[-77.29957,34.91125],[-77.30137,34.91034],[-77.3012,34.90872],[-77.30301,34.90781],[-77.30284,34.90619],[-77.30464,34.90528],[-77.30447,34.90366],[-77.30627,34.90274],[-77.30825,34.90344],[-77.30842,34.90506],[-77.30662,34.90597],[-77.30679,34.90759],[-77.30498,34.9085],[-77.30515,34.91012],[-77.30713,34.91082],[-77.3073,34.91243]]]}},{"type":"Feature","properties":{"sqmi":0.22},"geometry":{"type":"Polygon","coordinates":[[[-77.31924,34.89956],[-77.32122,34.90025],[-77.32139,34.90187],[-77.31581,34.903],[-77.31598,34.90462],[-77.31417,34.90554],[-77.3122,34.90484],[-77.31203,34.90322],[-77.31383,34.90231],[-77.31366,34.90069],[-77.31546,34.89978],[-77.31529,34.89816],[-77.31709,34.89724],[-77.31692,34.89563],[-77.31873,34.89471],[-77.31855,34.8931],[-77.32036,34.89218],[-77.32233,34.89288],[-77.3225,34.89449],[-77.3207,34.89541],[-77.32087,34.89703],[-77.31907,34.89794],[-77.31924,34.89956]]]}},{"type":"Feature","properties":{"sqmi":0.22},"geometry":{"type":"Polygon","coordinates":[[[-81.30703,32.17226],[-81.30841,32.17104],[-81.30791,32.16928],[-81.30604,32.16875],[-81.30554,32.16699],[-81.30692,32.16577],[-81.3088,32.16631],[-81.31018,32.16509],[-81.31205,32.16562],[-81.31343,32.1644],[-81.3153,32.16494],[-81.3158,32.16669],[-81.31442,32.16791],[-81.31255,32.16738],[-81.31117,32.1686],[-81.31166,32.17035],[-81.31029,32.17157],[-81.31078,32.17333],[-81.3094,32.17455],[-81.3099,32.1763],[-81.30852,32.17752],[-81.30665,32.17699],[-81.30615,32.17523],[-81.30753,32.17401],[-81.30703,32.17226]]]}},{"type":"Feature","properties":{"sqmi":0.22},"geometry":{"type":"Polygon","coordinates":[[[-81.4589,31.59503],[-81.4594,31.59678],[-81.45802,31.59801],[-81.45615,31.59749],[-81.45566,31.59573],[-81.45055,31.5959],[-81.45005,31.59415],[-81.44818,31.59362],[-81.44768,31.59186],[-81.44906,31.59063],[-81.45092,31.59116],[-81.4523,31.58993],[-81.45653,31.59274],[-81.45791,31.59151],[-81.45978,31.59204],[-81.46027,31.5938],[-81.4589,31.59503]]]}},{"type":"Feature","properties":{"sqmi":0.22},"geometry":{"type":"Polygon","coordinates":[[[-81.60625,31.08917],[-81.60762,31.08793],[-81.61272,31.08773],[-81.61321,31.08949],[-81.61185,31.09073],[-81.60998,31.09021],[-81.6085,31.09109],[-81.60911,31.09321],[-81.61098,31.09373],[-81.61148,31.09549],[-81.61011,31.09672],[-81.61061,31.09848],[-81.61245,31.099],[-81.61297,31.10076],[-81.61161,31.102],[-81.60738,31.0992],[-81.60688,31.09744],[-81.60824,31.0962],[-81.60775,31.09445],[-81.60588,31.09393],[-81.60538,31.09217],[-81.60675,31.09093],[-81.60625,31.08917]]]}},{"type":"Feature","properties":{"sqmi":0.21},"geometry":{"type":"Polygon","coordinates":[[[-78.05985,34.13016],[-78.05808,34.13107],[-78.05828,34.13267],[-78.05652,34.13358],[-78.05671,34.13517],[-78.05866,34.13585],[-78.05886,34.13744],[-78.05709,34.13836],[-78.05299,34.13541],[-78.0528,34.13382],[-78.05456,34.1329],[-78.05437,34.13131],[-78.05613,34.1304],[-78.05594,34.1288],[-78.0577,34.12789],[-78.05965,34.12857],[-78.06141,34.12765],[-78.06122,34.12606],[-78.06298,34.12514],[-78.06494,34.12582],[-78.06513,34.12741],[-78.06337,34.12833],[-78.06356,34.12992],[-78.0618,34.13083],[-78.05985,34.13016]]]}},{"type":"Feature","properties":{"sqmi":0.21},"geometry":{"type":"Polygon","coordinates":[[[-80.26106,32.81256],[-80.26244,32.81137],[-80.26753,32.81128],[-80.26891,32.81009],[-80.26843,32.80835],[-80.26981,32.80716],[-80.27167,32.80771],[-80.27214,32.80946],[-80.27076,32.81065],[-80.27124,32.81239],[-80.26986,32.81358],[-80.27033,32.81533],[-80.26895,32.81652],[-80.2671,32.81597],[-80.26572,32.81716],[-80.26154,32.8143],[-80.26106,32.81256]]]}},{"type":"Feature","properties":{"sqmi":0.21},"geometry":{"type":"Polygon","coordinates":[[[-81.09664,29.39055],[-81.0953,29.3918],[-81.09578,29.39356],[-81.09449,29.39476],[-81.09329,29.39093],[-81.09208,29.39065],[-81.09108,29.38825],[-81.09117,29.38552],[-81.08916,29.38353],[-81.08661,29.37466],[-81.08884,29.37596],[-81.08991,29.37802],[-81.09114,29.37806],[-81.09013,29.37901],[-81.09061,29.38077],[-81.09243,29.38127],[-81.09291,29.38303],[-81.09156,29.38428],[-81.09204,29.38603],[-81.09616,29.3888],[-81.09664,29.39055]]]}},{"type":"Feature","properties":{"sqmi":0.21},"geometry":{"type":"Polygon","coordinates":[[[-81.32151,31.71134],[-81.32289,31.71012],[-81.32255,31.70823],[-81.32377,31.70714],[-81.32563,31.70767],[-81.32613,31.70942],[-81.32476,31.71065],[-81.32525,31.7124],[-81.32388,31.71363],[-81.32437,31.71539],[-81.323,31.71661],[-81.32113,31.71608],[-81.31976,31.71731],[-81.31465,31.71747],[-81.31416,31.71572],[-81.31553,31.71449],[-81.3174,31.71502],[-81.31877,31.7138],[-81.31848,31.71186],[-81.32151,31.71134]]]}},{"type":"Feature","properties":{"sqmi":0.21},"geometry":{"type":"Polygon","coordinates":[[[-81.36541,28.88551],[-81.36528,28.8881],[-81.364,28.88982],[-81.36212,28.88927],[-81.35993,28.8867],[-81.36001,28.88617],[-81.36211,28.88552],[-81.36219,28.88533],[-81.36021,28.88597],[-81.35903,28.8855],[-81.35829,28.88573],[-81.3595,28.88583],[-81.35954,28.88656],[-81.3575,28.88596],[-81.35884,28.8847],[-81.35835,28.88294],[-81.35969,28.88168],[-81.35921,28.87993],[-81.36055,28.87867],[-81.3625,28.87937],[-81.36541,28.88551]]]}},{"type":"Feature","properties":{"sqmi":0.2},"geometry":{"type":"Polygon","coordinates":[[[-79.16105,33.50039],[-79.1606,33.49866],[-79.16198,33.4975],[-79.16153,33.49576],[-79.16291,33.4946],[-79.16245,33.49287],[-79.16383,33.49171],[-79.16566,33.49228],[-79.16704,33.49112],[-79.16659,33.48939],[-79.16797,33.48823],[-79.16923,33.48862],[-79.16802,33.49182],[-79.16785,33.49876],[-79.16707,33.50054],[-79.16871,33.50241],[-79.16655,33.50211],[-79.1661,33.50038],[-79.16748,33.49922],[-79.16702,33.49748],[-79.16519,33.49691],[-79.16381,33.49807],[-79.16426,33.49981],[-79.16288,33.50097],[-79.16105,33.50039]]]}},{"type":"Feature","properties":{"sqmi":0.2},"geometry":{"type":"Polygon","coordinates":[[[-80.25459,32.81383],[-80.25274,32.81328],[-80.25136,32.81447],[-80.25183,32.81622],[-80.25045,32.81741],[-80.2486,32.81685],[-80.24813,32.81511],[-80.24982,32.81476],[-80.24982,32.8092],[-80.25131,32.80804],[-80.25084,32.8063],[-80.24982,32.806],[-80.24982,32.80256],[-80.25174,32.80336],[-80.25222,32.80511],[-80.25407,32.80566],[-80.25455,32.80741],[-80.25317,32.8086],[-80.25364,32.81034],[-80.2555,32.8109],[-80.25597,32.81264],[-80.25459,32.81383]]]}},{"type":"Feature","properties":{"sqmi":0.2},"geometry":{"type":"Polygon","coordinates":[[[-81.3958,29.9796],[-81.39585,29.9798],[-81.39471,29.98178],[-81.39235,29.98267],[-81.39135,29.98115],[-81.38841,29.9809],[-81.38928,29.98447],[-81.38812,29.98252],[-81.38628,29.98201],[-81.38579,29.98025],[-81.38714,29.979],[-81.38665,29.97725],[-81.38801,29.976],[-81.38985,29.97651],[-81.39033,29.97827],[-81.39217,29.97878],[-81.39352,29.9776],[-81.39304,29.97577],[-81.39439,29.97452],[-81.39623,29.97503],[-81.39672,29.97679],[-81.39537,29.97804],[-81.3958,29.9796]],[[-81.3958,29.9796],[-81.39493,29.97886],[-81.39504,29.9792],[-81.3958,29.9796]],[[-81.39414,29.97798],[-81.39424,29.97799],[-81.39422,29.97788],[-81.39414,29.97798]],[[-81.39433,29.97875],[-81.39451,29.97883],[-81.39442,29.97869],[-81.39433,29.97875]]]}},{"type":"Feature","properties":{"sqmi":0.2},"geometry":{"type":"Polygon","coordinates":[[[-81.68433,31.0097],[-81.68981,31.0087],[-81.68862,31.01048],[-81.69236,31.01101],[-81.69286,31.01277],[-81.69149,31.01401],[-81.68639,31.01422],[-81.68589,31.01246],[-81.68403,31.01194],[-81.68353,31.01018],[-81.67929,31.00738],[-81.6788,31.00562],[-81.68016,31.00438],[-81.68203,31.0049],[-81.68253,31.00666],[-81.68439,31.00718],[-81.68433,31.0097]]]}},{"type":"Feature","properties":{"sqmi":0.08},"geometry":{"type":"Polygon","coordinates":[[[-81.39476,28.84222],[-81.40041,28.8411],[-81.39934,28.84211],[-81.39983,28.84387],[-81.39849,28.84513],[-81.39351,28.8454],[-81.39217,28.84666],[-81.39476,28.84222]]]}}]}