{"type":"FeatureCollection","metadata":{"carrier":"AT&T","source":"FCC National Broadband Map (Broadband Data Collection), provider-reported mobile broadband coverage, H3 res-9 hexagon files","source_url":"https://broadbandmap.fcc.gov/data-download/nationwide-data","filing":"As of December 31, 2025 (BDC filing; downloaded 2026-09-26, files bdc_{12,13,37,45}_*_mobile_broadband_h3_D25)","meaning":"Shaded = the carrier reports neither 4G LTE (5/1 Mbps) nor 5G-NR (7/1 Mbps) coverage, outdoor stationary","processing":"Within 5 mi of the driving route and 3 mi of each stop; land only (US Census TIGER 2024 county minus area-water); gaps under 0.5 km2 dropped; simplified ~60 m","caveat":"FCC provider-reported coverage; real signal can be worse."},"features":[{"type":"Feature","properties":{"sqmi":18.2},"geometry":{"type":"Polygon","coordinates":[[[-81.0616,32.39521],[-81.06347,32.39575],[-81.06485,32.39453],[-81.06436,32.39278],[-81.06574,32.39157],[-81.06761,32.39211],[-81.06899,32.3909],[-81.0685,32.38914],[-81.06426,32.38631],[-81.06377,32.38456],[-81.06515,32.38334],[-81.06702,32.38388],[-81.06752,32.38564],[-81.06939,32.38618],[-81.07077,32.38497],[-81.07028,32.38321],[-81.07166,32.382],[-81.07116,32.38025],[-81.07254,32.37903],[-81.07205,32.37728],[-81.07018,32.37674],[-81.06969,32.37499],[-81.07107,32.37378],[-81.07294,32.37432],[-81.07343,32.37607],[-81.0753,32.37661],[-81.07668,32.3754],[-81.07856,32.37594],[-81.07994,32.37472],[-81.07944,32.37297],[-81.07757,32.37243],[-81.07708,32.37068],[-81.07284,32.36784],[-81.07235,32.36609],[-81.07373,32.36488],[-81.07324,32.36313],[-81.06812,32.36326],[-81.06763,32.3615],[-81.06339,32.35867],[-81.0629,32.35692],[-81.06428,32.35571],[-81.06615,32.35625],[-81.06753,32.35503],[-81.0694,32.35557],[-81.07078,32.35436],[-81.07265,32.3549],[-81.07403,32.35369],[-81.07827,32.35652],[-81.07876,32.35827],[-81.08063,32.35881],[-81.08201,32.3576],[-81.08152,32.35585],[-81.07965,32.35531],[-81.07915,32.35355],[-81.08053,32.35234],[-81.08004,32.35059],[-81.08142,32.34937],[-81.08093,32.34762],[-81.08231,32.34641],[-81.08418,32.34695],[-81.08467,32.3487],[-81.08329,32.34991],[-81.08378,32.35167],[-81.08566,32.35221],[-81.08704,32.35099],[-81.08654,32.34924],[-81.08792,32.34803],[-81.08979,32.34857],[-81.09117,32.34735],[-81.09068,32.3456],[-81.09206,32.34439],[-81.09157,32.34263],[-81.09295,32.34142],[-81.09246,32.33967],[-81.09384,32.33845],[-81.09334,32.3367],[-81.09147,32.33616],[-81.09118,32.33423],[-81.09236,32.33319],[-81.09187,32.33144],[-81.09325,32.33023],[-81.09512,32.33077],[-81.0965,32.32955],[-81.09601,32.3278],[-81.09738,32.32658],[-81.09689,32.32483],[-81.09827,32.32362],[-81.10014,32.32416],[-81.10152,32.32294],[-81.10103,32.32119],[-81.10241,32.31998],[-81.10192,32.31822],[-81.1033,32.31701],[-81.1028,32.31525],[-81.10418,32.31404],[-81.10842,32.31687],[-81.1098,32.31566],[-81.11167,32.3162],[-81.11305,32.31498],[-81.11256,32.31323],[-81.11069,32.31269],[-81.11019,32.31094],[-81.11157,32.30972],[-81.11581,32.31255],[-81.11719,32.31134],[-81.11669,32.30959],[-81.11482,32.30905],[-81.11433,32.30729],[-81.11571,32.30608],[-81.11758,32.30662],[-81.11807,32.30837],[-81.11995,32.30891],[-81.12133,32.3077],[-81.12445,32.30919],[-81.12588,32.31237],[-81.12608,32.31703],[-81.12701,32.31806],[-81.1264,32.31251],[-81.12528,32.30975],[-81.12863,32.30723],[-81.13196,32.30804],[-81.13264,32.30935],[-81.12996,32.31113],[-81.12928,32.31355],[-81.13122,32.31952],[-81.13026,32.3255],[-81.13084,32.32688],[-81.13206,32.32717],[-81.13534,32.32451],[-81.13765,32.32859],[-81.13499,32.33018],[-81.13253,32.33455],[-81.12871,32.33599],[-81.12799,32.33805],[-81.12879,32.34163],[-81.13385,32.34386],[-81.13454,32.34875],[-81.13484,32.34918],[-81.13551,32.3493],[-81.13426,32.3461],[-81.13624,32.34707],[-81.13641,32.3491],[-81.13503,32.35032],[-81.13316,32.34978],[-81.13178,32.35099],[-81.13227,32.35275],[-81.13414,32.35329],[-81.13464,32.35504],[-81.13326,32.35625],[-81.13375,32.35801],[-81.13237,32.35922],[-81.1305,32.35868],[-81.12912,32.3599],[-81.12961,32.36165],[-81.12823,32.36286],[-81.12872,32.36462],[-81.12734,32.36583],[-81.12784,32.36758],[-81.12646,32.3688],[-81.12695,32.37055],[-81.12557,32.37177],[-81.12606,32.37352],[-81.12468,32.37473],[-81.12518,32.37649],[-81.1238,32.3777],[-81.12192,32.37716],[-81.12054,32.37837],[-81.12104,32.38013],[-81.11966,32.38134],[-81.12015,32.38309],[-81.11877,32.38431],[-81.11926,32.38606],[-81.11788,32.38728],[-81.11601,32.38674],[-81.11463,32.38795],[-81.11512,32.3897],[-81.11699,32.39024],[-81.11749,32.392],[-81.11611,32.39321],[-81.11187,32.39038],[-81.11049,32.39159],[-81.11098,32.39334],[-81.11285,32.39388],[-81.11335,32.39564],[-81.11197,32.39685],[-81.11246,32.3986],[-81.11108,32.39981],[-81.1092,32.39927],[-81.10782,32.40049],[-81.10595,32.39995],[-81.10457,32.40116],[-81.1027,32.40062],[-81.1022,32.39887],[-81.10033,32.39833],[-81.09984,32.39657],[-81.09797,32.39603],[-81.09659,32.39725],[-81.09235,32.39441],[-81.09097,32.39563],[-81.09146,32.39738],[-81.09333,32.39792],[-81.09383,32.39967],[-81.09245,32.40089],[-81.09294,32.40264],[-81.09481,32.40318],[-81.0953,32.40493],[-81.09392,32.40615],[-81.09442,32.4079],[-81.09304,32.40911],[-81.09116,32.40857],[-81.09067,32.40682],[-81.08643,32.40398],[-81.08505,32.4052],[-81.08554,32.40695],[-81.08416,32.40816],[-81.08229,32.40762],[-81.08091,32.40883],[-81.0814,32.41059],[-81.08002,32.4118],[-81.08051,32.41355],[-81.08239,32.41409],[-81.08288,32.41585],[-81.0815,32.41706],[-81.07963,32.41652],[-81.07913,32.41477],[-81.07726,32.41422],[-81.07588,32.41544],[-81.07164,32.4126],[-81.07026,32.41382],[-81.07076,32.41557],[-81.07263,32.41611],[-81.07312,32.41786],[-81.07825,32.41773],[-81.07874,32.41948],[-81.07736,32.4207],[-81.07785,32.42245],[-81.07647,32.42366],[-81.07696,32.42541],[-81.07558,32.42663],[-81.07607,32.42838],[-81.07469,32.42959],[-81.07519,32.43134],[-81.07381,32.43256],[-81.07193,32.43201],[-81.07144,32.43026],[-81.07282,32.42905],[-81.07233,32.4273],[-81.07371,32.42609],[-81.07322,32.42433],[-81.07134,32.42379],[-81.06996,32.425],[-81.07046,32.42676],[-81.06908,32.42797],[-81.06957,32.42972],[-81.06819,32.43093],[-81.06631,32.43039],[-81.06493,32.4316],[-81.0607,32.42877],[-81.05932,32.42998],[-81.05981,32.43173],[-81.05843,32.43295],[-81.05892,32.4347],[-81.05754,32.43591],[-81.0533,32.43308],[-81.05192,32.43429],[-81.0468,32.43442],[-81.04631,32.43266],[-81.04769,32.43145],[-81.0472,32.4297],[-81.04858,32.42849],[-81.05045,32.42903],[-81.05183,32.42782],[-81.05134,32.42607],[-81.05272,32.42485],[-81.05222,32.4231],[-81.05035,32.42256],[-81.04986,32.42081],[-81.05124,32.4196],[-81.05311,32.42014],[-81.05361,32.42189],[-81.05548,32.42243],[-81.05686,32.42122],[-81.05873,32.42176],[-81.06011,32.42055],[-81.05962,32.41879],[-81.05775,32.41825],[-81.05725,32.4165],[-81.05863,32.41529],[-81.05814,32.41354],[-81.05952,32.41232],[-81.05903,32.41057],[-81.06041,32.40936],[-81.06228,32.4099],[-81.06366,32.40869],[-81.06317,32.40693],[-81.0613,32.40639],[-81.05992,32.40761],[-81.05805,32.40707],[-81.05667,32.40828],[-81.0548,32.40774],[-81.0543,32.40598],[-81.05568,32.40477],[-81.05756,32.40531],[-81.05894,32.4041],[-81.06081,32.40464],[-81.06219,32.40343],[-81.0617,32.40168],[-81.05982,32.40114],[-81.05933,32.39938],[-81.06071,32.39817],[-81.06022,32.39642],[-81.05835,32.39588],[-81.05786,32.39412],[-81.05924,32.39291],[-81.06111,32.39345],[-81.0616,32.39521]],[[-81.06544,32.40276],[-81.06406,32.40397],[-81.06455,32.40572],[-81.06642,32.40626],[-81.06692,32.40802],[-81.06879,32.40856],[-81.07017,32.40734],[-81.06968,32.40559],[-81.0678,32.40505],[-81.06731,32.4033],[-81.06544,32.40276]],[[-81.07677,32.41247],[-81.07815,32.41126],[-81.07766,32.40951],[-81.07579,32.40897],[-81.0744,32.41018],[-81.0749,32.41193],[-81.07677,32.41247]],[[-81.075,32.3878],[-81.0755,32.38955],[-81.07737,32.39009],[-81.07875,32.38888],[-81.07826,32.38713],[-81.07638,32.38659],[-81.075,32.3878]],[[-81.08437,32.3905],[-81.08624,32.39104],[-81.08762,32.38983],[-81.08713,32.38807],[-81.08525,32.38753],[-81.08387,32.38875],[-81.08437,32.3905]],[[-81.09866,32.38672],[-81.09857,32.38441],[-81.09777,32.38309],[-81.0959,32.38255],[-81.09541,32.3808],[-81.09679,32.37958],[-81.09629,32.37783],[-81.09442,32.37729],[-81.09304,32.3785],[-81.09353,32.38026],[-81.09215,32.38147],[-81.09265,32.38322],[-81.09127,32.38444],[-81.09176,32.38619],[-81.09038,32.3874],[-81.09087,32.38915],[-81.09511,32.39199],[-81.09649,32.39078],[-81.096,32.38902],[-81.09738,32.38781],[-81.09688,32.38606],[-81.09824,32.38487],[-81.09866,32.38672]],[[-81.09561,32.33252],[-81.09423,32.33373],[-81.09472,32.33549],[-81.0966,32.33603],[-81.09797,32.33481],[-81.09748,32.33306],[-81.09561,32.33252]],[[-81.09856,32.34304],[-81.10044,32.34358],[-81.10182,32.34236],[-81.10132,32.34061],[-81.09945,32.34007],[-81.09807,32.34128],[-81.0962,32.34075],[-81.09482,32.34196],[-81.09531,32.34371],[-81.09719,32.34425],[-81.09856,32.34304]],[[-81.09955,32.34654],[-81.09768,32.34601],[-81.0963,32.34722],[-81.09679,32.34897],[-81.09866,32.34951],[-81.10004,32.3483],[-81.09955,32.34654]],[[-81.09935,32.37978],[-81.09752,32.38032],[-81.09759,32.38293],[-81.09934,32.38294],[-81.09935,32.37978]],[[-81.09915,32.35126],[-81.09778,32.35248],[-81.09827,32.35423],[-81.10339,32.3541],[-81.10477,32.35288],[-81.10664,32.35342],[-81.10802,32.35221],[-81.10753,32.35046],[-81.10566,32.34992],[-81.10428,32.35113],[-81.09915,32.35126]],[[-81.10447,32.39469],[-81.10398,32.39294],[-81.10536,32.39172],[-81.10487,32.38997],[-81.10299,32.38943],[-81.1025,32.38768],[-81.10052,32.38723],[-81.10053,32.38627],[-81.0999,32.3868],[-81.10074,32.38425],[-81.09884,32.3838],[-81.09974,32.3901],[-81.09836,32.39132],[-81.09885,32.39307],[-81.10309,32.3959],[-81.10359,32.39765],[-81.10546,32.39819],[-81.10684,32.39698],[-81.10635,32.39523],[-81.10447,32.39469]],[[-81.09851,32.38978],[-81.09892,32.38983],[-81.0989,32.38794],[-81.09851,32.38978]],[[-81.1025,32.33403],[-81.10266,32.33419],[-81.1029,32.33254],[-81.1017,32.33201],[-81.1027,32.33272],[-81.1025,32.33403]],[[-81.10418,32.34466],[-81.1028,32.34587],[-81.10329,32.34762],[-81.10517,32.34816],[-81.10655,32.34695],[-81.10605,32.3452],[-81.10418,32.34466]],[[-81.10419,32.33364],[-81.10428,32.3338],[-81.10456,32.3337],[-81.10419,32.33364]],[[-81.10552,32.33477],[-81.10473,32.33388],[-81.10461,32.33519],[-81.10552,32.33477]],[[-81.10891,32.31863],[-81.10753,32.31984],[-81.10803,32.32159],[-81.11315,32.32146],[-81.11364,32.32321],[-81.11551,32.32375],[-81.11689,32.32254],[-81.1164,32.32078],[-81.11778,32.31957],[-81.11729,32.31781],[-81.11541,32.31728],[-81.11404,32.31849],[-81.10891,32.31863]],[[-81.11256,32.34385],[-81.11305,32.3456],[-81.11492,32.34614],[-81.1163,32.34493],[-81.11581,32.34317],[-81.11394,32.34263],[-81.11256,32.34385]],[[-81.11817,32.31485],[-81.11867,32.3166],[-81.12054,32.31714],[-81.12192,32.31592],[-81.12142,32.31417],[-81.1228,32.31296],[-81.12231,32.3112],[-81.12044,32.31066],[-81.11906,32.31188],[-81.11955,32.31363],[-81.11817,32.31485]]]}},{"type":"Feature","properties":{"sqmi":16.09},"geometry":{"type":"Polygon","coordinates":[[[-79.2801,33.27014],[-79.28062,33.26831],[-79.27795,33.26879],[-79.27918,33.2662],[-79.27688,33.2676],[-79.27495,33.26666],[-79.27365,33.26776],[-79.27149,33.26535],[-79.27267,33.26436],[-79.27221,33.26262],[-79.27038,33.26205],[-79.26993,33.26031],[-79.2713,33.25915],[-79.27085,33.25741],[-79.27223,33.25625],[-79.26949,33.25221],[-79.27087,33.25104],[-79.27041,33.2493],[-79.27182,33.24876],[-79.2724,33.2455],[-79.27454,33.24581],[-79.27592,33.24464],[-79.27547,33.2429],[-79.27684,33.24174],[-79.27639,33.24],[-79.27777,33.23884],[-79.27731,33.2371],[-79.27869,33.23593],[-79.28052,33.2365],[-79.28097,33.23824],[-79.28281,33.23881],[-79.28418,33.23764],[-79.28373,33.23591],[-79.2819,33.23534],[-79.28144,33.2336],[-79.28282,33.23243],[-79.28237,33.2307],[-79.28374,33.22953],[-79.28557,33.2301],[-79.28695,33.22893],[-79.2865,33.2272],[-79.28787,33.22603],[-79.28971,33.2266],[-79.29108,33.22543],[-79.29063,33.2237],[-79.29201,33.22253],[-79.29155,33.22079],[-79.29293,33.21963],[-79.29019,33.21559],[-79.29156,33.21442],[-79.2934,33.21499],[-79.29385,33.21672],[-79.29568,33.21729],[-79.29706,33.21613],[-79.2966,33.21439],[-79.29798,33.21322],[-79.29981,33.21379],[-79.30119,33.21262],[-79.30073,33.21089],[-79.30211,33.20972],[-79.30394,33.21029],[-79.30853,33.20852],[-79.31036,33.20909],[-79.31174,33.20793],[-79.31357,33.20849],[-79.31815,33.20673],[-79.31999,33.2073],[-79.32136,33.20613],[-79.3232,33.2067],[-79.32365,33.20843],[-79.32227,33.2096],[-79.32273,33.21134],[-79.32456,33.2119],[-79.32502,33.21364],[-79.32364,33.21481],[-79.32409,33.21654],[-79.32593,33.21711],[-79.32638,33.21885],[-79.33142,33.21882],[-79.3328,33.21765],[-79.33235,33.21591],[-79.33051,33.21535],[-79.33064,33.21312],[-79.334,33.21239],[-79.33471,33.21367],[-79.33464,33.21184],[-79.33648,33.21241],[-79.33693,33.21415],[-79.33556,33.21531],[-79.33601,33.21705],[-79.33525,33.2177],[-79.33533,33.21495],[-79.33413,33.21462],[-79.33511,33.21753],[-79.33509,33.21995],[-79.33371,33.22112],[-79.33417,33.22286],[-79.336,33.22343],[-79.34059,33.22166],[-79.34242,33.22223],[-79.34516,33.22627],[-79.34379,33.22744],[-79.34195,33.22687],[-79.34058,33.22804],[-79.34103,33.22977],[-79.33965,33.23094],[-79.33782,33.23037],[-79.33644,33.23154],[-79.3369,33.23328],[-79.33552,33.23444],[-79.33369,33.23387],[-79.33323,33.23214],[-79.3314,33.23157],[-79.33002,33.23274],[-79.33277,33.23678],[-79.33139,33.23795],[-79.33184,33.23968],[-79.33047,33.24085],[-79.33321,33.24489],[-79.33504,33.24546],[-79.33963,33.24369],[-79.34146,33.24426],[-79.34421,33.2483],[-79.33962,33.25007],[-79.34237,33.25411],[-79.33778,33.25588],[-79.34052,33.25992],[-79.33914,33.26108],[-79.3341,33.26111],[-79.33272,33.26228],[-79.33318,33.26402],[-79.32859,33.26578],[-79.32904,33.26752],[-79.33088,33.26809],[-79.33225,33.26692],[-79.33409,33.26749],[-79.33454,33.26922],[-79.33316,33.27039],[-79.33362,33.27213],[-79.33224,33.2733],[-79.33041,33.27273],[-79.32995,33.27099],[-79.32583,33.26812],[-79.32445,33.26928],[-79.32491,33.27102],[-79.32353,33.27219],[-79.32399,33.27392],[-79.32261,33.27509],[-79.32306,33.27682],[-79.31847,33.27859],[-79.31893,33.28032],[-79.32076,33.28089],[-79.32214,33.27973],[-79.32397,33.2803],[-79.32535,33.27913],[-79.3249,33.27739],[-79.32627,33.27623],[-79.3304,33.2791],[-79.33085,33.28084],[-79.32947,33.282],[-79.32993,33.28374],[-79.32855,33.28491],[-79.32901,33.28664],[-79.32763,33.28781],[-79.32808,33.28955],[-79.32671,33.29071],[-79.32258,33.28784],[-79.32121,33.289],[-79.32166,33.29074],[-79.32028,33.29191],[-79.31845,33.29134],[-79.31799,33.2896],[-79.31387,33.28673],[-79.31249,33.28789],[-79.31295,33.28963],[-79.31157,33.2908],[-79.30653,33.29082],[-79.30515,33.29199],[-79.3056,33.29373],[-79.30101,33.29549],[-79.30376,33.29953],[-79.29917,33.30129],[-79.29734,33.30072],[-79.29688,33.29899],[-79.29826,33.29782],[-79.2978,33.29608],[-79.29918,33.29492],[-79.29873,33.29318],[-79.3001,33.29202],[-79.29965,33.29028],[-79.29782,33.28971],[-79.29644,33.29088],[-79.29461,33.29031],[-79.29415,33.28857],[-79.28911,33.2886],[-79.28865,33.28686],[-79.29003,33.2857],[-79.28958,33.28396],[-79.28546,33.28109],[-79.28493,33.27873],[-79.28602,33.27839],[-79.28487,33.27784],[-79.28383,33.27832],[-79.28448,33.27919],[-79.2825,33.27935],[-79.27678,33.27231],[-79.27128,33.26765],[-79.27815,33.27244],[-79.27952,33.27127],[-79.27922,33.27011],[-79.2801,33.27014]],[[-79.28378,33.27711],[-79.28294,33.27557],[-79.28226,33.2766],[-79.28261,33.27736],[-79.28378,33.27711]],[[-79.29125,33.28483],[-79.29638,33.28263],[-79.29738,33.2816],[-79.29692,33.27987],[-79.29509,33.2793],[-79.29371,33.28046],[-79.2942,33.28221],[-79.29264,33.28284],[-79.29321,33.28359],[-79.29125,33.28483]],[[-79.29327,33.27235],[-79.29373,33.27409],[-79.29556,33.27466],[-79.29694,33.27349],[-79.29648,33.27176],[-79.29465,33.27119],[-79.29327,33.27235]],[[-79.30199,33.26709],[-79.30154,33.26536],[-79.29742,33.26248],[-79.29604,33.26365],[-79.29649,33.26538],[-79.30061,33.26826],[-79.30199,33.26709]],[[-79.29919,33.2756],[-79.30085,33.27443],[-79.29622,33.27567],[-79.29616,33.27638],[-79.29919,33.2756]],[[-79.29838,33.24046],[-79.297,33.24162],[-79.29746,33.24336],[-79.29929,33.24393],[-79.30067,33.24276],[-79.30021,33.24103],[-79.29838,33.24046]],[[-79.30492,33.21747],[-79.30327,33.21854],[-79.30378,33.21851],[-79.30492,33.21747]],[[-79.30519,33.27287],[-79.30564,33.2746],[-79.30748,33.27517],[-79.30885,33.27401],[-79.3084,33.27227],[-79.30657,33.2717],[-79.30519,33.27287]],[[-79.31172,33.2143],[-79.3131,33.21313],[-79.31265,33.2114],[-79.31082,33.21083],[-79.30944,33.212],[-79.30989,33.21373],[-79.31172,33.2143]],[[-79.31439,33.25659],[-79.31394,33.25486],[-79.3121,33.25429],[-79.31073,33.25545],[-79.31118,33.25719],[-79.31301,33.25776],[-79.31439,33.25659]],[[-79.31342,33.28499],[-79.31479,33.28382],[-79.31434,33.28209],[-79.31251,33.28152],[-79.31113,33.28269],[-79.31158,33.28442],[-79.31342,33.28499]],[[-79.31303,33.20888],[-79.31209,33.20952],[-79.31226,33.20958],[-79.31303,33.20888]],[[-79.31626,33.23804],[-79.31764,33.23687],[-79.31718,33.23513],[-79.31535,33.23456],[-79.31397,33.23573],[-79.31443,33.23747],[-79.31626,33.23804]],[[-79.31943,33.25656],[-79.3176,33.25599],[-79.31622,33.25716],[-79.31897,33.2612],[-79.3208,33.26177],[-79.32218,33.2606],[-79.32172,33.25887],[-79.31989,33.2583],[-79.31943,33.25656]],[[-79.3186,33.21484],[-79.31722,33.21601],[-79.31768,33.21774],[-79.31951,33.21831],[-79.32088,33.21714],[-79.32043,33.21541],[-79.3186,33.21484]],[[-79.32449,33.25016],[-79.32494,33.25189],[-79.32678,33.25246],[-79.32815,33.2513],[-79.3277,33.24956],[-79.32587,33.24899],[-79.32449,33.25016]],[[-79.32818,33.23854],[-79.32956,33.23738],[-79.3291,33.23564],[-79.32727,33.23507],[-79.32589,33.23624],[-79.32635,33.23798],[-79.32818,33.23854]],[[-79.32637,33.22522],[-79.32682,33.22696],[-79.33187,33.22693],[-79.33324,33.22576],[-79.33279,33.22403],[-79.33096,33.22346],[-79.32637,33.22522]],[[-79.33686,33.2524],[-79.33641,33.25067],[-79.33779,33.2495],[-79.33733,33.24776],[-79.3355,33.24719],[-79.33412,33.24836],[-79.33458,33.2501],[-79.3332,33.25127],[-79.33365,33.253],[-79.33549,33.25357],[-79.33686,33.2524]]]}},{"type":"Feature","properties":{"sqmi":16.09},"geometry":{"type":"Polygon","coordinates":[[[-79.53018,33.14777],[-79.52559,33.14955],[-79.52605,33.15129],[-79.52788,33.15185],[-79.52926,33.15068],[-79.5311,33.15125],[-79.53156,33.15298],[-79.53018,33.15416],[-79.53064,33.1559],[-79.52605,33.15767],[-79.52651,33.15941],[-79.52513,33.16059],[-79.52559,33.16232],[-79.52421,33.1635],[-79.52237,33.16293],[-79.51778,33.16471],[-79.52053,33.16875],[-79.51916,33.16992],[-79.51961,33.17166],[-79.51502,33.17344],[-79.51548,33.17518],[-79.5141,33.17635],[-79.51456,33.17809],[-79.51318,33.17926],[-79.51364,33.181],[-79.50905,33.18277],[-79.50951,33.18451],[-79.50813,33.18568],[-79.50859,33.18742],[-79.50721,33.18859],[-79.50767,33.19033],[-79.50307,33.19211],[-79.50353,33.19384],[-79.50216,33.19502],[-79.50261,33.19675],[-79.49802,33.19853],[-79.49848,33.20027],[-79.4971,33.20144],[-79.49756,33.20318],[-79.49618,33.20435],[-79.49664,33.20609],[-79.49205,33.20786],[-79.4925,33.2096],[-79.49113,33.21077],[-79.49159,33.21251],[-79.49021,33.21368],[-79.48515,33.21372],[-79.4824,33.20967],[-79.48378,33.2085],[-79.48561,33.20907],[-79.48607,33.21081],[-79.48791,33.21137],[-79.48929,33.2102],[-79.48883,33.20847],[-79.49021,33.20729],[-79.48975,33.20556],[-79.49434,33.20378],[-79.49388,33.20204],[-79.48883,33.20208],[-79.48837,33.20034],[-79.49297,33.19857],[-79.49251,33.19683],[-79.49067,33.19626],[-79.49021,33.19453],[-79.49159,33.19336],[-79.49113,33.19162],[-79.49251,33.19045],[-79.49435,33.19101],[-79.49481,33.19275],[-79.49343,33.19392],[-79.49389,33.19566],[-79.49572,33.19623],[-79.4971,33.19505],[-79.49664,33.19332],[-79.49802,33.19215],[-79.49756,33.19041],[-79.49894,33.18924],[-79.49848,33.1875],[-79.49986,33.18633],[-79.4994,33.18459],[-79.50078,33.18342],[-79.50032,33.18168],[-79.49527,33.18172],[-79.49251,33.17768],[-79.49711,33.1759],[-79.49894,33.17647],[-79.50032,33.1753],[-79.49986,33.17356],[-79.50124,33.17239],[-79.50078,33.17065],[-79.50216,33.16948],[-79.5017,33.16774],[-79.50308,33.16657],[-79.50813,33.16653],[-79.50859,33.16826],[-79.51043,33.16883],[-79.51181,33.16766],[-79.51135,33.16592],[-79.51272,33.16475],[-79.51226,33.16301],[-79.51364,33.16184],[-79.5187,33.1618],[-79.52007,33.16063],[-79.51961,33.15889],[-79.51778,33.15832],[-79.5164,33.15949],[-79.51456,33.15893],[-79.50997,33.16071],[-79.50813,33.16014],[-79.50767,33.1584],[-79.51227,33.15663],[-79.5141,33.15719],[-79.51548,33.15602],[-79.51732,33.15658],[-79.5187,33.15541],[-79.52053,33.15598],[-79.52191,33.15481],[-79.52145,33.15307],[-79.51732,33.1502],[-79.51686,33.14846],[-79.51824,33.14729],[-79.51778,33.14555],[-79.51916,33.14438],[-79.5187,33.14264],[-79.52007,33.14147],[-79.52191,33.14203],[-79.52237,33.14377],[-79.52099,33.14494],[-79.52145,33.14668],[-79.52007,33.14785],[-79.52053,33.14959],[-79.52237,33.15016],[-79.52375,33.14898],[-79.52329,33.14725],[-79.52467,33.14607],[-79.52421,33.14434],[-79.52559,33.14316],[-79.52513,33.14143],[-79.52972,33.13965],[-79.52696,33.1356],[-79.52191,33.13565],[-79.52145,33.13391],[-79.52604,33.13213],[-79.52329,33.12809],[-79.52467,33.12691],[-79.5265,33.12748],[-79.52696,33.12922],[-79.5288,33.12978],[-79.53018,33.12861],[-79.52742,33.12457],[-79.53201,33.12279],[-79.52926,33.11875],[-79.53385,33.11696],[-79.53339,33.11523],[-79.53477,33.11405],[-79.5389,33.11692],[-79.54028,33.11575],[-79.54212,33.11631],[-79.54349,33.11514],[-79.54304,33.1134],[-79.54441,33.11223],[-79.54947,33.11218],[-79.55084,33.11101],[-79.55038,33.10927],[-79.55176,33.1081],[-79.5513,33.10636],[-79.55268,33.10519],[-79.55222,33.10345],[-79.55038,33.10288],[-79.54992,33.10115],[-79.5513,33.09997],[-79.55635,33.09993],[-79.55911,33.10397],[-79.56095,33.10453],[-79.56141,33.10627],[-79.56003,33.10745],[-79.56049,33.10918],[-79.56233,33.10975],[-79.56371,33.10858],[-79.56324,33.10684],[-79.56462,33.10566],[-79.56876,33.10853],[-79.57335,33.10675],[-79.57519,33.10731],[-79.57657,33.10614],[-79.57841,33.1067],[-79.57978,33.10553],[-79.58162,33.10609],[-79.583,33.10492],[-79.58484,33.10548],[-79.58622,33.10431],[-79.58576,33.10257],[-79.58713,33.1014],[-79.58667,33.09966],[-79.58805,33.09848],[-79.58759,33.09674],[-79.58897,33.09557],[-79.58851,33.09383],[-79.58989,33.09266],[-79.58943,33.09092],[-79.58759,33.09035],[-79.58713,33.08861],[-79.5885,33.08744],[-79.59356,33.08739],[-79.59402,33.08913],[-79.59586,33.0897],[-79.59632,33.09144],[-79.59816,33.092],[-79.59954,33.09082],[-79.59907,33.08909],[-79.60045,33.08791],[-79.60459,33.09078],[-79.60597,33.0896],[-79.60551,33.08786],[-79.60367,33.0873],[-79.60321,33.08556],[-79.60459,33.08439],[-79.60412,33.08265],[-79.60229,33.08208],[-79.60182,33.08034],[-79.59999,33.07978],[-79.59953,33.07804],[-79.60412,33.07626],[-79.60366,33.07452],[-79.60504,33.07334],[-79.60687,33.07391],[-79.60825,33.07273],[-79.60779,33.07099],[-79.60917,33.06982],[-79.61331,33.07268],[-79.61377,33.07442],[-79.61882,33.07437],[-79.61929,33.07611],[-79.61791,33.07729],[-79.61837,33.07903],[-79.62021,33.07959],[-79.62159,33.07842],[-79.62112,33.07668],[-79.6225,33.0755],[-79.62664,33.07837],[-79.63124,33.07658],[-79.63308,33.07714],[-79.63354,33.07888],[-79.6386,33.07883],[-79.63906,33.08057],[-79.6409,33.08114],[-79.64549,33.07935],[-79.64503,33.07761],[-79.64641,33.07643],[-79.64595,33.0747],[-79.64733,33.07352],[-79.65147,33.07639],[-79.65285,33.07521],[-79.65238,33.07347],[-79.65376,33.07229],[-79.6556,33.07286],[-79.65698,33.07168],[-79.66112,33.07455],[-79.6625,33.07337],[-79.66204,33.07163],[-79.66342,33.07046],[-79.66526,33.07102],[-79.66572,33.07276],[-79.66434,33.07393],[-79.6648,33.07567],[-79.66343,33.07685],[-79.66389,33.07859],[-79.66573,33.07915],[-79.66619,33.08089],[-79.66481,33.08207],[-79.66528,33.08381],[-79.66942,33.08667],[-79.66988,33.08841],[-79.67494,33.08836],[-79.67541,33.0901],[-79.67403,33.09128],[-79.67219,33.09072],[-79.67081,33.09189],[-79.67127,33.09363],[-79.66989,33.09481],[-79.66805,33.09424],[-79.66345,33.09603],[-79.66161,33.09547],[-79.66023,33.09665],[-79.6607,33.09838],[-79.65932,33.09956],[-79.65426,33.09961],[-79.6538,33.09787],[-79.65517,33.09669],[-79.65471,33.09495],[-79.65287,33.09439],[-79.65149,33.09557],[-79.65195,33.09731],[-79.65058,33.09848],[-79.65104,33.10022],[-79.64966,33.1014],[-79.65012,33.10314],[-79.64874,33.10431],[-79.6469,33.10375],[-79.64553,33.10492],[-79.64368,33.10436],[-79.64322,33.10262],[-79.63816,33.10267],[-79.63679,33.10384],[-79.63725,33.10558],[-79.63587,33.10676],[-79.63403,33.10619],[-79.63265,33.10737],[-79.63081,33.10681],[-79.62943,33.10798],[-79.62759,33.10742],[-79.62621,33.10859],[-79.62437,33.10803],[-79.623,33.1092],[-79.62116,33.10864],[-79.61978,33.10981],[-79.61794,33.10925],[-79.61334,33.11103],[-79.6115,33.11047],[-79.61012,33.11164],[-79.61059,33.11338],[-79.60921,33.11456],[-79.60737,33.11399],[-79.60599,33.11517],[-79.60415,33.1146],[-79.60277,33.11578],[-79.60093,33.11521],[-79.59956,33.11639],[-79.59772,33.11582],[-79.59312,33.11761],[-79.59128,33.11704],[-79.59082,33.11531],[-79.59542,33.11352],[-79.59495,33.11178],[-79.59312,33.11122],[-79.59266,33.10948],[-79.59403,33.10831],[-79.59357,33.10657],[-79.58852,33.10661],[-79.58714,33.10779],[-79.5876,33.10952],[-79.58622,33.1107],[-79.58208,33.10783],[-79.58071,33.10901],[-79.58117,33.11074],[-79.57979,33.11192],[-79.58025,33.11366],[-79.57565,33.11544],[-79.57612,33.11718],[-79.57474,33.11835],[-79.5752,33.12009],[-79.57704,33.12066],[-79.57841,33.11948],[-79.57795,33.11774],[-79.57933,33.11657],[-79.58117,33.11713],[-79.58255,33.11596],[-79.58669,33.11883],[-79.58715,33.12057],[-79.58577,33.12174],[-79.58071,33.12179],[-79.57934,33.12296],[-79.5798,33.1247],[-79.57842,33.12587],[-79.57658,33.12531],[-79.57198,33.12709],[-79.57015,33.12653],[-79.56969,33.12479],[-79.57106,33.12361],[-79.5706,33.12187],[-79.57198,33.1207],[-79.57152,33.11896],[-79.56968,33.1184],[-79.5683,33.11957],[-79.56876,33.12131],[-79.56739,33.12248],[-79.56785,33.12422],[-79.56647,33.1254],[-79.56463,33.12483],[-79.56187,33.12079],[-79.55682,33.12083],[-79.55406,33.11679],[-79.55222,33.11623],[-79.55085,33.1174],[-79.54671,33.11453],[-79.54533,33.1157],[-79.54549,33.1177],[-79.54441,33.11862],[-79.54258,33.11805],[-79.5412,33.11922],[-79.54166,33.12096],[-79.54028,33.12214],[-79.54074,33.12387],[-79.54258,33.12444],[-79.54396,33.12327],[-79.5435,33.12153],[-79.54487,33.12035],[-79.54993,33.12031],[-79.55039,33.12205],[-79.54901,33.12322],[-79.54947,33.12496],[-79.5536,33.12783],[-79.55406,33.12957],[-79.5559,33.13013],[-79.55636,33.13187],[-79.5582,33.13244],[-79.55866,33.13417],[-79.55728,33.13535],[-79.55774,33.13709],[-79.55637,33.13826],[-79.55131,33.1383],[-79.54993,33.13948],[-79.55039,33.14121],[-79.54901,33.14239],[-79.54396,33.14243],[-79.54258,33.1436],[-79.54304,33.14534],[-79.54166,33.14651],[-79.53661,33.14656],[-79.53523,33.14773],[-79.53569,33.14947],[-79.53431,33.15064],[-79.53248,33.15007],[-79.53202,33.14834],[-79.53018,33.14777]],[[-79.50675,33.17408],[-79.50859,33.17465],[-79.50997,33.17348],[-79.50951,33.17174],[-79.50767,33.17117],[-79.50629,33.17235],[-79.50675,33.17408]],[[-79.51594,33.17053],[-79.51732,33.16936],[-79.51686,33.16762],[-79.51502,33.16705],[-79.51364,33.16822],[-79.5141,33.16996],[-79.51594,33.17053]],[[-79.52788,33.14547],[-79.52972,33.14603],[-79.5311,33.14486],[-79.53064,33.14312],[-79.5288,33.14256],[-79.52742,33.14373],[-79.52788,33.14547]],[[-79.53431,33.12509],[-79.53293,33.12626],[-79.53339,33.128],[-79.53523,33.12857],[-79.53661,33.12739],[-79.53615,33.12566],[-79.53431,33.12509]],[[-79.53523,33.14134],[-79.53707,33.14191],[-79.53845,33.14073],[-79.53799,33.139],[-79.53937,33.13782],[-79.53891,33.13608],[-79.53477,33.13322],[-79.53339,33.13439],[-79.53385,33.13613],[-79.53569,33.13669],[-79.53615,33.13843],[-79.53477,33.1396],[-79.53523,33.14134]],[[-79.56049,33.11557],[-79.56187,33.1144],[-79.56141,33.11266],[-79.55957,33.1121],[-79.55819,33.11327],[-79.55865,33.11501],[-79.56049,33.11557]],[[-79.56509,33.12018],[-79.56647,33.11901],[-79.56601,33.11727],[-79.56417,33.1167],[-79.56279,33.11788],[-79.56325,33.11962],[-79.56509,33.12018]],[[-79.57152,33.11257],[-79.57336,33.11314],[-79.57473,33.11196],[-79.57427,33.11022],[-79.57244,33.10966],[-79.57106,33.11083],[-79.57152,33.11257]],[[-79.59587,33.10887],[-79.59633,33.11061],[-79.59817,33.11117],[-79.59955,33.11],[-79.59909,33.10826],[-79.59725,33.10769],[-79.59587,33.10887]],[[-79.61241,33.09477],[-79.61379,33.0936],[-79.61332,33.09186],[-79.61149,33.0913],[-79.61011,33.09247],[-79.61057,33.09421],[-79.61241,33.09477]],[[-79.61746,33.08833],[-79.61562,33.08777],[-79.61424,33.08895],[-79.6147,33.09068],[-79.61654,33.09125],[-79.61792,33.09007],[-79.61746,33.08833]],[[-79.61609,33.0959],[-79.61471,33.09708],[-79.61517,33.09882],[-79.61701,33.09938],[-79.61839,33.0982],[-79.61793,33.09647],[-79.61609,33.0959]],[[-79.61745,33.08194],[-79.61607,33.08312],[-79.61654,33.08486],[-79.62159,33.08481],[-79.62297,33.08363],[-79.62711,33.0865],[-79.63171,33.08471],[-79.63355,33.08528],[-79.63492,33.0841],[-79.63676,33.08466],[-79.63814,33.08349],[-79.63768,33.08175],[-79.63584,33.08119],[-79.63124,33.08297],[-79.6271,33.08011],[-79.62251,33.08189],[-79.61745,33.08194]],[[-79.63264,33.10098],[-79.63218,33.09924],[-79.63034,33.09867],[-79.62896,33.09985],[-79.62943,33.10159],[-79.62805,33.10276],[-79.62851,33.1045],[-79.63035,33.10507],[-79.63173,33.10389],[-79.63127,33.10215],[-79.63264,33.10098]],[[-79.64137,33.08927],[-79.64183,33.09101],[-79.64597,33.09388],[-79.64735,33.0927],[-79.64689,33.09096],[-79.64275,33.08809],[-79.64137,33.08927]],[[-79.65055,33.0793],[-79.65101,33.08104],[-79.65285,33.0816],[-79.65423,33.08043],[-79.65377,33.07869],[-79.65193,33.07812],[-79.65055,33.0793]],[[-79.66022,33.09025],[-79.65885,33.09143],[-79.65931,33.09317],[-79.66115,33.09373],[-79.66253,33.09255],[-79.66207,33.09081],[-79.66344,33.08964],[-79.66298,33.0879],[-79.66114,33.08734],[-79.65976,33.08851],[-79.66022,33.09025]]]}},{"type":"Feature","properties":{"sqmi":12.76},"geometry":{"type":"Polygon","coordinates":[[[-79.4019,33.3523],[-79.40144,33.35056],[-79.3996,33.35],[-79.39915,33.34826],[-79.39502,33.34538],[-79.39364,33.34655],[-79.3918,33.34598],[-79.39042,33.34715],[-79.39088,33.34889],[-79.3895,33.35005],[-79.38537,33.34718],[-79.38399,33.34835],[-79.37894,33.34837],[-79.37848,33.34664],[-79.37435,33.34376],[-79.37389,33.34203],[-79.37849,33.34026],[-79.38032,33.34083],[-79.38307,33.34487],[-79.38491,33.34544],[-79.38629,33.34428],[-79.38583,33.34254],[-79.384,33.34197],[-79.38354,33.34023],[-79.38492,33.33907],[-79.38446,33.33733],[-79.38263,33.33676],[-79.38125,33.33793],[-79.37941,33.33736],[-79.37482,33.33912],[-79.37298,33.33855],[-79.37252,33.33682],[-79.3739,33.33565],[-79.37345,33.33392],[-79.37482,33.33275],[-79.37208,33.32871],[-79.37345,33.32754],[-79.373,33.3258],[-79.37438,33.32464],[-79.37392,33.3229],[-79.37208,33.32233],[-79.36934,33.31829],[-79.36429,33.31832],[-79.36383,33.31658],[-79.36521,33.31541],[-79.36704,33.31598],[-79.36842,33.31482],[-79.36797,33.31308],[-79.36934,33.31191],[-79.37118,33.31248],[-79.37256,33.31132],[-79.3721,33.30958],[-79.37027,33.30901],[-79.36981,33.30727],[-79.37119,33.30611],[-79.37532,33.30898],[-79.3767,33.30781],[-79.37624,33.30608],[-79.37762,33.30491],[-79.37945,33.30548],[-79.37991,33.30721],[-79.37853,33.30838],[-79.37899,33.31012],[-79.38082,33.31069],[-79.38542,33.30892],[-79.38267,33.30488],[-79.38405,33.30371],[-79.38359,33.30198],[-79.38497,33.30081],[-79.38451,33.29907],[-79.38268,33.2985],[-79.38222,33.29677],[-79.3836,33.2956],[-79.38314,33.29386],[-79.38131,33.29329],[-79.38085,33.29156],[-79.37672,33.28868],[-79.37627,33.28695],[-79.37764,33.28578],[-79.3749,33.28174],[-79.37627,33.28057],[-79.37582,33.27883],[-79.3772,33.27767],[-79.37674,33.27593],[-79.37812,33.27476],[-79.37766,33.27303],[-79.37583,33.27246],[-79.37537,33.27072],[-79.37675,33.26955],[-79.37629,33.26782],[-79.38088,33.26605],[-79.38043,33.26431],[-79.3818,33.26314],[-79.38364,33.26371],[-79.3841,33.26545],[-79.38272,33.26662],[-79.38317,33.26835],[-79.38501,33.26892],[-79.38547,33.27066],[-79.38409,33.27183],[-79.38454,33.27356],[-79.38638,33.27413],[-79.39097,33.27236],[-79.39281,33.27293],[-79.39326,33.27467],[-79.39189,33.27584],[-79.39234,33.27757],[-79.39647,33.28045],[-79.39693,33.28218],[-79.39555,33.28335],[-79.39601,33.28509],[-79.40106,33.28506],[-79.40151,33.28679],[-79.40014,33.28796],[-79.40059,33.2897],[-79.39921,33.29087],[-79.39967,33.2926],[-79.40151,33.29317],[-79.4061,33.2914],[-79.40564,33.28967],[-79.40381,33.2891],[-79.40335,33.28736],[-79.40473,33.28619],[-79.40978,33.28616],[-79.41437,33.28439],[-79.41392,33.28266],[-79.4153,33.28149],[-79.41484,33.27975],[-79.41622,33.27858],[-79.41805,33.27915],[-79.41851,33.28089],[-79.41713,33.28206],[-79.41759,33.28379],[-79.42264,33.28376],[-79.4231,33.2855],[-79.42494,33.28607],[-79.42953,33.2843],[-79.42907,33.28256],[-79.42724,33.28199],[-79.42678,33.28025],[-79.42816,33.27909],[-79.4277,33.27735],[-79.42908,33.27618],[-79.42633,33.27214],[-79.43092,33.27037],[-79.43046,33.26863],[-79.43184,33.26746],[-79.43138,33.26573],[-79.43276,33.26456],[-79.4346,33.26512],[-79.43506,33.26686],[-79.43368,33.26803],[-79.43414,33.26977],[-79.43597,33.27033],[-79.43643,33.27207],[-79.44148,33.27204],[-79.44194,33.27378],[-79.44378,33.27434],[-79.44516,33.27317],[-79.44699,33.27374],[-79.44837,33.27257],[-79.44791,33.27084],[-79.44929,33.26967],[-79.44884,33.26793],[-79.447,33.26736],[-79.44654,33.26562],[-79.44792,33.26445],[-79.44517,33.26041],[-79.44976,33.25864],[-79.4516,33.25921],[-79.45206,33.26095],[-79.45068,33.26212],[-79.45113,33.26385],[-79.45527,33.26673],[-79.45573,33.26846],[-79.45756,33.26903],[-79.45802,33.27077],[-79.45343,33.27254],[-79.45618,33.27658],[-79.4548,33.27775],[-79.45296,33.27718],[-79.45158,33.27835],[-79.45204,33.28009],[-79.45066,33.28126],[-79.44883,33.28069],[-79.44745,33.28186],[-79.44791,33.2836],[-79.44653,33.28477],[-79.44469,33.2842],[-79.44423,33.28246],[-79.4401,33.27959],[-79.43964,33.27785],[-79.44102,33.27668],[-79.44056,33.27494],[-79.43551,33.27498],[-79.43413,33.27615],[-79.43459,33.27788],[-79.43321,33.27905],[-79.43596,33.28309],[-79.44101,33.28306],[-79.44147,33.2848],[-79.43688,33.28657],[-79.43734,33.28831],[-79.44239,33.28827],[-79.44698,33.2865],[-79.44882,33.28707],[-79.44928,33.28881],[-79.4479,33.28998],[-79.44606,33.28941],[-79.44468,33.29058],[-79.44514,33.29231],[-79.44376,33.29348],[-79.44193,33.29291],[-79.44147,33.29118],[-79.43641,33.29121],[-79.43504,33.29238],[-79.43549,33.29412],[-79.43411,33.29529],[-79.43457,33.29702],[-79.42998,33.29879],[-79.42814,33.29822],[-79.42768,33.29649],[-79.42906,33.29532],[-79.4309,33.29589],[-79.43228,33.29472],[-79.43182,33.29298],[-79.42998,33.29241],[-79.42723,33.28837],[-79.42539,33.2878],[-79.42401,33.28897],[-79.41988,33.2861],[-79.4185,33.28727],[-79.41896,33.289],[-79.41758,33.29017],[-79.41804,33.29191],[-79.41666,33.29308],[-79.41712,33.29481],[-79.41574,33.29598],[-79.4162,33.29772],[-79.4116,33.29949],[-79.41206,33.30122],[-79.41619,33.3041],[-79.41665,33.30583],[-79.4217,33.3058],[-79.42216,33.30754],[-79.424,33.30811],[-79.42538,33.30694],[-79.42492,33.3052],[-79.42308,33.30463],[-79.42262,33.3029],[-79.41849,33.30002],[-79.41803,33.29829],[-79.41941,33.29712],[-79.41896,33.29538],[-79.42033,33.29421],[-79.41988,33.29248],[-79.42126,33.29131],[-79.42309,33.29188],[-79.42355,33.29361],[-79.42217,33.29478],[-79.42263,33.29652],[-79.42125,33.29769],[-79.42171,33.29942],[-79.42676,33.29939],[-79.42951,33.30343],[-79.43457,33.3034],[-79.43502,33.30514],[-79.43043,33.30691],[-79.43089,33.30864],[-79.42951,33.30981],[-79.42997,33.31155],[-79.42859,33.31272],[-79.42904,33.31445],[-79.42445,33.31622],[-79.4272,33.32026],[-79.42582,33.32143],[-79.42628,33.32317],[-79.4249,33.32434],[-79.42536,33.32607],[-79.42398,33.32724],[-79.42444,33.32898],[-79.41984,33.33075],[-79.4203,33.33248],[-79.41892,33.33365],[-79.41938,33.33539],[-79.418,33.33655],[-79.41616,33.33599],[-79.4157,33.33425],[-79.41386,33.33368],[-79.41248,33.33485],[-79.41524,33.33889],[-79.41386,33.34006],[-79.41432,33.34179],[-79.41294,33.34296],[-79.4111,33.34239],[-79.40972,33.34356],[-79.41018,33.3453],[-79.4088,33.34646],[-79.40696,33.3459],[-79.40558,33.34706],[-79.40604,33.3488],[-79.40466,33.34997],[-79.40512,33.3517],[-79.40374,33.35287],[-79.4019,33.3523]],[[-79.37761,33.31129],[-79.37577,33.31072],[-79.37439,33.31188],[-79.37485,33.31362],[-79.37669,33.31419],[-79.37807,33.31302],[-79.37761,33.31129]],[[-79.37806,33.3194],[-79.37944,33.31823],[-79.37898,33.31649],[-79.37714,33.31593],[-79.37576,33.31709],[-79.37622,33.31883],[-79.37806,33.3194]],[[-79.38173,33.32054],[-79.38356,33.32111],[-79.38494,33.31994],[-79.38449,33.3182],[-79.38265,33.31763],[-79.38127,33.3188],[-79.38173,33.32054]],[[-79.39783,33.29841],[-79.39737,33.29667],[-79.39324,33.2938],[-79.39278,33.29206],[-79.39416,33.2909],[-79.39371,33.28916],[-79.39187,33.28859],[-79.39141,33.28686],[-79.39279,33.28569],[-79.39004,33.28165],[-79.38821,33.28108],[-79.38361,33.28284],[-79.38407,33.28458],[-79.38269,33.28575],[-79.38315,33.28749],[-79.38177,33.28865],[-79.38223,33.29039],[-79.38636,33.29326],[-79.38773,33.2921],[-79.38957,33.29266],[-79.39003,33.2944],[-79.38865,33.29557],[-79.3891,33.2973],[-79.38773,33.29847],[-79.38818,33.30021],[-79.39323,33.30018],[-79.39461,33.29901],[-79.39874,33.30188],[-79.40012,33.30072],[-79.39966,33.29898],[-79.39783,33.29841]],[[-79.38449,33.31182],[-79.38312,33.31299],[-79.38357,33.31473],[-79.38862,33.3147],[-79.39,33.31353],[-79.38955,33.3118],[-79.38771,33.31123],[-79.38633,33.31239],[-79.38449,33.31182]],[[-79.38676,33.33326],[-79.38538,33.33443],[-79.38584,33.33616],[-79.38768,33.33673],[-79.38906,33.33556],[-79.3886,33.33383],[-79.38676,33.33326]],[[-79.39277,33.30482],[-79.39231,33.30308],[-79.39048,33.30251],[-79.3891,33.30368],[-79.38955,33.30542],[-79.39139,33.30599],[-79.39277,33.30482]],[[-79.39643,33.31233],[-79.39505,33.3135],[-79.39551,33.31524],[-79.39964,33.31811],[-79.40102,33.31694],[-79.40056,33.31521],[-79.40194,33.31404],[-79.40148,33.3123],[-79.39965,33.31173],[-79.39919,33.31],[-79.39736,33.30943],[-79.39598,33.3106],[-79.39643,33.31233]],[[-79.40241,33.30302],[-79.40425,33.30359],[-79.40884,33.30182],[-79.40839,33.30009],[-79.40655,33.29952],[-79.40609,33.29778],[-79.40196,33.29491],[-79.40059,33.29608],[-79.40104,33.29781],[-79.40288,33.29838],[-79.40334,33.30012],[-79.40196,33.30128],[-79.40241,33.30302]],[[-79.40424,33.31635],[-79.40286,33.31751],[-79.40331,33.31925],[-79.40515,33.31982],[-79.40653,33.31865],[-79.40607,33.31691],[-79.40424,33.31635]],[[-79.40976,33.3053],[-79.40792,33.30473],[-79.40654,33.3059],[-79.407,33.30763],[-79.40884,33.3082],[-79.41022,33.30703],[-79.40976,33.3053]],[[-79.41253,33.2902],[-79.41437,33.29077],[-79.41575,33.2896],[-79.41529,33.28787],[-79.41345,33.2873],[-79.41207,33.28847],[-79.41253,33.2902]],[[-79.41571,33.32787],[-79.41755,33.32844],[-79.42214,33.32667],[-79.41939,33.32263],[-79.42077,33.32146],[-79.42261,33.32203],[-79.42398,33.32086],[-79.42353,33.31913],[-79.42169,33.31856],[-79.42031,33.31973],[-79.41847,33.31916],[-79.41388,33.32093],[-79.41663,33.32497],[-79.41525,33.32613],[-79.41571,33.32787]],[[-79.43182,33.2866],[-79.43366,33.28717],[-79.43504,33.286],[-79.43458,33.28426],[-79.43275,33.2837],[-79.43137,33.28486],[-79.43182,33.2866]]]}},{"type":"Feature","properties":{"sqmi":12.75},"geometry":{"type":"Polygon","coordinates":[[[-81.4631,31.64634],[-81.4626,31.64459],[-81.46397,31.64336],[-81.46348,31.6416],[-81.46161,31.64107],[-81.46023,31.6423],[-81.45836,31.64177],[-81.45787,31.64001],[-81.45924,31.63878],[-81.46111,31.63931],[-81.46248,31.63808],[-81.46198,31.63633],[-81.46336,31.6351],[-81.46523,31.63562],[-81.4666,31.63439],[-81.4661,31.63264],[-81.46423,31.63211],[-81.46374,31.63035],[-81.46511,31.62912],[-81.46698,31.62965],[-81.46835,31.62842],[-81.47022,31.62895],[-81.4716,31.62772],[-81.47347,31.62824],[-81.47484,31.62701],[-81.47671,31.62754],[-81.47808,31.62631],[-81.47758,31.62455],[-81.47571,31.62403],[-81.47434,31.62526],[-81.47263,31.62478],[-81.47474,31.62291],[-81.47232,31.62265],[-81.47224,31.62393],[-81.47197,31.62297],[-81.4701,31.62244],[-81.46873,31.62367],[-81.46686,31.62315],[-81.46549,31.62438],[-81.46362,31.62385],[-81.46224,31.62508],[-81.458,31.62227],[-81.45751,31.62051],[-81.45888,31.61928],[-81.46312,31.62209],[-81.46449,31.62086],[-81.46399,31.6191],[-81.46212,31.61858],[-81.46163,31.61682],[-81.463,31.61559],[-81.46487,31.61612],[-81.46624,31.61489],[-81.46811,31.61541],[-81.46861,31.61717],[-81.46724,31.6184],[-81.46773,31.62016],[-81.4696,31.62069],[-81.47098,31.61946],[-81.47048,31.6177],[-81.47185,31.61647],[-81.47135,31.61471],[-81.47273,31.61348],[-81.47223,31.61172],[-81.4736,31.61049],[-81.4731,31.60873],[-81.47123,31.60821],[-81.47074,31.60645],[-81.46887,31.60592],[-81.46749,31.60715],[-81.46562,31.60663],[-81.46425,31.60786],[-81.46238,31.60733],[-81.46188,31.60557],[-81.46326,31.60434],[-81.46513,31.60487],[-81.4665,31.60364],[-81.466,31.60188],[-81.46176,31.59907],[-81.46127,31.59731],[-81.46264,31.59608],[-81.46214,31.59432],[-81.46351,31.59309],[-81.46538,31.59362],[-81.46676,31.59239],[-81.46863,31.59292],[-81.47,31.59169],[-81.4695,31.58993],[-81.47087,31.5887],[-81.47038,31.58694],[-81.47175,31.58571],[-81.47362,31.58624],[-81.47499,31.58501],[-81.47686,31.58553],[-81.47823,31.5843],[-81.4801,31.58483],[-81.48148,31.5836],[-81.48335,31.58413],[-81.48472,31.58289],[-81.48896,31.58571],[-81.48946,31.58746],[-81.49133,31.58799],[-81.4927,31.58676],[-81.4922,31.585],[-81.49033,31.58448],[-81.48983,31.58272],[-81.4912,31.58149],[-81.49308,31.58201],[-81.49357,31.58377],[-81.49544,31.5843],[-81.49682,31.58307],[-81.49632,31.58131],[-81.49769,31.58008],[-81.50193,31.58289],[-81.50243,31.58465],[-81.50106,31.58588],[-81.50155,31.58764],[-81.50018,31.58887],[-81.50068,31.59062],[-81.50255,31.59115],[-81.50392,31.58992],[-81.50343,31.58816],[-81.5048,31.58693],[-81.50667,31.58746],[-81.50717,31.58922],[-81.50904,31.58974],[-81.50954,31.5915],[-81.50816,31.59273],[-81.50866,31.59449],[-81.51053,31.59502],[-81.51191,31.59379],[-81.51141,31.59203],[-81.51278,31.5908],[-81.51465,31.59132],[-81.51515,31.59308],[-81.51378,31.59431],[-81.51428,31.59607],[-81.5129,31.5973],[-81.5134,31.59906],[-81.51203,31.60029],[-81.51253,31.60205],[-81.51115,31.60328],[-81.50928,31.60275],[-81.50791,31.60398],[-81.50841,31.60574],[-81.51028,31.60627],[-81.51078,31.60803],[-81.50941,31.60926],[-81.5099,31.61102],[-81.50853,31.61225],[-81.50903,31.614],[-81.50766,31.61524],[-81.50579,31.61471],[-81.50441,31.61594],[-81.50491,31.6177],[-81.50354,31.61893],[-81.50404,31.62069],[-81.50266,31.62192],[-81.50079,31.62139],[-81.49942,31.62262],[-81.49992,31.62438],[-81.49854,31.62561],[-81.49904,31.62737],[-81.50091,31.62789],[-81.50141,31.62965],[-81.50004,31.63088],[-81.49817,31.63035],[-81.49679,31.63158],[-81.49729,31.63334],[-81.49592,31.63457],[-81.49642,31.63633],[-81.49504,31.63756],[-81.49554,31.63932],[-81.49417,31.64055],[-81.49467,31.64231],[-81.49329,31.64354],[-81.49142,31.64301],[-81.49005,31.64424],[-81.49055,31.646],[-81.48917,31.64723],[-81.48967,31.64899],[-81.4883,31.65022],[-81.4888,31.65197],[-81.48742,31.6532],[-81.48792,31.65496],[-81.48655,31.65619],[-81.48705,31.65795],[-81.48567,31.65918],[-81.4838,31.65865],[-81.48243,31.65988],[-81.48293,31.66164],[-81.48155,31.66287],[-81.48205,31.66463],[-81.48068,31.66586],[-81.47881,31.66533],[-81.47743,31.66656],[-81.47319,31.66374],[-81.47182,31.66497],[-81.47232,31.66673],[-81.47419,31.66726],[-81.47469,31.66902],[-81.47331,31.67025],[-81.47381,31.672],[-81.47805,31.67482],[-81.47855,31.67657],[-81.47718,31.6778],[-81.47767,31.67956],[-81.4763,31.68079],[-81.4768,31.68255],[-81.47543,31.68378],[-81.47592,31.68554],[-81.47455,31.68677],[-81.47268,31.68624],[-81.47218,31.68448],[-81.47355,31.68325],[-81.47306,31.68149],[-81.47118,31.68096],[-81.47069,31.67921],[-81.46557,31.67938],[-81.4642,31.68061],[-81.46469,31.68237],[-81.46332,31.6836],[-81.46145,31.68307],[-81.46095,31.68131],[-81.46232,31.68008],[-81.46183,31.67832],[-81.45996,31.6778],[-81.45858,31.67902],[-81.45908,31.68078],[-81.45771,31.68201],[-81.45584,31.68148],[-81.45534,31.67973],[-81.45671,31.6785],[-81.45621,31.67674],[-81.45434,31.67621],[-81.45297,31.67744],[-81.45347,31.6792],[-81.45209,31.68043],[-81.45022,31.6799],[-81.44972,31.67814],[-81.4511,31.67691],[-81.4506,31.67515],[-81.45197,31.67393],[-81.45148,31.67217],[-81.45285,31.67094],[-81.45235,31.66918],[-81.44811,31.66637],[-81.44674,31.6676],[-81.44724,31.66935],[-81.44586,31.67058],[-81.44163,31.66777],[-81.44113,31.66601],[-81.4425,31.66478],[-81.442,31.66303],[-81.44013,31.6625],[-81.43964,31.66074],[-81.44101,31.65951],[-81.44288,31.66004],[-81.44425,31.65881],[-81.44612,31.65934],[-81.4475,31.65811],[-81.45174,31.66092],[-81.45311,31.65969],[-81.45498,31.66022],[-81.45635,31.65899],[-81.45586,31.65723],[-81.45162,31.65442],[-81.45112,31.65266],[-81.45249,31.65143],[-81.452,31.64968],[-81.45337,31.64845],[-81.45524,31.64898],[-81.45661,31.64775],[-81.45848,31.64827],[-81.45986,31.64704],[-81.46173,31.64757],[-81.4631,31.64634]],[[-81.45522,31.67322],[-81.45709,31.67375],[-81.45846,31.67252],[-81.45797,31.67077],[-81.45609,31.67024],[-81.45472,31.67147],[-81.45522,31.67322]],[[-81.46408,31.67411],[-81.46358,31.67235],[-81.46171,31.67182],[-81.46033,31.67305],[-81.46083,31.67481],[-81.4627,31.67534],[-81.46408,31.67411]],[[-81.46521,31.65987],[-81.46384,31.6611],[-81.46433,31.66286],[-81.46621,31.66339],[-81.46758,31.66216],[-81.46708,31.6604],[-81.46521,31.65987]],[[-81.47057,31.67271],[-81.47007,31.67095],[-81.46583,31.66813],[-81.46445,31.66936],[-81.46495,31.67112],[-81.46919,31.67393],[-81.47057,31.67271]],[[-81.46984,31.63369],[-81.46847,31.63492],[-81.46897,31.63668],[-81.47084,31.63721],[-81.47221,31.63598],[-81.47172,31.63422],[-81.46984,31.63369]],[[-81.46959,31.64494],[-81.47146,31.64547],[-81.47196,31.64722],[-81.47383,31.64775],[-81.4752,31.64652],[-81.4747,31.64476],[-81.47608,31.64353],[-81.47558,31.64178],[-81.47695,31.64055],[-81.47645,31.63879],[-81.47783,31.63756],[-81.47733,31.6358],[-81.47546,31.63527],[-81.47408,31.6365],[-81.47458,31.63826],[-81.47321,31.63949],[-81.47371,31.64125],[-81.47233,31.64248],[-81.47046,31.64195],[-81.46909,31.64318],[-81.46959,31.64494]],[[-81.47249,31.60047],[-81.47062,31.59995],[-81.46924,31.60118],[-81.46974,31.60293],[-81.47161,31.60346],[-81.47298,31.60223],[-81.47249,31.60047]],[[-81.47324,31.59098],[-81.47187,31.59221],[-81.47237,31.59397],[-81.47099,31.5952],[-81.47149,31.59696],[-81.47336,31.59749],[-81.47473,31.59626],[-81.4766,31.59678],[-81.47798,31.59555],[-81.47985,31.59608],[-81.48122,31.59485],[-81.48309,31.59538],[-81.48446,31.59414],[-81.48397,31.59239],[-81.4821,31.59186],[-81.4816,31.5901],[-81.47973,31.58958],[-81.47835,31.59081],[-81.47324,31.59098]],[[-81.47393,31.67851],[-81.4753,31.67728],[-81.47481,31.67552],[-81.47294,31.67499],[-81.47156,31.67622],[-81.47206,31.67798],[-81.47393,31.67851]],[[-81.47659,31.62104],[-81.47609,31.61928],[-81.47422,31.61875],[-81.47285,31.61998],[-81.47335,31.62174],[-81.47522,31.62227],[-81.47659,31.62104]],[[-81.47772,31.6068],[-81.47635,31.60803],[-81.47685,31.60979],[-81.47547,31.61102],[-81.47597,31.61278],[-81.48108,31.6126],[-81.48246,31.61137],[-81.48196,31.60961],[-81.47772,31.6068]],[[-81.48271,31.60012],[-81.48222,31.59836],[-81.48035,31.59784],[-81.47897,31.59907],[-81.47947,31.60082],[-81.48134,31.60135],[-81.48271,31.60012]],[[-81.47995,31.62684],[-81.48045,31.6286],[-81.48232,31.62912],[-81.4837,31.62789],[-81.4832,31.62614],[-81.48133,31.62561],[-81.47995,31.62684]],[[-81.48175,31.62416],[-81.48515,31.62459],[-81.48177,31.62377],[-81.48142,31.62283],[-81.4802,31.62497],[-81.48175,31.62416]],[[-81.48464,31.64086],[-81.48472,31.63998],[-81.48337,31.64017],[-81.48239,31.64084],[-81.48464,31.64086]],[[-81.48969,31.62473],[-81.49018,31.62649],[-81.49205,31.62701],[-81.49343,31.62578],[-81.49293,31.62403],[-81.49106,31.6235],[-81.48969,31.62473]],[[-81.49412,31.60913],[-81.49433,31.60771],[-81.49349,31.60888],[-81.49455,31.60972],[-81.49739,31.61002],[-81.50038,31.60903],[-81.49412,31.60913]],[[-81.50367,31.60117],[-81.50554,31.6017],[-81.50691,31.60047],[-81.50642,31.59871],[-81.50454,31.59818],[-81.50317,31.59941],[-81.50367,31.60117]]]}},{"type":"Feature","properties":{"sqmi":12.2},"geometry":{"type":"Polygon","coordinates":[[[-81.62469,30.96626],[-81.62419,30.9645],[-81.62233,30.96399],[-81.62096,30.96523],[-81.6191,30.96471],[-81.61773,30.96595],[-81.61823,30.96771],[-81.61687,30.96895],[-81.61264,30.96615],[-81.61214,30.96439],[-81.61351,30.96315],[-81.61301,30.96139],[-81.61438,30.96015],[-81.61624,30.96067],[-81.6176,30.95943],[-81.61711,30.95767],[-81.61201,30.95787],[-81.61152,30.95611],[-81.61288,30.95487],[-81.61475,30.95539],[-81.61611,30.95415],[-81.61561,30.95239],[-81.61375,30.95187],[-81.61238,30.95311],[-81.60816,30.95032],[-81.60766,30.94856],[-81.60903,30.94732],[-81.60853,30.94556],[-81.6099,30.94432],[-81.6094,30.94256],[-81.60753,30.94204],[-81.60704,30.94028],[-81.60517,30.93976],[-81.60381,30.941],[-81.60431,30.94276],[-81.60294,30.944],[-81.60344,30.94576],[-81.60207,30.947],[-81.60021,30.94648],[-81.59885,30.94773],[-81.59934,30.94948],[-81.59798,30.95073],[-81.59848,30.95248],[-81.60034,30.953],[-81.60084,30.95476],[-81.59947,30.956],[-81.59761,30.95548],[-81.59624,30.95673],[-81.59438,30.95621],[-81.59302,30.95745],[-81.59115,30.95693],[-81.59066,30.95517],[-81.59202,30.95393],[-81.59152,30.95217],[-81.59289,30.95093],[-81.59475,30.95145],[-81.59612,30.95021],[-81.59562,30.94845],[-81.59698,30.94721],[-81.59649,30.94545],[-81.59785,30.94421],[-81.59735,30.94245],[-81.59872,30.94121],[-81.59822,30.93945],[-81.59959,30.93821],[-81.59909,30.93645],[-81.60045,30.9352],[-81.59996,30.93345],[-81.60132,30.9322],[-81.60082,30.93044],[-81.60219,30.9292],[-81.60169,30.92744],[-81.60306,30.9262],[-81.60256,30.92444],[-81.6007,30.92393],[-81.6002,30.92217],[-81.60156,30.92092],[-81.60107,30.91916],[-81.60243,30.91792],[-81.60193,30.91616],[-81.60007,30.91565],[-81.59957,30.91389],[-81.60094,30.91265],[-81.60044,30.91089],[-81.60181,30.90964],[-81.60131,30.90788],[-81.60267,30.90664],[-81.60218,30.90488],[-81.60031,30.90437],[-81.59982,30.90261],[-81.60118,30.90136],[-81.60068,30.89961],[-81.60205,30.89836],[-81.60391,30.89888],[-81.60441,30.90064],[-81.60627,30.90116],[-81.60763,30.89992],[-81.6095,30.90044],[-81.61086,30.89919],[-81.61036,30.89743],[-81.6085,30.89692],[-81.608,30.89516],[-81.60937,30.89392],[-81.60887,30.89216],[-81.60701,30.89164],[-81.60651,30.88988],[-81.60142,30.89008],[-81.60093,30.88832],[-81.60229,30.88708],[-81.60179,30.88532],[-81.60316,30.88408],[-81.60502,30.8846],[-81.60638,30.88336],[-81.60825,30.88388],[-81.60874,30.88564],[-81.60738,30.88688],[-81.60788,30.88864],[-81.60974,30.88915],[-81.6111,30.88791],[-81.61061,30.88615],[-81.61197,30.88491],[-81.61147,30.88315],[-81.60961,30.88263],[-81.60911,30.88087],[-81.61048,30.87963],[-81.61234,30.88015],[-81.6137,30.87891],[-81.61793,30.8817],[-81.61929,30.88046],[-81.62115,30.88098],[-81.62252,30.87974],[-81.62438,30.88025],[-81.62488,30.88201],[-81.62674,30.88253],[-81.62724,30.88429],[-81.6291,30.88481],[-81.63046,30.88357],[-81.62997,30.88181],[-81.6281,30.88129],[-81.62761,30.87953],[-81.62897,30.87829],[-81.63319,30.88108],[-81.63369,30.88284],[-81.63233,30.88408],[-81.63282,30.88584],[-81.63469,30.88636],[-81.63518,30.88812],[-81.64028,30.88791],[-81.64077,30.88967],[-81.63941,30.89092],[-81.63432,30.89112],[-81.63295,30.89236],[-81.63345,30.89412],[-81.63531,30.89464],[-81.63668,30.8934],[-81.63854,30.89392],[-81.63991,30.89268],[-81.64177,30.89319],[-81.64227,30.89495],[-81.6409,30.89619],[-81.6414,30.89795],[-81.64004,30.8992],[-81.64053,30.90096],[-81.63917,30.9022],[-81.63967,30.90396],[-81.64389,30.90675],[-81.64526,30.90551],[-81.64712,30.90603],[-81.64762,30.90779],[-81.64948,30.90831],[-81.64998,30.91007],[-81.64862,30.91131],[-81.64352,30.91152],[-81.64216,30.91276],[-81.64266,30.91452],[-81.64688,30.91731],[-81.64738,30.91907],[-81.64925,30.91959],[-81.64974,30.92135],[-81.65161,30.92187],[-81.65211,30.92363],[-81.65074,30.92487],[-81.64888,30.92435],[-81.64751,30.92559],[-81.64801,30.92735],[-81.6531,30.92715],[-81.6536,30.92891],[-81.65224,30.93015],[-81.65037,30.92963],[-81.64901,30.93087],[-81.64714,30.93036],[-81.64665,30.9286],[-81.64478,30.92808],[-81.64342,30.92932],[-81.64391,30.93108],[-81.64814,30.93388],[-81.64864,30.93564],[-81.64727,30.93688],[-81.64541,30.93636],[-81.64405,30.9376],[-81.64218,30.93708],[-81.64082,30.93833],[-81.64131,30.94009],[-81.63995,30.94133],[-81.64045,30.94309],[-81.63908,30.94433],[-81.63958,30.94609],[-81.64144,30.94661],[-81.64194,30.94837],[-81.64058,30.94961],[-81.63871,30.94909],[-81.63735,30.95033],[-81.63785,30.95209],[-81.63648,30.95333],[-81.63462,30.95281],[-81.63325,30.95406],[-81.63375,30.95582],[-81.63561,30.95633],[-81.63611,30.95809],[-81.63475,30.95934],[-81.63525,30.96109],[-81.63711,30.96161],[-81.63761,30.96337],[-81.63624,30.96461],[-81.63674,30.96637],[-81.6386,30.96689],[-81.6391,30.96865],[-81.63774,30.96989],[-81.63587,30.96938],[-81.63537,30.96762],[-81.63028,30.96782],[-81.62892,30.96906],[-81.62941,30.97082],[-81.62805,30.97206],[-81.62618,30.97154],[-81.62569,30.96978],[-81.62382,30.96927],[-81.62332,30.96751],[-81.62469,30.96626]],[[-81.6028,30.91316],[-81.6033,30.91492],[-81.60516,30.91544],[-81.60653,30.9142],[-81.60603,30.91244],[-81.60417,30.91192],[-81.6028,30.91316]],[[-81.62004,30.89526],[-81.61818,30.89474],[-81.61682,30.89599],[-81.61732,30.89775],[-81.6224,30.89754],[-81.62377,30.8963],[-81.62563,30.89682],[-81.627,30.89557],[-81.62886,30.89609],[-81.62936,30.89785],[-81.62799,30.89909],[-81.62613,30.89858],[-81.62477,30.89982],[-81.62526,30.90158],[-81.63035,30.90137],[-81.63172,30.90013],[-81.63122,30.89837],[-81.63258,30.89713],[-81.63209,30.89537],[-81.63022,30.89485],[-81.62973,30.89309],[-81.62786,30.89257],[-81.6265,30.89381],[-81.62464,30.8933],[-81.62327,30.89454],[-81.62141,30.89402],[-81.62004,30.89526]],[[-81.62117,30.9053],[-81.62303,30.90582],[-81.6244,30.90458],[-81.6239,30.90282],[-81.62204,30.9023],[-81.62067,30.90354],[-81.62117,30.9053]],[[-81.6218,30.91358],[-81.62366,30.9141],[-81.62502,30.91286],[-81.62453,30.9111],[-81.62266,30.91058],[-81.6213,30.91182],[-81.6218,30.91358]],[[-81.62314,30.88802],[-81.62501,30.88853],[-81.62637,30.88729],[-81.62587,30.88553],[-81.62401,30.88502],[-81.62265,30.88626],[-81.62314,30.88802]],[[-81.62916,30.95778],[-81.62965,30.95954],[-81.62829,30.96078],[-81.62879,30.96254],[-81.62742,30.96378],[-81.62792,30.96554],[-81.62978,30.96606],[-81.63115,30.96482],[-81.63065,30.96306],[-81.63202,30.96182],[-81.63152,30.96006],[-81.63288,30.95882],[-81.63238,30.95706],[-81.63052,30.95654],[-81.63002,30.95478],[-81.62816,30.95426],[-81.62679,30.9555],[-81.62729,30.95726],[-81.62916,30.95778]],[[-81.63113,30.9405],[-81.62927,30.93998],[-81.6279,30.94122],[-81.6284,30.94298],[-81.63026,30.9435],[-81.63163,30.94226],[-81.63113,30.9405]],[[-81.63609,30.93377],[-81.63423,30.93325],[-81.63286,30.93449],[-81.631,30.93398],[-81.62963,30.93522],[-81.63013,30.93698],[-81.632,30.9375],[-81.63336,30.93625],[-81.63523,30.93677],[-81.63659,30.93553],[-81.63609,30.93377]],[[-81.63585,30.94505],[-81.63399,30.94453],[-81.63262,30.94578],[-81.63312,30.94754],[-81.63499,30.94805],[-81.63635,30.94681],[-81.63585,30.94505]],[[-81.63672,30.94205],[-81.63809,30.94081],[-81.63759,30.93905],[-81.63572,30.93853],[-81.63436,30.93977],[-81.63486,30.94153],[-81.63672,30.94205]],[[-81.63683,30.92425],[-81.63546,30.92549],[-81.63596,30.92725],[-81.63783,30.92777],[-81.63832,30.92953],[-81.64019,30.93004],[-81.64155,30.9288],[-81.64105,30.92704],[-81.64242,30.9258],[-81.64192,30.92404],[-81.64006,30.92352],[-81.63869,30.92477],[-81.63683,30.92425]],[[-81.64255,30.93232],[-81.64069,30.9318],[-81.63932,30.93305],[-81.63982,30.93481],[-81.64168,30.93532],[-81.64305,30.93408],[-81.64255,30.93232]]]}},{"type":"Feature","properties":{"sqmi":12.07},"geometry":{"type":"Polygon","coordinates":[[[-81.12461,32.29504],[-81.12218,32.29163],[-81.12339,32.29056],[-81.1229,32.28881],[-81.12428,32.28759],[-81.12379,32.28584],[-81.12517,32.28463],[-81.12704,32.28516],[-81.12842,32.28395],[-81.12792,32.2822],[-81.1293,32.28098],[-81.12881,32.27923],[-81.13019,32.27801],[-81.13206,32.27855],[-81.13344,32.27733],[-81.13295,32.27558],[-81.13433,32.27437],[-81.13945,32.27423],[-81.14083,32.27301],[-81.1427,32.27355],[-81.14408,32.27233],[-81.14358,32.27058],[-81.13867,32.26835],[-81.13935,32.26775],[-81.13885,32.266],[-81.14023,32.26478],[-81.14211,32.26532],[-81.1432,32.26435],[-81.14861,32.26396],[-81.14999,32.26275],[-81.14949,32.26099],[-81.15087,32.25978],[-81.15038,32.25803],[-81.15176,32.25681],[-81.15126,32.25506],[-81.1489,32.25276],[-81.15028,32.25155],[-81.15215,32.25209],[-81.15353,32.25087],[-81.1554,32.25141],[-81.15678,32.25019],[-81.15629,32.24844],[-81.15766,32.24722],[-81.1619,32.25005],[-81.16328,32.24884],[-81.16515,32.24937],[-81.16565,32.25113],[-81.16427,32.25234],[-81.16476,32.2541],[-81.16663,32.25463],[-81.16801,32.25342],[-81.16989,32.25396],[-81.17126,32.25274],[-81.17314,32.25328],[-81.17363,32.25503],[-81.17225,32.25625],[-81.17038,32.25571],[-81.169,32.25693],[-81.16949,32.25868],[-81.16812,32.2599],[-81.16861,32.26165],[-81.16723,32.26287],[-81.16772,32.26462],[-81.1696,32.26516],[-81.17009,32.26691],[-81.16871,32.26813],[-81.1692,32.26988],[-81.17108,32.27042],[-81.17157,32.27217],[-81.17019,32.27339],[-81.17069,32.27514],[-81.17493,32.27797],[-81.17542,32.27973],[-81.17404,32.28094],[-81.17453,32.2827],[-81.17641,32.28324],[-81.17779,32.28202],[-81.17966,32.28256],[-81.18104,32.28134],[-81.18055,32.27959],[-81.18192,32.27837],[-81.1838,32.27891],[-81.18429,32.28066],[-81.18291,32.28188],[-81.18341,32.28363],[-81.18765,32.28646],[-81.18814,32.28822],[-81.18676,32.28943],[-81.18489,32.2889],[-81.18351,32.29011],[-81.184,32.29187],[-81.18262,32.29308],[-81.18312,32.29484],[-81.18499,32.29537],[-81.18549,32.29713],[-81.18411,32.29834],[-81.1846,32.3001],[-81.18322,32.30131],[-81.18135,32.30078],[-81.18085,32.29902],[-81.17898,32.29848],[-81.1776,32.2997],[-81.17809,32.30145],[-81.17997,32.30199],[-81.18046,32.30375],[-81.18234,32.30428],[-81.18283,32.30604],[-81.18145,32.30725],[-81.18194,32.30901],[-81.18057,32.31022],[-81.17544,32.31036],[-81.17406,32.31158],[-81.17455,32.31333],[-81.17317,32.31455],[-81.1713,32.31401],[-81.16992,32.31522],[-81.16805,32.31469],[-81.16667,32.3159],[-81.16479,32.31536],[-81.16341,32.31658],[-81.16154,32.31604],[-81.16016,32.31726],[-81.16065,32.31901],[-81.15927,32.32022],[-81.1574,32.31969],[-81.15602,32.3209],[-81.15415,32.32036],[-81.15277,32.32158],[-81.15089,32.32104],[-81.14951,32.32225],[-81.14764,32.32171],[-81.14626,32.32293],[-81.14439,32.32239],[-81.14301,32.32361],[-81.1435,32.32536],[-81.14212,32.32657],[-81.14262,32.32833],[-81.14124,32.32954],[-81.14173,32.3313],[-81.14035,32.33251],[-81.14084,32.33426],[-81.13946,32.33548],[-81.13996,32.33723],[-81.13858,32.33845],[-81.13907,32.3402],[-81.13736,32.34219],[-81.1381,32.34324],[-81.13271,32.34007],[-81.13041,32.34143],[-81.12919,32.33791],[-81.12977,32.33635],[-81.13191,32.33591],[-81.13442,32.33375],[-81.13535,32.33144],[-81.13579,32.33212],[-81.13798,32.33004],[-81.13863,32.32819],[-81.13721,32.32492],[-81.13168,32.32153],[-81.13235,32.31845],[-81.13041,32.31326],[-81.13367,32.30816],[-81.13017,32.30624],[-81.12441,32.308],[-81.12408,32.30527],[-81.12302,32.30496],[-81.12272,32.30326],[-81.12461,32.29504]],[[-81.13602,32.33465],[-81.13595,32.33342],[-81.13412,32.33639],[-81.13602,32.33465]],[[-81.14832,32.27516],[-81.14969,32.27395],[-81.1492,32.2722],[-81.14733,32.27166],[-81.14595,32.27287],[-81.14644,32.27463],[-81.14832,32.27516]],[[-81.16152,32.28541],[-81.1634,32.28595],[-81.16478,32.28473],[-81.16428,32.28298],[-81.16241,32.28244],[-81.16103,32.28366],[-81.16152,32.28541]],[[-81.16832,32.27285],[-81.16783,32.2711],[-81.16595,32.27056],[-81.16457,32.27178],[-81.16507,32.27353],[-81.16694,32.27407],[-81.16832,32.27285]],[[-81.17079,32.28162],[-81.16891,32.28108],[-81.16754,32.2823],[-81.16803,32.28405],[-81.1699,32.28459],[-81.17128,32.28338],[-81.17079,32.28162]],[[-81.17435,32.30038],[-81.17573,32.29916],[-81.17523,32.29741],[-81.17336,32.29687],[-81.17198,32.29809],[-81.17247,32.29984],[-81.17435,32.30038]],[[-81.18075,32.29254],[-81.18026,32.29079],[-81.17838,32.29025],[-81.177,32.29147],[-81.17513,32.29093],[-81.17375,32.29215],[-81.17425,32.2939],[-81.17612,32.29444],[-81.1775,32.29322],[-81.17937,32.29376],[-81.18075,32.29254]]]}},{"type":"Feature","properties":{"sqmi":10.88},"geometry":{"type":"Polygon","coordinates":[[[-80.78925,32.68319],[-80.78853,32.6823],[-80.78604,32.68199],[-80.78425,32.68403],[-80.78348,32.68341],[-80.78412,32.68274],[-80.7818,32.6816],[-80.78043,32.68242],[-80.78043,32.68623],[-80.77864,32.68626],[-80.77816,32.68451],[-80.77954,32.6833],[-80.77905,32.68155],[-80.7749,32.67873],[-80.77425,32.67614],[-80.77541,32.67581],[-80.77645,32.67738],[-80.77752,32.67581],[-80.77608,32.67466],[-80.78049,32.67339],[-80.78101,32.67259],[-80.78419,32.67356],[-80.78579,32.67334],[-80.78563,32.67408],[-80.78675,32.67457],[-80.78639,32.67516],[-80.78822,32.67604],[-80.78654,32.67506],[-80.78687,32.67447],[-80.78577,32.67397],[-80.78699,32.67337],[-80.787,32.67302],[-80.7842,32.67343],[-80.78079,32.67246],[-80.77617,32.67411],[-80.77577,32.67477],[-80.77608,32.67557],[-80.77235,32.67596],[-80.77199,32.67466],[-80.77337,32.67346],[-80.77524,32.67401],[-80.77662,32.6728],[-80.77613,32.67106],[-80.77101,32.67116],[-80.77053,32.66942],[-80.76631,32.66657],[-80.76492,32.66777],[-80.76541,32.66952],[-80.76403,32.67073],[-80.76216,32.67018],[-80.76168,32.66843],[-80.76306,32.66723],[-80.76257,32.66548],[-80.76395,32.66428],[-80.76347,32.66253],[-80.76485,32.66132],[-80.76436,32.65957],[-80.76249,32.65903],[-80.76111,32.66023],[-80.7616,32.66198],[-80.76022,32.66318],[-80.7607,32.66493],[-80.75932,32.66613],[-80.7551,32.66329],[-80.75462,32.66154],[-80.756,32.66034],[-80.75551,32.65859],[-80.75364,32.65804],[-80.75226,32.65924],[-80.75275,32.66099],[-80.75137,32.6622],[-80.7495,32.66165],[-80.74812,32.66285],[-80.74625,32.66231],[-80.74487,32.66351],[-80.743,32.66296],[-80.74252,32.66121],[-80.7374,32.66132],[-80.73692,32.65957],[-80.7383,32.65837],[-80.73781,32.65662],[-80.7392,32.65542],[-80.73871,32.65367],[-80.73449,32.65082],[-80.73401,32.64907],[-80.73539,32.64787],[-80.73961,32.65071],[-80.74099,32.64951],[-80.74285,32.65006],[-80.74334,32.65181],[-80.74521,32.65236],[-80.74659,32.65115],[-80.7461,32.6494],[-80.74423,32.64886],[-80.74375,32.64711],[-80.74513,32.6459],[-80.747,32.64645],[-80.74838,32.64525],[-80.75024,32.64579],[-80.75162,32.64459],[-80.75349,32.64514],[-80.75487,32.64393],[-80.75439,32.64218],[-80.75577,32.64098],[-80.75528,32.63923],[-80.75666,32.63803],[-80.76088,32.64087],[-80.76137,32.64262],[-80.76324,32.64317],[-80.76372,32.64492],[-80.76559,32.64546],[-80.76697,32.64426],[-80.76648,32.64251],[-80.76786,32.64131],[-80.76738,32.63956],[-80.76551,32.63901],[-80.76503,32.63726],[-80.75991,32.63737],[-80.75942,32.63562],[-80.76081,32.63442],[-80.76267,32.63497],[-80.76405,32.63376],[-80.76357,32.63201],[-80.76495,32.63081],[-80.76446,32.62906],[-80.76584,32.62785],[-80.76771,32.6284],[-80.7682,32.63015],[-80.76682,32.63135],[-80.7673,32.6331],[-80.77152,32.63595],[-80.77201,32.6377],[-80.77388,32.63824],[-80.77526,32.63704],[-80.77477,32.63529],[-80.77615,32.63409],[-80.77802,32.63463],[-80.7794,32.63343],[-80.77891,32.63168],[-80.78029,32.63048],[-80.78452,32.63332],[-80.7859,32.63211],[-80.78776,32.63266],[-80.78825,32.63441],[-80.78687,32.63561],[-80.78736,32.63736],[-80.78922,32.63791],[-80.7906,32.63671],[-80.79247,32.63725],[-80.79385,32.63605],[-80.79572,32.63659],[-80.79621,32.63834],[-80.79483,32.63955],[-80.79531,32.6413],[-80.80043,32.64119],[-80.80092,32.64294],[-80.80279,32.64348],[-80.80327,32.64523],[-80.80514,32.64578],[-80.80563,32.64753],[-80.80425,32.64873],[-80.80238,32.64819],[-80.801,32.64939],[-80.80148,32.65114],[-80.8066,32.65103],[-80.80798,32.64983],[-80.81221,32.65267],[-80.81359,32.65146],[-80.8131,32.64971],[-80.81448,32.64851],[-80.81871,32.65135],[-80.82009,32.65015],[-80.82196,32.65069],[-80.82245,32.65244],[-80.82757,32.65233],[-80.82805,32.65408],[-80.82667,32.65529],[-80.82716,32.65704],[-80.82578,32.65824],[-80.82627,32.65999],[-80.82488,32.6612],[-80.82537,32.66295],[-80.82724,32.66349],[-80.82773,32.66524],[-80.82635,32.66645],[-80.82448,32.6659],[-80.8231,32.6671],[-80.82358,32.66885],[-80.8222,32.67006],[-80.82269,32.67181],[-80.82456,32.67235],[-80.82594,32.67115],[-80.82781,32.6717],[-80.8283,32.67345],[-80.82692,32.67465],[-80.8274,32.6764],[-80.82602,32.67761],[-80.8218,32.67476],[-80.82041,32.67597],[-80.8209,32.67772],[-80.81952,32.67892],[-80.82001,32.68067],[-80.81862,32.68187],[-80.81675,32.68133],[-80.81537,32.68253],[-80.81025,32.68264],[-80.80887,32.68385],[-80.80936,32.6856],[-80.81091,32.68605],[-80.81051,32.68685],[-80.80779,32.68914],[-80.80521,32.68921],[-80.80358,32.69138],[-80.80151,32.68808],[-80.80286,32.68691],[-80.80237,32.68516],[-80.8005,32.68461],[-80.79683,32.68834],[-80.79604,32.68635],[-80.79486,32.68598],[-80.79141,32.68781],[-80.79251,32.68513],[-80.78861,32.68435],[-80.78925,32.68319]],[[-80.74106,32.65596],[-80.74155,32.65771],[-80.74341,32.65826],[-80.7448,32.65706],[-80.74431,32.65531],[-80.74244,32.65476],[-80.74106,32.65596]],[[-80.75495,32.65039],[-80.75633,32.64918],[-80.75584,32.64743],[-80.75398,32.64689],[-80.7526,32.64809],[-80.75073,32.64754],[-80.74935,32.64875],[-80.74983,32.6505],[-80.7517,32.65104],[-80.75308,32.64984],[-80.75495,32.65039]],[[-80.75689,32.65739],[-80.75876,32.65793],[-80.76014,32.65673],[-80.75965,32.65498],[-80.75779,32.65443],[-80.75641,32.65564],[-80.75689,32.65739]],[[-80.75909,32.64678],[-80.75958,32.64853],[-80.76145,32.64907],[-80.76283,32.64787],[-80.76234,32.64612],[-80.76047,32.64557],[-80.75909,32.64678]],[[-80.76469,32.64842],[-80.76518,32.65017],[-80.76705,32.65071],[-80.76843,32.64951],[-80.76794,32.64776],[-80.76607,32.64721],[-80.76469,32.64842]],[[-80.76761,32.65892],[-80.76899,32.65771],[-80.76851,32.65596],[-80.76664,32.65542],[-80.76526,32.65662],[-80.76574,32.65837],[-80.76761,32.65892]],[[-80.77557,32.66285],[-80.77605,32.6646],[-80.78117,32.66449],[-80.78255,32.66329],[-80.78207,32.66154],[-80.77695,32.66165],[-80.77557,32.66285]],[[-80.7824,32.65038],[-80.78378,32.64918],[-80.78329,32.64743],[-80.78142,32.64688],[-80.78004,32.64809],[-80.77817,32.64754],[-80.77679,32.64874],[-80.77728,32.65049],[-80.77915,32.65104],[-80.78053,32.64984],[-80.7824,32.65038]],[[-80.78183,32.64218],[-80.78321,32.64098],[-80.78273,32.63923],[-80.78086,32.63868],[-80.77948,32.63988],[-80.77996,32.64163],[-80.78183,32.64218]],[[-80.79206,32.64196],[-80.79068,32.64316],[-80.79117,32.64491],[-80.79304,32.64546],[-80.79442,32.64425],[-80.79393,32.6425],[-80.79206,32.64196]],[[-80.79791,32.66296],[-80.79977,32.6635],[-80.80116,32.6623],[-80.80067,32.66055],[-80.7988,32.66],[-80.79742,32.66121],[-80.79791,32.66296]],[[-80.80295,32.65639],[-80.80246,32.65464],[-80.80059,32.6541],[-80.79921,32.6553],[-80.7997,32.65705],[-80.80156,32.6576],[-80.80295,32.65639]],[[-80.80465,32.681],[-80.80651,32.68155],[-80.8079,32.68035],[-80.80977,32.68089],[-80.81115,32.67969],[-80.81302,32.68024],[-80.8144,32.67903],[-80.81627,32.67958],[-80.81765,32.67837],[-80.81716,32.67662],[-80.81529,32.67608],[-80.81391,32.67728],[-80.80969,32.67444],[-80.8083,32.67564],[-80.80879,32.67739],[-80.80741,32.6786],[-80.80554,32.67805],[-80.80416,32.67925],[-80.80465,32.681]],[[-80.81009,32.66974],[-80.81058,32.67149],[-80.81245,32.67203],[-80.81383,32.67083],[-80.81334,32.66908],[-80.81147,32.66853],[-80.81009,32.66974]],[[-80.81651,32.66197],[-80.81513,32.66317],[-80.81562,32.66492],[-80.81749,32.66547],[-80.81887,32.66426],[-80.81838,32.66251],[-80.81651,32.66197]]]}},{"type":"Feature","properties":{"sqmi":10.12},"geometry":{"type":"Polygon","coordinates":[[[-81.01923,32.52627],[-81.01785,32.52748],[-81.01597,32.52694],[-81.01548,32.52519],[-81.01036,32.52531],[-81.00897,32.52652],[-81.00947,32.52827],[-81.00808,32.52948],[-81.00858,32.53123],[-81.00719,32.53244],[-81.00769,32.5342],[-81.00956,32.53474],[-81.01005,32.53649],[-81.00867,32.5377],[-81.0068,32.53716],[-81.0063,32.5354],[-81.00443,32.53486],[-81.00394,32.53311],[-81.00532,32.5319],[-81.00483,32.53015],[-81.00621,32.52894],[-81.00572,32.52719],[-81.0071,32.52598],[-81.00661,32.52423],[-81.00799,32.52302],[-81.0075,32.52126],[-81.00888,32.52005],[-81.00839,32.5183],[-81.00977,32.51709],[-81.00928,32.51534],[-81.00741,32.5148],[-81.00692,32.51305],[-81.0083,32.51184],[-81.01254,32.51467],[-81.01392,32.51346],[-81.01579,32.51401],[-81.01628,32.51576],[-81.01815,32.5163],[-81.01864,32.51805],[-81.02052,32.51859],[-81.0219,32.51738],[-81.02141,32.51563],[-81.01953,32.51509],[-81.01904,32.51334],[-81.02042,32.51213],[-81.0223,32.51267],[-81.02368,32.51146],[-81.02319,32.50971],[-81.01806,32.50983],[-81.01757,32.50808],[-81.01895,32.50687],[-81.02408,32.50675],[-81.02546,32.50554],[-81.02497,32.50378],[-81.02635,32.50257],[-81.02822,32.50311],[-81.02871,32.50487],[-81.03384,32.50474],[-81.03433,32.50649],[-81.0362,32.50704],[-81.03758,32.50583],[-81.03709,32.50407],[-81.03522,32.50353],[-81.03473,32.50178],[-81.03611,32.50057],[-81.03798,32.50111],[-81.03847,32.50286],[-81.04035,32.5034],[-81.04173,32.50219],[-81.04124,32.50044],[-81.03936,32.4999],[-81.03887,32.49815],[-81.04025,32.49694],[-81.03976,32.49518],[-81.04114,32.49397],[-81.04065,32.49222],[-81.04203,32.49101],[-81.0439,32.49155],[-81.04528,32.49034],[-81.04479,32.48859],[-81.04617,32.48738],[-81.04805,32.48792],[-81.04943,32.48671],[-81.0513,32.48725],[-81.05268,32.48604],[-81.05456,32.48658],[-81.05594,32.48537],[-81.05544,32.48362],[-81.05683,32.48241],[-81.0587,32.48295],[-81.05919,32.4847],[-81.05781,32.48591],[-81.0583,32.48766],[-81.05692,32.48888],[-81.05741,32.49063],[-81.05929,32.49117],[-81.06067,32.48996],[-81.06018,32.48821],[-81.06156,32.487],[-81.06106,32.48524],[-81.06245,32.48403],[-81.06432,32.48457],[-81.06481,32.48633],[-81.06343,32.48754],[-81.06392,32.48929],[-81.06254,32.4905],[-81.06303,32.49225],[-81.06165,32.49346],[-81.05978,32.49292],[-81.0584,32.49413],[-81.05889,32.49589],[-81.05751,32.4971],[-81.058,32.49885],[-81.05662,32.50006],[-81.05475,32.49952],[-81.05336,32.50073],[-81.05386,32.50248],[-81.05247,32.50369],[-81.05297,32.50544],[-81.05721,32.50828],[-81.0577,32.51003],[-81.05632,32.51124],[-81.05681,32.513],[-81.05543,32.51421],[-81.05592,32.51596],[-81.05454,32.51717],[-81.05503,32.51892],[-81.05365,32.52013],[-81.05414,32.52189],[-81.05276,32.5231],[-81.05325,32.52485],[-81.05187,32.52606],[-81.05236,32.52781],[-81.05098,32.52902],[-81.04911,32.52848],[-81.04773,32.52969],[-81.04822,32.53144],[-81.05009,32.53198],[-81.05058,32.53374],[-81.0492,32.53495],[-81.04969,32.5367],[-81.04831,32.53791],[-81.04644,32.53737],[-81.04506,32.53858],[-81.04555,32.54033],[-81.04417,32.54154],[-81.04466,32.54329],[-81.04328,32.5445],[-81.04377,32.54625],[-81.04239,32.54746],[-81.04288,32.54922],[-81.0415,32.55043],[-81.04199,32.55218],[-81.04061,32.55339],[-81.03873,32.55285],[-81.03735,32.55406],[-81.03784,32.55581],[-81.03646,32.55702],[-81.03695,32.55877],[-81.03557,32.55998],[-81.03606,32.56173],[-81.03468,32.56294],[-81.03517,32.56469],[-81.03379,32.5659],[-81.03428,32.56766],[-81.0329,32.56887],[-81.03339,32.57062],[-81.03201,32.57183],[-81.03014,32.57128],[-81.02876,32.57249],[-81.02925,32.57425],[-81.02787,32.57545],[-81.02836,32.57721],[-81.02698,32.57842],[-81.02747,32.58017],[-81.02608,32.58138],[-81.02658,32.58313],[-81.02519,32.58434],[-81.02569,32.58609],[-81.0243,32.5873],[-81.02243,32.58676],[-81.02105,32.58797],[-81.02154,32.58972],[-81.02016,32.59093],[-81.02065,32.59268],[-81.01927,32.59389],[-81.01739,32.59334],[-81.0169,32.59159],[-81.01828,32.59038],[-81.01779,32.58863],[-81.01592,32.58809],[-81.01454,32.5893],[-81.01266,32.58875],[-81.01128,32.58996],[-81.00941,32.58942],[-81.00891,32.58767],[-81.0103,32.58646],[-81.01217,32.587],[-81.01355,32.58579],[-81.01306,32.58404],[-81.01119,32.5835],[-81.0107,32.58175],[-81.01208,32.58054],[-81.01159,32.57879],[-81.01297,32.57758],[-81.01248,32.57582],[-81.01386,32.57462],[-81.01573,32.57516],[-81.01711,32.57395],[-81.01662,32.5722],[-81.01801,32.57099],[-81.01751,32.56924],[-81.0189,32.56803],[-81.0184,32.56627],[-81.01979,32.56507],[-81.01929,32.56331],[-81.02068,32.5621],[-81.02018,32.56035],[-81.01831,32.55981],[-81.01782,32.55806],[-81.01595,32.55751],[-81.01545,32.55576],[-81.01358,32.55522],[-81.0122,32.55643],[-81.01033,32.55589],[-81.00894,32.5571],[-81.00707,32.55655],[-81.00658,32.5548],[-81.00796,32.55359],[-81.00747,32.55184],[-81.0056,32.5513],[-81.00511,32.54954],[-81.00649,32.54834],[-81.006,32.54658],[-81.00412,32.54604],[-81.00274,32.54725],[-81.00087,32.54671],[-81.00038,32.54495],[-81.00176,32.54375],[-81.00363,32.54429],[-81.00501,32.54308],[-81.00452,32.54133],[-81.00265,32.54078],[-81.00216,32.53903],[-81.00354,32.53782],[-81.00778,32.54066],[-81.00916,32.53945],[-81.01103,32.53999],[-81.01241,32.53878],[-81.01192,32.53703],[-81.0133,32.53582],[-81.01754,32.53866],[-81.01803,32.54041],[-81.01991,32.54095],[-81.02129,32.53975],[-81.0208,32.53799],[-81.02218,32.53678],[-81.02169,32.53503],[-81.02307,32.53382],[-81.02258,32.53207],[-81.02396,32.53086],[-81.02583,32.5314],[-81.02721,32.53019],[-81.02672,32.52844],[-81.02159,32.52857],[-81.0211,32.52681],[-81.01923,32.52627]],[[-81.01073,32.55117],[-81.01122,32.55292],[-81.01634,32.5528],[-81.01773,32.55159],[-81.01724,32.54984],[-81.01862,32.54863],[-81.02374,32.54851],[-81.02513,32.5473],[-81.02464,32.54554],[-81.0204,32.54271],[-81.01902,32.54392],[-81.01714,32.54337],[-81.01576,32.54458],[-81.01625,32.54634],[-81.01487,32.54754],[-81.013,32.547],[-81.01162,32.54821],[-81.01211,32.54996],[-81.01073,32.55117]],[[-81.01963,32.52156],[-81.01775,32.52101],[-81.01637,32.52222],[-81.01686,32.52398],[-81.01874,32.52452],[-81.02012,32.52331],[-81.01963,32.52156]],[[-81.03028,32.51659],[-81.02604,32.51375],[-81.02466,32.51496],[-81.02515,32.51672],[-81.02377,32.51793],[-81.02426,32.51968],[-81.02614,32.52022],[-81.02752,32.51901],[-81.02939,32.51955],[-81.03077,32.51834],[-81.03028,32.51659]],[[-81.03206,32.51067],[-81.03344,32.50946],[-81.03295,32.5077],[-81.03108,32.50716],[-81.02969,32.50837],[-81.02782,32.50783],[-81.02644,32.50904],[-81.02693,32.51079],[-81.0288,32.51133],[-81.03019,32.51012],[-81.03206,32.51067]],[[-81.03826,32.52051],[-81.03876,32.52226],[-81.04063,32.52281],[-81.04201,32.5216],[-81.04152,32.51984],[-81.03964,32.5193],[-81.03826,32.52051]],[[-81.04093,32.51162],[-81.04142,32.51338],[-81.0433,32.51392],[-81.04468,32.51271],[-81.04419,32.51096],[-81.04231,32.51041],[-81.04093,32.51162]],[[-81.0506,32.50315],[-81.05011,32.5014],[-81.05149,32.50019],[-81.051,32.49843],[-81.04913,32.49789],[-81.04863,32.49614],[-81.0444,32.4933],[-81.04301,32.49452],[-81.04351,32.49627],[-81.04212,32.49748],[-81.04262,32.49923],[-81.04685,32.50207],[-81.04735,32.50382],[-81.04922,32.50436],[-81.0506,32.50315]],[[-81.04882,32.50908],[-81.04833,32.50732],[-81.04646,32.50678],[-81.04508,32.50799],[-81.04557,32.50975],[-81.04744,32.51029],[-81.04882,32.50908]]]}},{"type":"Feature","properties":{"sqmi":9.66},"geometry":{"type":"Polygon","coordinates":[[[-79.72083,33.01927],[-79.72221,33.0181],[-79.72174,33.01636],[-79.72312,33.01518],[-79.72266,33.01344],[-79.71851,33.01057],[-79.71805,33.00883],[-79.71621,33.00827],[-79.71574,33.00653],[-79.71712,33.00535],[-79.71896,33.00591],[-79.72034,33.00474],[-79.71988,33.003],[-79.72126,33.00182],[-79.7231,33.00238],[-79.72447,33.0012],[-79.72401,32.99946],[-79.72217,32.9989],[-79.72171,32.99716],[-79.71756,32.9943],[-79.7171,32.99256],[-79.71848,32.99138],[-79.71801,32.98964],[-79.71617,32.98908],[-79.71587,32.98794],[-79.71938,32.98848],[-79.72053,32.98746],[-79.72031,32.98601],[-79.72214,32.9861],[-79.72261,32.98784],[-79.72123,32.98902],[-79.72169,32.99076],[-79.72353,32.99132],[-79.72491,32.99014],[-79.72445,32.9884],[-79.72583,32.98722],[-79.72767,32.98779],[-79.7284,32.98716],[-79.72989,32.98843],[-79.73389,32.98745],[-79.73577,32.98257],[-79.73729,32.98222],[-79.73883,32.98352],[-79.74271,32.98172],[-79.74417,32.98332],[-79.74603,32.98144],[-79.73837,32.97436],[-79.73914,32.9737],[-79.73867,32.97196],[-79.74005,32.97078],[-79.74189,32.97134],[-79.74327,32.97016],[-79.74281,32.96842],[-79.74096,32.96786],[-79.73637,32.96965],[-79.73453,32.96909],[-79.73406,32.96735],[-79.73544,32.96617],[-79.73498,32.96443],[-79.73636,32.96325],[-79.73589,32.96151],[-79.73727,32.96033],[-79.73681,32.95859],[-79.73818,32.95741],[-79.73772,32.95567],[-79.74231,32.95388],[-79.74185,32.95214],[-79.74001,32.95157],[-79.73955,32.94983],[-79.74092,32.94865],[-79.74276,32.94922],[-79.74323,32.95096],[-79.74507,32.95152],[-79.74966,32.94972],[-79.75381,32.95258],[-79.75519,32.9514],[-79.75472,32.94966],[-79.75288,32.9491],[-79.75242,32.94736],[-79.7538,32.94618],[-79.75794,32.94904],[-79.75841,32.95078],[-79.75703,32.95196],[-79.75749,32.9537],[-79.75933,32.95426],[-79.7598,32.956],[-79.75842,32.95718],[-79.75658,32.95662],[-79.7552,32.9578],[-79.75567,32.95954],[-79.75429,32.96072],[-79.75245,32.96016],[-79.74785,32.96196],[-79.74832,32.9637],[-79.75338,32.96364],[-79.75384,32.96538],[-79.74924,32.96718],[-79.74971,32.96892],[-79.75477,32.96886],[-79.75523,32.97061],[-79.75707,32.97117],[-79.75845,32.96999],[-79.75799,32.96825],[-79.75936,32.96707],[-79.76121,32.96763],[-79.76258,32.96645],[-79.76212,32.96471],[-79.7635,32.96353],[-79.76534,32.96409],[-79.76672,32.96291],[-79.76625,32.96117],[-79.76119,32.96123],[-79.76073,32.95949],[-79.7621,32.95831],[-79.76716,32.95825],[-79.76763,32.95999],[-79.76947,32.96055],[-79.76993,32.96229],[-79.77178,32.96285],[-79.77637,32.96105],[-79.77822,32.96161],[-79.77868,32.96335],[-79.78052,32.96391],[-79.78099,32.96566],[-79.77961,32.96684],[-79.78007,32.96858],[-79.78192,32.96914],[-79.78329,32.96796],[-79.78283,32.96622],[-79.78421,32.96504],[-79.78374,32.9633],[-79.78512,32.96212],[-79.78696,32.96268],[-79.78743,32.96442],[-79.78605,32.9656],[-79.78651,32.96734],[-79.78836,32.9679],[-79.78882,32.96964],[-79.78422,32.97144],[-79.78469,32.97318],[-79.78331,32.97436],[-79.78378,32.9761],[-79.77918,32.9779],[-79.77964,32.97964],[-79.77826,32.98082],[-79.77873,32.98256],[-79.77735,32.98374],[-79.77782,32.98548],[-79.77644,32.98666],[-79.77459,32.9861],[-79.77322,32.98728],[-79.77368,32.98902],[-79.7723,32.9902],[-79.77046,32.98964],[-79.77,32.9879],[-79.77137,32.98672],[-79.77091,32.98498],[-79.76907,32.98442],[-79.76769,32.9856],[-79.76815,32.98734],[-79.76678,32.98852],[-79.76724,32.99026],[-79.76908,32.99082],[-79.76955,32.99256],[-79.76817,32.99374],[-79.76633,32.99318],[-79.76495,32.99436],[-79.76541,32.9961],[-79.76404,32.99727],[-79.76219,32.99671],[-79.76082,32.99789],[-79.76128,32.99963],[-79.7599,33.00081],[-79.75806,33.00025],[-79.7576,32.99851],[-79.75575,32.99795],[-79.75438,32.99913],[-79.75484,33.00087],[-79.75668,33.00143],[-79.75715,33.00317],[-79.75577,33.00435],[-79.75623,33.00609],[-79.75485,33.00727],[-79.75301,33.00671],[-79.75163,33.00789],[-79.7521,33.00963],[-79.75072,33.01081],[-79.74888,33.01024],[-79.7475,33.01142],[-79.74796,33.01316],[-79.74659,33.01434],[-79.74474,33.01378],[-79.74337,33.01496],[-79.74383,33.0167],[-79.74245,33.01788],[-79.74061,33.01732],[-79.73923,33.01849],[-79.7397,33.02023],[-79.73832,33.02141],[-79.73417,33.01855],[-79.72957,33.02034],[-79.73004,33.02208],[-79.7351,33.02203],[-79.73556,33.02377],[-79.73418,33.02495],[-79.73234,33.02439],[-79.73096,33.02556],[-79.73143,33.0273],[-79.73005,33.02848],[-79.72821,33.02792],[-79.72774,33.02618],[-79.72912,33.025],[-79.72866,33.02326],[-79.72682,33.0227],[-79.72222,33.02449],[-79.72268,33.02623],[-79.72131,33.02741],[-79.72177,33.02915],[-79.72361,33.02971],[-79.72407,33.03145],[-79.7227,33.03263],[-79.72085,33.03207],[-79.71948,33.03325],[-79.71994,33.03499],[-79.71856,33.03617],[-79.71672,33.0356],[-79.71534,33.03678],[-79.71581,33.03852],[-79.71765,33.03908],[-79.71811,33.04082],[-79.71351,33.04262],[-79.71398,33.04436],[-79.7126,33.04553],[-79.71306,33.04727],[-79.71168,33.04845],[-79.70662,33.0485],[-79.70616,33.04676],[-79.70754,33.04559],[-79.70707,33.04385],[-79.70523,33.04328],[-79.70477,33.04155],[-79.70937,33.03975],[-79.71121,33.04031],[-79.71259,33.03914],[-79.71212,33.0374],[-79.71028,33.03683],[-79.70982,33.03509],[-79.71442,33.0333],[-79.71395,33.03156],[-79.71533,33.03038],[-79.71487,33.02864],[-79.71303,33.02808],[-79.71256,33.02634],[-79.71394,33.02516],[-79.71578,33.02573],[-79.71624,33.02747],[-79.71809,33.02803],[-79.71946,33.02685],[-79.719,33.02511],[-79.72038,33.02393],[-79.71992,33.02219],[-79.72129,33.02101],[-79.72083,33.01927]],[[-79.72678,33.0035],[-79.7254,33.00468],[-79.72586,33.00642],[-79.72449,33.0076],[-79.72495,33.00934],[-79.72357,33.01052],[-79.72404,33.01226],[-79.72588,33.01282],[-79.72726,33.01164],[-79.72679,33.0099],[-79.72817,33.00872],[-79.73323,33.00867],[-79.73461,33.00749],[-79.73414,33.00575],[-79.72908,33.00581],[-79.72862,33.00407],[-79.73,33.00289],[-79.72953,33.00115],[-79.72769,33.00058],[-79.72632,33.00176],[-79.72678,33.0035]],[[-79.73365,32.99121],[-79.73319,32.98947],[-79.73135,32.98891],[-79.72997,32.99009],[-79.73044,32.99183],[-79.73228,32.99239],[-79.73365,32.99121]],[[-79.73509,33.01563],[-79.73462,33.01389],[-79.73278,33.01333],[-79.7314,33.01451],[-79.73187,33.01625],[-79.73371,33.01681],[-79.73509,33.01563]],[[-79.73826,32.99581],[-79.73689,32.99699],[-79.73735,32.99873],[-79.73597,32.99991],[-79.73644,33.00165],[-79.73506,33.00283],[-79.73552,33.00457],[-79.73736,33.00513],[-79.73874,33.00395],[-79.73828,33.00221],[-79.73966,33.00104],[-79.7415,33.0016],[-79.74287,33.00042],[-79.74241,32.99868],[-79.74057,32.99812],[-79.74011,32.99638],[-79.73826,32.99581]],[[-79.73554,33.01097],[-79.736,33.01271],[-79.74015,33.01558],[-79.74152,33.0144],[-79.74106,33.01266],[-79.73691,33.00979],[-79.73554,33.01097]],[[-79.74193,32.99054],[-79.74009,32.98998],[-79.73871,32.99116],[-79.73918,32.9929],[-79.74102,32.99346],[-79.7424,32.99228],[-79.74193,32.99054]],[[-79.74289,33.00682],[-79.74427,33.00564],[-79.7438,33.0039],[-79.74196,33.00334],[-79.74058,33.00452],[-79.74105,33.00626],[-79.74289,33.00682]],[[-79.74746,32.99222],[-79.74884,32.99104],[-79.74837,32.9893],[-79.74653,32.98874],[-79.74607,32.987],[-79.74422,32.98644],[-79.74285,32.98762],[-79.74331,32.98936],[-79.74746,32.99222]],[[-79.74379,32.9975],[-79.74563,32.99806],[-79.74701,32.99688],[-79.74654,32.99514],[-79.7447,32.99458],[-79.74332,32.99576],[-79.74379,32.9975]],[[-79.74933,33.00558],[-79.75071,33.00441],[-79.75024,33.00266],[-79.74609,32.9998],[-79.74472,33.00098],[-79.74518,33.00272],[-79.74702,33.00328],[-79.74749,33.00502],[-79.74933,33.00558]],[[-79.7562,32.99329],[-79.75436,32.99273],[-79.75298,32.99391],[-79.75345,32.99565],[-79.75529,32.99621],[-79.75667,32.99503],[-79.7562,32.99329]],[[-79.75527,32.98981],[-79.75712,32.99037],[-79.75849,32.98919],[-79.75803,32.98745],[-79.75619,32.98689],[-79.75481,32.98807],[-79.75527,32.98981]]]}},{"type":"Feature","properties":{"sqmi":9.26},"geometry":{"type":"Polygon","coordinates":[[[-76.15223,35.84732],[-76.15423,35.84805],[-76.15436,35.84969],[-76.1525,35.85061],[-76.15264,35.85225],[-76.15463,35.85297],[-76.15477,35.85462],[-76.16062,35.85516],[-76.16248,35.85425],[-76.16235,35.8526],[-76.16421,35.85169],[-76.16621,35.85242],[-76.16634,35.85406],[-76.16448,35.85497],[-76.16462,35.85661],[-76.16276,35.85753],[-76.16289,35.85917],[-76.15717,35.86027],[-76.15731,35.86191],[-76.15545,35.86282],[-76.15345,35.8621],[-76.15331,35.86045],[-76.15132,35.85973],[-76.14946,35.86064],[-76.14959,35.86228],[-76.14773,35.86319],[-76.14573,35.86246],[-76.1456,35.86082],[-76.1436,35.8601],[-76.14347,35.85845],[-76.14147,35.85773],[-76.13575,35.85882],[-76.13588,35.86046],[-76.13402,35.86138],[-76.13416,35.86302],[-76.13615,35.86375],[-76.13629,35.86539],[-76.14215,35.86593],[-76.14228,35.86757],[-76.14428,35.8683],[-76.14441,35.86994],[-76.13869,35.87104],[-76.13883,35.87268],[-76.14468,35.87323],[-76.14482,35.87487],[-76.14682,35.8756],[-76.14695,35.87724],[-76.14895,35.87797],[-76.14909,35.87961],[-76.15494,35.88015],[-76.15508,35.8818],[-76.14936,35.88289],[-76.1435,35.88235],[-76.14164,35.88326],[-76.14177,35.88491],[-76.13991,35.88582],[-76.14005,35.88746],[-76.13432,35.88856],[-76.13446,35.8902],[-76.13259,35.89112],[-76.13273,35.89276],[-76.12701,35.89386],[-76.12714,35.8955],[-76.12914,35.89623],[-76.12927,35.89787],[-76.13127,35.8986],[-76.13141,35.90024],[-76.13341,35.90097],[-76.13354,35.90261],[-76.13168,35.90353],[-76.12968,35.9028],[-76.12954,35.90115],[-76.12755,35.90043],[-76.12741,35.89878],[-76.12541,35.89805],[-76.12355,35.89897],[-76.12368,35.90061],[-76.12182,35.90152],[-76.12196,35.90317],[-76.12009,35.90408],[-76.12023,35.90572],[-76.11836,35.90664],[-76.1125,35.90609],[-76.11064,35.907],[-76.10864,35.90627],[-76.10851,35.90463],[-76.10651,35.9039],[-76.10637,35.90226],[-76.10051,35.90171],[-76.09865,35.90263],[-76.09665,35.9019],[-76.09479,35.90281],[-76.09279,35.90208],[-76.09266,35.90044],[-76.0868,35.89989],[-76.08666,35.89825],[-76.08467,35.89752],[-76.08453,35.89588],[-76.0864,35.89496],[-76.08839,35.89569],[-76.08853,35.89734],[-76.09439,35.89788],[-76.09452,35.89952],[-76.09652,35.90025],[-76.09838,35.89934],[-76.09825,35.8977],[-76.09625,35.89697],[-76.09612,35.89533],[-76.09798,35.89441],[-76.09998,35.89514],[-76.10011,35.89679],[-76.10211,35.89752],[-76.10224,35.89916],[-76.10424,35.89989],[-76.10611,35.89897],[-76.10597,35.89733],[-76.10783,35.89642],[-76.1077,35.89478],[-76.10956,35.89386],[-76.11542,35.89441],[-76.11729,35.8935],[-76.11715,35.89185],[-76.11901,35.89094],[-76.12487,35.89148],[-76.12674,35.89057],[-76.1266,35.88893],[-76.12074,35.88838],[-76.12061,35.88674],[-76.12247,35.88583],[-76.12234,35.88419],[-76.12034,35.88346],[-76.1202,35.88182],[-76.12207,35.8809],[-76.12406,35.88163],[-76.1242,35.88327],[-76.1262,35.884],[-76.12806,35.88309],[-76.13006,35.88382],[-76.13019,35.88546],[-76.13219,35.88619],[-76.13405,35.88528],[-76.13392,35.88363],[-76.13192,35.88291],[-76.13178,35.88126],[-76.12979,35.88053],[-76.12965,35.87889],[-76.12765,35.87816],[-76.12579,35.87908],[-76.12379,35.87835],[-76.12366,35.87671],[-76.12166,35.87598],[-76.1198,35.87689],[-76.11993,35.87853],[-76.11807,35.87944],[-76.11607,35.87872],[-76.11594,35.87707],[-76.1178,35.87616],[-76.11767,35.87452],[-76.11953,35.87361],[-76.1194,35.87196],[-76.1174,35.87124],[-76.11726,35.86959],[-76.11913,35.86868],[-76.12112,35.86941],[-76.12299,35.8685],[-76.12285,35.86686],[-76.117,35.86631],[-76.11686,35.86467],[-76.11486,35.86394],[-76.11473,35.8623],[-76.11273,35.86157],[-76.1126,35.85993],[-76.10674,35.85938],[-76.10661,35.85774],[-76.10461,35.85701],[-76.10448,35.85537],[-76.10634,35.85446],[-76.10621,35.85282],[-76.10035,35.85227],[-76.09849,35.85318],[-76.0965,35.85246],[-76.09463,35.85337],[-76.09264,35.85264],[-76.0925,35.851],[-76.08665,35.85045],[-76.08652,35.84881],[-76.08452,35.84808],[-76.08439,35.84644],[-76.08239,35.84571],[-76.08226,35.84407],[-76.08412,35.84316],[-76.08399,35.84152],[-76.08199,35.84079],[-76.08186,35.83915],[-76.08372,35.83823],[-76.08359,35.83659],[-76.08931,35.8355],[-76.08917,35.83386],[-76.08718,35.83313],[-76.08532,35.83404],[-76.08332,35.83331],[-76.08319,35.83167],[-76.08505,35.83076],[-76.0909,35.83131],[-76.09276,35.83039],[-76.09263,35.82875],[-76.09449,35.82784],[-76.09649,35.82857],[-76.09662,35.83021],[-76.09861,35.83094],[-76.10433,35.82984],[-76.10633,35.83057],[-76.10646,35.83221],[-76.11231,35.83276],[-76.11245,35.8344],[-76.11444,35.83513],[-76.1163,35.83421],[-76.1183,35.83494],[-76.11843,35.83658],[-76.12043,35.83731],[-76.12614,35.83622],[-76.12814,35.83694],[-76.12828,35.83859],[-76.13027,35.83931],[-76.13213,35.8384],[-76.13413,35.83913],[-76.13426,35.84077],[-76.14012,35.84131],[-76.14025,35.84295],[-76.14225,35.84368],[-76.14238,35.84532],[-76.14438,35.84605],[-76.14624,35.84514],[-76.15209,35.84568],[-76.15223,35.84732]],[[-76.09011,35.84534],[-76.08997,35.8437],[-76.08798,35.84297],[-76.08612,35.84389],[-76.08625,35.84553],[-76.08825,35.84626],[-76.09011,35.84534]],[[-76.11769,35.89842],[-76.11756,35.89678],[-76.11556,35.89605],[-76.11369,35.89696],[-76.11383,35.89861],[-76.11583,35.89934],[-76.11596,35.90098],[-76.11796,35.90171],[-76.11982,35.90079],[-76.11969,35.89915],[-76.11769,35.89842]],[[-76.12935,35.85171],[-76.1235,35.85117],[-76.12337,35.84953],[-76.12523,35.84862],[-76.12509,35.84697],[-76.1231,35.84625],[-76.12124,35.84716],[-76.12137,35.8488],[-76.11951,35.84971],[-76.11751,35.84898],[-76.11565,35.8499],[-76.11579,35.85154],[-76.12164,35.85208],[-76.12177,35.85372],[-76.12377,35.85445],[-76.12949,35.85335],[-76.12935,35.85171]],[[-76.12898,35.87068],[-76.12711,35.8716],[-76.12725,35.87324],[-76.12925,35.87397],[-76.13111,35.87305],[-76.13097,35.87141],[-76.12898,35.87068]],[[-76.1371,35.87524],[-76.13524,35.87615],[-76.13537,35.87779],[-76.13737,35.87852],[-76.13923,35.87761],[-76.1391,35.87597],[-76.1371,35.87524]],[[-76.13778,35.88345],[-76.13964,35.88254],[-76.1395,35.88089],[-76.13751,35.88017],[-76.13564,35.88108],[-76.13578,35.88272],[-76.13778,35.88345]],[[-76.14319,35.85517],[-76.14519,35.8559],[-76.15091,35.8548],[-76.15077,35.85316],[-76.14878,35.85243],[-76.14864,35.85079],[-76.14665,35.85006],[-76.14479,35.85098],[-76.14492,35.85262],[-76.14306,35.85353],[-76.14319,35.85517]]]}},{"type":"Feature","properties":{"sqmi":9.22},"geometry":{"type":"Polygon","coordinates":[[[-76.09403,35.98865],[-76.09216,35.98957],[-76.09016,35.98883],[-76.09002,35.98719],[-76.08802,35.98646],[-76.08789,35.98481],[-76.08202,35.98427],[-76.08188,35.98262],[-76.07988,35.98189],[-76.07975,35.98025],[-76.07775,35.97952],[-76.07762,35.97787],[-76.07561,35.97714],[-76.07375,35.97805],[-76.07175,35.97732],[-76.07161,35.97568],[-76.06961,35.97495],[-76.06775,35.97586],[-76.06188,35.97531],[-76.06001,35.97623],[-76.05414,35.97568],[-76.05227,35.97659],[-76.05241,35.97824],[-76.05054,35.97915],[-76.04467,35.9786],[-76.0428,35.97951],[-76.0408,35.97878],[-76.04067,35.97714],[-76.04641,35.97604],[-76.04627,35.9744],[-76.04814,35.97348],[-76.04801,35.97184],[-76.04601,35.97111],[-76.04588,35.96946],[-76.04388,35.96873],[-76.04374,35.96709],[-76.04175,35.96636],[-76.03988,35.96727],[-76.03788,35.96654],[-76.03775,35.96489],[-76.03961,35.96398],[-76.03948,35.96234],[-76.04135,35.96142],[-76.04721,35.96197],[-76.04735,35.96362],[-76.04935,35.96435],[-76.05121,35.96344],[-76.05108,35.96179],[-76.05295,35.96088],[-76.05495,35.96161],[-76.05508,35.96325],[-76.05321,35.96417],[-76.05335,35.96581],[-76.05148,35.96672],[-76.05161,35.96837],[-76.05361,35.9691],[-76.05935,35.968],[-76.06135,35.96873],[-76.06148,35.97038],[-76.06348,35.97111],[-76.06535,35.9702],[-76.06735,35.97093],[-76.06921,35.97001],[-76.06908,35.96837],[-76.07095,35.96746],[-76.07081,35.96581],[-76.07268,35.9649],[-76.07855,35.96545],[-76.08041,35.96453],[-76.08028,35.96289],[-76.07828,35.96216],[-76.07815,35.96051],[-76.08001,35.9596],[-76.07988,35.95796],[-76.07788,35.95723],[-76.07775,35.95558],[-76.07575,35.95485],[-76.07561,35.95321],[-76.07361,35.95248],[-76.07348,35.95083],[-76.07921,35.94974],[-76.08121,35.95047],[-76.08135,35.95211],[-76.08335,35.95284],[-76.08348,35.95448],[-76.08161,35.9554],[-76.08175,35.95704],[-76.08375,35.95777],[-76.08388,35.95942],[-76.08588,35.96015],[-76.08601,35.96179],[-76.08801,35.96252],[-76.08815,35.96417],[-76.09015,35.9649],[-76.09201,35.96398],[-76.09788,35.96453],[-76.09975,35.96362],[-76.10175,35.96435],[-76.10188,35.96599],[-76.10388,35.96672],[-76.10575,35.96581],[-76.10562,35.96416],[-76.10748,35.96325],[-76.10735,35.9616],[-76.10535,35.96087],[-76.10521,35.95923],[-76.10321,35.9585],[-76.10308,35.95686],[-76.10108,35.95613],[-76.10094,35.95448],[-76.10281,35.95357],[-76.10481,35.9543],[-76.10494,35.95594],[-76.10694,35.95667],[-76.10708,35.95832],[-76.10908,35.95905],[-76.11094,35.95813],[-76.11081,35.95649],[-76.11268,35.95557],[-76.11854,35.95612],[-76.12041,35.95521],[-76.12027,35.95356],[-76.12214,35.95265],[-76.12414,35.95338],[-76.12427,35.95502],[-76.12241,35.95594],[-76.12254,35.95758],[-76.12068,35.95849],[-76.12081,35.96014],[-76.11895,35.96105],[-76.11908,35.9627],[-76.12108,35.96343],[-76.12295,35.96251],[-76.12495,35.96324],[-76.12681,35.96233],[-76.12668,35.96068],[-76.13241,35.95958],[-76.13228,35.95794],[-76.13028,35.95721],[-76.13014,35.95557],[-76.13201,35.95465],[-76.13401,35.95538],[-76.13414,35.95703],[-76.13614,35.95776],[-76.13628,35.9594],[-76.13441,35.96031],[-76.13455,35.96196],[-76.13655,35.96269],[-76.13668,35.96433],[-76.13868,35.96506],[-76.14442,35.96396],[-76.14428,35.96232],[-76.14228,35.96159],[-76.14214,35.95994],[-76.14401,35.95903],[-76.14387,35.95739],[-76.14574,35.95647],[-76.14774,35.9572],[-76.14788,35.95884],[-76.14988,35.95957],[-76.15001,35.96122],[-76.14815,35.96213],[-76.14828,35.96378],[-76.14642,35.96469],[-76.14655,35.96634],[-76.14082,35.96744],[-76.14096,35.96908],[-76.14296,35.96981],[-76.14309,35.97145],[-76.14123,35.97237],[-76.14136,35.97401],[-76.14337,35.97474],[-76.14523,35.97383],[-76.1451,35.97218],[-76.14696,35.97127],[-76.14896,35.972],[-76.1491,35.97364],[-76.14723,35.97456],[-76.14737,35.9762],[-76.14937,35.97693],[-76.15124,35.97602],[-76.1511,35.97437],[-76.15297,35.97346],[-76.15283,35.97181],[-76.1547,35.9709],[-76.1567,35.97163],[-76.15856,35.97071],[-76.16443,35.97126],[-76.16457,35.9729],[-76.15884,35.974],[-76.15897,35.97565],[-76.15324,35.97675],[-76.15337,35.97839],[-76.15538,35.97912],[-76.15724,35.97821],[-76.15924,35.97894],[-76.15938,35.98058],[-76.15751,35.98149],[-76.15765,35.98314],[-76.15578,35.98405],[-76.15592,35.9857],[-76.15405,35.98661],[-76.15205,35.98588],[-76.15192,35.98424],[-76.14991,35.98351],[-76.14978,35.98187],[-76.15164,35.98095],[-76.15151,35.97931],[-76.14951,35.97858],[-76.14764,35.97949],[-76.14778,35.98114],[-76.14591,35.98205],[-76.14605,35.9837],[-76.14805,35.98443],[-76.14818,35.98607],[-76.14632,35.98699],[-76.14645,35.98863],[-76.14072,35.98973],[-76.14085,35.99137],[-76.14673,35.99192],[-76.14686,35.99356],[-76.14886,35.99429],[-76.15073,35.99338],[-76.15273,35.99411],[-76.1546,35.99319],[-76.15534,35.99346],[-76.15066,35.99505],[-76.14697,35.99505],[-76.13302,35.99006],[-76.12146,35.99173],[-76.12138,35.99065],[-76.12324,35.98974],[-76.12524,35.99047],[-76.12711,35.98955],[-76.12698,35.98791],[-76.12497,35.98718],[-76.12484,35.98553],[-76.12284,35.9848],[-76.12097,35.98572],[-76.12111,35.98736],[-76.11924,35.98828],[-76.11724,35.98755],[-76.11537,35.98846],[-76.11337,35.98773],[-76.11323,35.98609],[-76.11123,35.98536],[-76.10937,35.98627],[-76.1095,35.98792],[-76.1115,35.98865],[-76.11164,35.99029],[-76.11364,35.99102],[-76.11372,35.99203],[-76.10207,35.99203],[-76.1039,35.99066],[-76.1059,35.99139],[-76.10777,35.99048],[-76.10763,35.98883],[-76.10176,35.98828],[-76.0999,35.9892],[-76.09403,35.98865]],[[-76.07735,35.97458],[-76.07721,35.97294],[-76.07521,35.97221],[-76.07335,35.97312],[-76.07348,35.97476],[-76.07548,35.9755],[-76.07735,35.97458]],[[-76.13282,35.96452],[-76.13268,35.96287],[-76.13068,35.96214],[-76.12882,35.96306],[-76.12895,35.9647],[-76.13095,35.96543],[-76.13282,35.96452]],[[-76.13363,35.97438],[-76.13176,35.9753],[-76.1319,35.97694],[-76.1339,35.97767],[-76.13963,35.97657],[-76.1395,35.97493],[-76.1375,35.9742],[-76.13563,35.97511],[-76.13363,35.97438]],[[-76.13736,35.97255],[-76.13923,35.97164],[-76.13909,35.96999],[-76.13709,35.96927],[-76.13695,35.96762],[-76.13495,35.96689],[-76.13309,35.96781],[-76.13322,35.96945],[-76.13522,35.97018],[-76.13536,35.97182],[-76.13736,35.97255]]]}},{"type":"Feature","properties":{"sqmi":9.16},"geometry":{"type":"Polygon","coordinates":[[[-80.34009,32.79604],[-80.34194,32.79659],[-80.34242,32.79833],[-80.34428,32.79889],[-80.34475,32.80063],[-80.34895,32.80348],[-80.35033,32.80229],[-80.34985,32.80055],[-80.34799,32.79999],[-80.34751,32.79825],[-80.35213,32.79641],[-80.35399,32.79697],[-80.35447,32.79871],[-80.35309,32.7999],[-80.35356,32.80165],[-80.35542,32.8022],[-80.3568,32.80101],[-80.35632,32.79926],[-80.3577,32.79807],[-80.35723,32.79632],[-80.35861,32.79513],[-80.35813,32.79339],[-80.35627,32.79283],[-80.35579,32.79109],[-80.36041,32.78925],[-80.3646,32.7921],[-80.36508,32.79385],[-80.3637,32.79504],[-80.36418,32.79679],[-80.3628,32.79798],[-80.36328,32.79973],[-80.36189,32.80092],[-80.36237,32.80267],[-80.36747,32.80258],[-80.36795,32.80433],[-80.3698,32.80488],[-80.37028,32.80663],[-80.37214,32.80718],[-80.37352,32.80598],[-80.37304,32.80424],[-80.37442,32.80304],[-80.37394,32.8013],[-80.36885,32.80139],[-80.36837,32.79964],[-80.36651,32.79909],[-80.36604,32.79734],[-80.36742,32.79615],[-80.37251,32.79606],[-80.37299,32.79781],[-80.37485,32.79836],[-80.37623,32.79716],[-80.37808,32.79772],[-80.37856,32.79946],[-80.38042,32.80002],[-80.3818,32.79882],[-80.38366,32.79937],[-80.38414,32.80112],[-80.38599,32.80167],[-80.39061,32.79984],[-80.39247,32.80039],[-80.39385,32.7992],[-80.39571,32.79975],[-80.39619,32.80149],[-80.39805,32.80205],[-80.39853,32.80379],[-80.39714,32.80499],[-80.39295,32.80214],[-80.39157,32.80333],[-80.39205,32.80508],[-80.38743,32.80691],[-80.38791,32.80866],[-80.38976,32.80921],[-80.39438,32.80738],[-80.39624,32.80793],[-80.39762,32.80673],[-80.39948,32.80729],[-80.40086,32.80609],[-80.40272,32.80664],[-80.4041,32.80545],[-80.40362,32.8037],[-80.405,32.80251],[-80.4101,32.80242],[-80.41148,32.80123],[-80.411,32.79948],[-80.41238,32.79828],[-80.41424,32.79884],[-80.41472,32.80058],[-80.41334,32.80178],[-80.41382,32.80352],[-80.41244,32.80472],[-80.41292,32.80646],[-80.41478,32.80702],[-80.41526,32.80876],[-80.41712,32.80932],[-80.4185,32.80812],[-80.41802,32.80637],[-80.4194,32.80518],[-80.41892,32.80343],[-80.4203,32.80224],[-80.4254,32.80215],[-80.42588,32.80389],[-80.4245,32.80509],[-80.42264,32.80454],[-80.42126,32.80573],[-80.42174,32.80748],[-80.42036,32.80867],[-80.42083,32.81042],[-80.41621,32.81226],[-80.41669,32.814],[-80.41531,32.8152],[-80.41579,32.81694],[-80.41999,32.81979],[-80.42047,32.82154],[-80.41909,32.82274],[-80.41956,32.82448],[-80.41818,32.82568],[-80.41866,32.82742],[-80.41728,32.82862],[-80.41776,32.83036],[-80.41638,32.83156],[-80.41452,32.83101],[-80.41314,32.8322],[-80.41128,32.83165],[-80.4099,32.83284],[-80.40804,32.83229],[-80.40342,32.83412],[-80.40156,32.83357],[-80.40108,32.83182],[-80.39946,32.83134],[-80.40091,32.82829],[-80.40422,32.82474],[-80.40433,32.81935],[-80.40748,32.81111],[-80.40375,32.8184],[-80.40324,32.82414],[-80.39784,32.83247],[-80.39598,32.83191],[-80.3946,32.83311],[-80.3904,32.83026],[-80.38902,32.83145],[-80.38716,32.8309],[-80.38254,32.83273],[-80.37835,32.82988],[-80.37373,32.83171],[-80.36954,32.82886],[-80.36492,32.83069],[-80.36072,32.82784],[-80.3561,32.82967],[-80.35425,32.82912],[-80.35377,32.82738],[-80.35515,32.82618],[-80.35467,32.82444],[-80.35281,32.82388],[-80.35143,32.82508],[-80.34958,32.82452],[-80.3482,32.82572],[-80.34867,32.82746],[-80.34729,32.82866],[-80.34544,32.8281],[-80.34406,32.82929],[-80.3422,32.82874],[-80.33758,32.83057],[-80.33572,32.83002],[-80.33525,32.82827],[-80.33663,32.82708],[-80.33615,32.82534],[-80.33753,32.82414],[-80.33705,32.8224],[-80.33843,32.8212],[-80.33796,32.81946],[-80.3361,32.81891],[-80.33562,32.81716],[-80.34024,32.81533],[-80.33976,32.81358],[-80.33557,32.81073],[-80.33509,32.80898],[-80.33647,32.80779],[-80.336,32.80604],[-80.33414,32.80549],[-80.33366,32.80375],[-80.33828,32.80191],[-80.34014,32.80247],[-80.34152,32.80127],[-80.34104,32.79953],[-80.33918,32.79897],[-80.33871,32.79723],[-80.34009,32.79604]],[[-80.34528,32.80881],[-80.34481,32.80706],[-80.34295,32.80651],[-80.33833,32.80834],[-80.33881,32.81009],[-80.34067,32.81064],[-80.34114,32.81239],[-80.343,32.81294],[-80.34438,32.81175],[-80.3439,32.81],[-80.34528,32.80881]],[[-80.34167,32.82057],[-80.34029,32.82176],[-80.34077,32.8235],[-80.34586,32.82342],[-80.34724,32.82222],[-80.34676,32.82048],[-80.34491,32.81993],[-80.34353,32.82112],[-80.34167,32.82057]],[[-80.37729,32.81352],[-80.37681,32.81178],[-80.37495,32.81122],[-80.37357,32.81242],[-80.37405,32.81416],[-80.37591,32.81472],[-80.37729,32.81352]],[[-80.38329,32.81049],[-80.38467,32.8093],[-80.38419,32.80755],[-80.38233,32.807],[-80.38185,32.80525],[-80.38,32.8047],[-80.37538,32.80654],[-80.37585,32.80828],[-80.38095,32.80819],[-80.38143,32.80994],[-80.38329,32.81049]],[[-80.3903,32.81739],[-80.39077,32.81914],[-80.38939,32.82033],[-80.38987,32.82208],[-80.39173,32.82263],[-80.39311,32.82144],[-80.39263,32.81969],[-80.39401,32.81849],[-80.39587,32.81905],[-80.39725,32.81785],[-80.39678,32.81611],[-80.39168,32.8162],[-80.3903,32.81739]],[[-80.39821,32.82135],[-80.39635,32.82079],[-80.39497,32.82199],[-80.39545,32.82373],[-80.39731,32.82429],[-80.39869,32.82309],[-80.39821,32.82135]],[[-80.40416,32.81188],[-80.4023,32.81133],[-80.40092,32.81253],[-80.4014,32.81427],[-80.40325,32.81482],[-80.40463,32.81363],[-80.40416,32.81188]],[[-80.41202,32.80941],[-80.41154,32.80766],[-80.40968,32.80711],[-80.4083,32.8083],[-80.40878,32.81005],[-80.41064,32.8106],[-80.41202,32.80941]]]}},{"type":"Feature","properties":{"sqmi":7.83},"geometry":{"type":"Polygon","coordinates":[[[-81.34609,32.03006],[-81.34925,32.02886],[-81.34926,32.02786],[-81.35077,32.02837],[-81.35269,32.03125],[-81.35206,32.03214],[-81.35189,32.03323],[-81.3521,32.03383],[-81.35295,32.03457],[-81.35306,32.03515],[-81.35322,32.03545],[-81.35409,32.03602],[-81.35688,32.03602],[-81.35939,32.03748],[-81.35718,32.03601],[-81.35332,32.03548],[-81.35312,32.03465],[-81.35206,32.03358],[-81.35284,32.03134],[-81.35224,32.02998],[-81.3508,32.02827],[-81.34989,32.02767],[-81.34731,32.02828],[-81.34697,32.02708],[-81.34835,32.02586],[-81.35022,32.02639],[-81.3516,32.02517],[-81.35347,32.0257],[-81.35485,32.02448],[-81.35672,32.02501],[-81.3581,32.02379],[-81.3576,32.02203],[-81.35248,32.02219],[-81.35198,32.02043],[-81.35011,32.0199],[-81.34961,32.01815],[-81.35099,32.01692],[-81.35286,32.01746],[-81.35424,32.01623],[-81.35374,32.01448],[-81.35512,32.01325],[-81.35462,32.0115],[-81.356,32.01028],[-81.3555,32.00852],[-81.35688,32.0073],[-81.35638,32.00554],[-81.35776,32.00432],[-81.35726,32.00256],[-81.35609,32.00223],[-81.36026,32.00195],[-81.3615,32.003],[-81.36282,32.00323],[-81.36248,32.00527],[-81.36295,32.00569],[-81.36547,32.0068],[-81.36594,32.00819],[-81.36836,32.0111],[-81.37367,32.01213],[-81.37468,32.01361],[-81.37863,32.01539],[-81.37466,32.01339],[-81.37385,32.01198],[-81.36852,32.01106],[-81.3655,32.00659],[-81.36268,32.00525],[-81.36313,32.00321],[-81.36052,32.00187],[-81.36189,32.00065],[-81.36139,31.99889],[-81.35952,31.99836],[-81.35902,31.9966],[-81.35715,31.99607],[-81.35665,31.99431],[-81.35803,31.99309],[-81.3599,31.99362],[-81.36128,31.9924],[-81.36078,31.99064],[-81.35566,31.9908],[-81.35428,31.99203],[-81.35478,31.99378],[-81.3534,31.995],[-81.3539,31.99676],[-81.35252,31.99798],[-81.35065,31.99745],[-81.35015,31.99569],[-81.35153,31.99447],[-81.35103,31.99272],[-81.35241,31.99149],[-81.35191,31.98974],[-81.35329,31.98851],[-81.35841,31.98836],[-81.35979,31.98713],[-81.35929,31.98538],[-81.36067,31.98415],[-81.36254,31.98469],[-81.36304,31.98644],[-81.36816,31.98628],[-81.36866,31.98804],[-81.37054,31.98857],[-81.37191,31.98735],[-81.37379,31.98788],[-81.37428,31.98964],[-81.37616,31.99017],[-81.37753,31.98895],[-81.37941,31.98948],[-81.37991,31.99124],[-81.38178,31.99177],[-81.38316,31.99054],[-81.38266,31.98879],[-81.38079,31.98826],[-81.38029,31.9865],[-81.37604,31.98368],[-81.37583,31.98292],[-81.37758,31.98203],[-81.37692,31.9807],[-81.37888,31.98154],[-81.37929,31.98299],[-81.38266,31.9838],[-81.3834,31.98506],[-81.38412,31.9838],[-81.38592,31.9834],[-81.38546,31.98182],[-81.38733,31.9799],[-81.39092,31.98144],[-81.3923,31.98022],[-81.39417,31.98075],[-81.39555,31.97953],[-81.40068,31.97937],[-81.40249,31.97854],[-81.40182,31.97731],[-81.40435,31.97635],[-81.40956,31.97917],[-81.41198,31.97845],[-81.4133,31.98134],[-81.41193,31.98256],[-81.41005,31.98203],[-81.40867,31.98325],[-81.40917,31.98501],[-81.40779,31.98624],[-81.40829,31.98799],[-81.40692,31.98922],[-81.40741,31.99097],[-81.40604,31.9922],[-81.40653,31.99395],[-81.40516,31.99518],[-81.40328,31.99464],[-81.4019,31.99587],[-81.4024,31.99763],[-81.40103,31.99885],[-81.40152,32.00061],[-81.40015,32.00183],[-81.39827,32.0013],[-81.39689,32.00252],[-81.39739,32.00428],[-81.39601,32.0055],[-81.39414,32.00497],[-81.39276,32.00619],[-81.39326,32.00795],[-81.39188,32.00917],[-81.39001,32.00864],[-81.38863,32.00986],[-81.38913,32.01162],[-81.38775,32.01284],[-81.38825,32.0146],[-81.38687,32.01582],[-81.385,32.01529],[-81.38362,32.01651],[-81.38412,32.01827],[-81.38274,32.01949],[-81.38086,32.01896],[-81.37949,32.02018],[-81.37998,32.02194],[-81.37861,32.02316],[-81.37673,32.02263],[-81.37535,32.02385],[-81.37585,32.02561],[-81.37447,32.02683],[-81.3726,32.0263],[-81.37122,32.02752],[-81.37172,32.02928],[-81.37034,32.0305],[-81.36847,32.02997],[-81.36709,32.03119],[-81.36759,32.03295],[-81.36621,32.03417],[-81.36433,32.03364],[-81.36296,32.03486],[-81.36345,32.03662],[-81.36208,32.03784],[-81.36257,32.03959],[-81.3612,32.04082],[-81.35932,32.04028],[-81.35794,32.04151],[-81.35826,32.04261],[-81.35615,32.04192],[-81.3555,32.04017],[-81.35142,32.0365],[-81.3514,32.03494],[-81.35058,32.03412],[-81.34951,32.03482],[-81.34946,32.0381],[-81.34829,32.03911],[-81.34825,32.03607],[-81.3477,32.03526],[-81.34507,32.03446],[-81.34399,32.03278],[-81.34313,32.03286],[-81.3433,32.03399],[-81.3426,32.03411],[-81.34243,32.03161],[-81.34068,32.03132],[-81.33877,32.03266],[-81.33768,32.03093],[-81.34284,32.03075],[-81.34422,32.02953],[-81.34609,32.03006]],[[-81.35419,32.03138],[-81.35439,32.0314],[-81.35415,32.03098],[-81.35419,32.03138]],[[-81.35558,32.03017],[-81.35503,32.03007],[-81.35497,32.03045],[-81.35558,32.03017]],[[-81.35944,32.03216],[-81.35975,32.03223],[-81.35891,32.03185],[-81.35944,32.03216]],[[-81.36403,31.98995],[-81.36453,31.99171],[-81.3664,31.99224],[-81.36778,31.99102],[-81.36728,31.98926],[-81.36541,31.98873],[-81.36403,31.98995]],[[-81.38704,31.98848],[-81.38687,31.98804],[-81.38577,31.98768],[-81.38704,31.98848]],[[-81.39094,31.99331],[-81.39028,31.9936],[-81.39035,31.99388],[-81.39094,31.99331]],[[-81.3906,31.9925],[-81.39105,31.99253],[-81.39109,31.99234],[-81.3906,31.9925]],[[-81.39138,31.99382],[-81.39209,31.99354],[-81.39163,31.99306],[-81.39138,31.99382]],[[-81.40325,31.98934],[-81.40441,31.98933],[-81.40394,31.98907],[-81.40325,31.98934]],[[-81.4043,31.98992],[-81.40489,31.98989],[-81.40465,31.98961],[-81.4043,31.98992]]]}},{"type":"Feature","properties":{"sqmi":7.43},"geometry":{"type":"Polygon","coordinates":[[[-76.89696,35.69896],[-76.89496,35.69825],[-76.8948,35.69661],[-76.89664,35.69569],[-76.89648,35.69406],[-76.89832,35.69313],[-76.89816,35.6915],[-76.9,35.69058],[-76.902,35.69129],[-76.90384,35.69037],[-76.90368,35.68873],[-76.90553,35.68781],[-76.90536,35.68617],[-76.90336,35.68546],[-76.9032,35.68382],[-76.9012,35.68311],[-76.90104,35.68147],[-76.90672,35.68034],[-76.90656,35.67871],[-76.90456,35.67799],[-76.9044,35.67636],[-76.9024,35.67564],[-76.90224,35.67401],[-76.90408,35.67308],[-76.90608,35.6738],[-76.90624,35.67543],[-76.90824,35.67615],[-76.91008,35.67523],[-76.91592,35.67573],[-76.91609,35.67737],[-76.91809,35.67808],[-76.91825,35.67972],[-76.92025,35.68043],[-76.92041,35.68206],[-76.91473,35.6832],[-76.91273,35.68248],[-76.91257,35.68085],[-76.91056,35.68013],[-76.90872,35.68106],[-76.90888,35.68269],[-76.90704,35.68361],[-76.90721,35.68525],[-76.90921,35.68596],[-76.90937,35.6876],[-76.90753,35.68852],[-76.90769,35.69016],[-76.90585,35.69108],[-76.90601,35.69272],[-76.90801,35.69343],[-76.91369,35.6923],[-76.91569,35.69301],[-76.91585,35.69465],[-76.91401,35.69557],[-76.91417,35.69721],[-76.91233,35.69813],[-76.91033,35.69742],[-76.91017,35.69578],[-76.90817,35.69507],[-76.90633,35.69599],[-76.90649,35.69763],[-76.90465,35.69855],[-76.90481,35.70018],[-76.90681,35.7009],[-76.90865,35.69998],[-76.9145,35.70048],[-76.91634,35.69956],[-76.91618,35.69792],[-76.92186,35.69679],[-76.9217,35.69515],[-76.9197,35.69444],[-76.91954,35.6928],[-76.92138,35.69188],[-76.92338,35.69259],[-76.92354,35.69423],[-76.92554,35.69494],[-76.9257,35.69658],[-76.92771,35.69729],[-76.92787,35.69893],[-76.92603,35.69985],[-76.92619,35.70149],[-76.92435,35.70241],[-76.92234,35.7017],[-76.92218,35.70006],[-76.92018,35.69935],[-76.91834,35.70027],[-76.9185,35.70191],[-76.91666,35.70283],[-76.91682,35.70447],[-76.91882,35.70518],[-76.92066,35.70426],[-76.92651,35.70476],[-76.92667,35.7064],[-76.92483,35.70732],[-76.92499,35.70896],[-76.92699,35.70967],[-76.92716,35.71131],[-76.92916,35.71202],[-76.92932,35.71366],[-76.92748,35.71458],[-76.92548,35.71387],[-76.92531,35.71223],[-76.92331,35.71152],[-76.91763,35.71265],[-76.91178,35.71215],[-76.91162,35.71051],[-76.90962,35.7098],[-76.90946,35.70816],[-76.90745,35.70744],[-76.90729,35.70581],[-76.90529,35.70509],[-76.90513,35.70346],[-76.90313,35.70274],[-76.90129,35.70367],[-76.90145,35.7053],[-76.89961,35.70623],[-76.89977,35.70786],[-76.90177,35.70858],[-76.90193,35.71021],[-76.90009,35.71114],[-76.89808,35.71042],[-76.89792,35.70878],[-76.89592,35.70807],[-76.89408,35.70899],[-76.89424,35.71063],[-76.8924,35.71155],[-76.89256,35.71319],[-76.89841,35.71369],[-76.89857,35.71533],[-76.89672,35.71625],[-76.89688,35.71789],[-76.89504,35.71881],[-76.8952,35.72045],[-76.89721,35.72116],[-76.89905,35.72024],[-76.89889,35.71861],[-76.90073,35.71768],[-76.90273,35.7184],[-76.90289,35.72003],[-76.90489,35.72075],[-76.90506,35.72238],[-76.90706,35.7231],[-76.90722,35.72474],[-76.90538,35.72566],[-76.90554,35.7273],[-76.90754,35.72801],[-76.90938,35.72709],[-76.90922,35.72545],[-76.91491,35.72432],[-76.91475,35.72268],[-76.91659,35.72176],[-76.91859,35.72247],[-76.92428,35.72134],[-76.92628,35.72205],[-76.92644,35.72369],[-76.92076,35.72482],[-76.91875,35.72411],[-76.91691,35.72503],[-76.91707,35.72667],[-76.91523,35.72759],[-76.91323,35.72688],[-76.91139,35.7278],[-76.91155,35.72944],[-76.91355,35.73015],[-76.91371,35.73179],[-76.91187,35.73271],[-76.91203,35.73435],[-76.91403,35.73506],[-76.91419,35.7367],[-76.91235,35.73762],[-76.91035,35.73691],[-76.91019,35.73527],[-76.90818,35.73456],[-76.90802,35.73292],[-76.90987,35.732],[-76.9097,35.73036],[-76.9077,35.72965],[-76.90586,35.73057],[-76.90602,35.73221],[-76.90418,35.73313],[-76.90217,35.73242],[-76.90033,35.73334],[-76.89833,35.73262],[-76.89817,35.73099],[-76.89617,35.73027],[-76.89432,35.7312],[-76.89448,35.73283],[-76.89264,35.73376],[-76.8928,35.73539],[-76.89865,35.7359],[-76.89881,35.73754],[-76.90081,35.73825],[-76.90266,35.73733],[-76.9025,35.73569],[-76.90434,35.73477],[-76.90634,35.73548],[-76.9065,35.73712],[-76.90466,35.73804],[-76.90482,35.73968],[-76.90682,35.74039],[-76.90867,35.73947],[-76.91067,35.74019],[-76.91251,35.73926],[-76.91836,35.73977],[-76.91852,35.7414],[-76.91668,35.74233],[-76.91684,35.74397],[-76.915,35.74489],[-76.91516,35.74653],[-76.91332,35.74745],[-76.91348,35.74909],[-76.91548,35.7498],[-76.91564,35.75144],[-76.91765,35.75215],[-76.91781,35.75379],[-76.91981,35.75451],[-76.91998,35.75614],[-76.92198,35.75686],[-76.92214,35.7585],[-76.9203,35.75942],[-76.91445,35.75891],[-76.91428,35.75728],[-76.91613,35.75635],[-76.91597,35.75472],[-76.91012,35.75421],[-76.90995,35.75257],[-76.9118,35.75165],[-76.91164,35.75001],[-76.90963,35.7493],[-76.90947,35.74766],[-76.90747,35.74694],[-76.90731,35.74531],[-76.9053,35.74459],[-76.90346,35.74552],[-76.90362,35.74715],[-76.90562,35.74787],[-76.90579,35.74951],[-76.90394,35.75043],[-76.90194,35.74971],[-76.90178,35.74808],[-76.89977,35.74736],[-76.89961,35.74572],[-76.89761,35.74501],[-76.89577,35.74593],[-76.89593,35.74757],[-76.89793,35.74829],[-76.89809,35.74992],[-76.9001,35.75064],[-76.90026,35.75228],[-76.89457,35.75341],[-76.89473,35.75505],[-76.89673,35.75576],[-76.89689,35.7574],[-76.89505,35.75832],[-76.89304,35.75761],[-76.89288,35.75597],[-76.89088,35.75525],[-76.88519,35.75638],[-76.88318,35.75567],[-76.88302,35.75403],[-76.87717,35.75353],[-76.87701,35.75189],[-76.87886,35.75096],[-76.88471,35.75147],[-76.88655,35.75055],[-76.88639,35.74891],[-76.88054,35.7484],[-76.88038,35.74677],[-76.88222,35.74584],[-76.88206,35.74421],[-76.87621,35.7437],[-76.87605,35.74206],[-76.87405,35.74135],[-76.87389,35.73971],[-76.87573,35.73879],[-76.87557,35.73715],[-76.87742,35.73623],[-76.87942,35.73694],[-76.88126,35.73602],[-76.8811,35.73438],[-76.88679,35.73325],[-76.88663,35.73161],[-76.88078,35.73111],[-76.87894,35.73203],[-76.87694,35.73131],[-76.87509,35.73224],[-76.87309,35.73152],[-76.87125,35.73244],[-76.87141,35.73408],[-76.86956,35.735],[-76.86756,35.73429],[-76.86572,35.73521],[-76.86372,35.7345],[-76.86356,35.73286],[-76.86155,35.73214],[-76.86139,35.73051],[-76.86324,35.72958],[-76.86524,35.7303],[-76.86708,35.72938],[-76.86692,35.72774],[-76.87261,35.72661],[-76.87245,35.72497],[-76.87045,35.72426],[-76.87029,35.72262],[-76.87213,35.7217],[-76.87197,35.72006],[-76.86613,35.71955],[-76.86597,35.71792],[-76.86781,35.717],[-76.86765,35.71536],[-76.86949,35.71444],[-76.87534,35.71494],[-76.87718,35.71402],[-76.87702,35.71238],[-76.88271,35.71125],[-76.88255,35.70962],[-76.88439,35.70869],[-76.89024,35.7092],[-76.89208,35.70828],[-76.89192,35.70664],[-76.8976,35.70551],[-76.89744,35.70387],[-76.89928,35.70295],[-76.89912,35.70132],[-76.89712,35.7006],[-76.89696,35.69896]],[[-76.88183,35.722],[-76.87982,35.72128],[-76.87798,35.72221],[-76.87814,35.72384],[-76.88014,35.72456],[-76.88199,35.72363],[-76.88183,35.722]],[[-76.88135,35.71709],[-76.88319,35.71616],[-76.88303,35.71453],[-76.88103,35.71381],[-76.87918,35.71474],[-76.87934,35.71637],[-76.88135,35.71709]],[[-76.88607,35.74563],[-76.88807,35.74635],[-76.88992,35.74543],[-76.88976,35.74379],[-76.88775,35.74307],[-76.88591,35.744],[-76.88607,35.74563]],[[-76.89713,35.7401],[-76.89697,35.73846],[-76.89112,35.73795],[-76.88928,35.73888],[-76.88944,35.74051],[-76.89144,35.74123],[-76.89328,35.74031],[-76.89529,35.74102],[-76.89713,35.7401]],[[-76.89168,35.72393],[-76.89184,35.72557],[-76.89384,35.72628],[-76.89568,35.72536],[-76.89552,35.72372],[-76.89352,35.72301],[-76.89168,35.72393]],[[-76.90386,35.72986],[-76.9037,35.72822],[-76.90169,35.7275],[-76.89985,35.72843],[-76.90001,35.73006],[-76.90201,35.73078],[-76.90386,35.72986]],[[-76.90913,35.70489],[-76.91114,35.7056],[-76.91298,35.70468],[-76.91282,35.70304],[-76.91081,35.70233],[-76.90897,35.70325],[-76.90913,35.70489]]]}},{"type":"Feature","properties":{"sqmi":7.4},"geometry":{"type":"Polygon","coordinates":[[[-77.08846,35.32345],[-77.08663,35.32437],[-77.0868,35.326],[-77.08879,35.32671],[-77.08895,35.32833],[-77.09094,35.32904],[-77.09277,35.32812],[-77.09476,35.32883],[-77.09492,35.33045],[-77.09691,35.33116],[-77.09708,35.33278],[-77.09525,35.3337],[-77.09327,35.333],[-77.0931,35.33137],[-77.09111,35.33066],[-77.08929,35.33158],[-77.08945,35.33321],[-77.09144,35.33392],[-77.09161,35.33554],[-77.0936,35.33625],[-77.09376,35.33788],[-77.08812,35.33901],[-77.08829,35.34064],[-77.09028,35.34134],[-77.09045,35.34297],[-77.08862,35.34389],[-77.08879,35.34552],[-77.09459,35.34601],[-77.09476,35.34764],[-77.08912,35.34877],[-77.08928,35.3504],[-77.09509,35.35089],[-77.09691,35.34997],[-77.09675,35.34834],[-77.09857,35.34742],[-77.10056,35.34813],[-77.10073,35.34976],[-77.10272,35.35046],[-77.10288,35.35209],[-77.10488,35.3528],[-77.10504,35.35443],[-77.10703,35.35513],[-77.1072,35.35676],[-77.10537,35.35768],[-77.10338,35.35697],[-77.10322,35.35535],[-77.10123,35.35464],[-77.09559,35.35577],[-77.09575,35.3574],[-77.09774,35.35811],[-77.09791,35.35973],[-77.10372,35.36023],[-77.10388,35.36185],[-77.09824,35.36299],[-77.09841,35.36462],[-77.09658,35.36554],[-77.09675,35.36716],[-77.09111,35.3683],[-77.09127,35.36992],[-77.09708,35.37042],[-77.09725,35.37205],[-77.09924,35.37275],[-77.0994,35.37438],[-77.09758,35.3753],[-77.09177,35.37481],[-77.0916,35.37318],[-77.08961,35.37247],[-77.08945,35.37085],[-77.08746,35.37014],[-77.08729,35.36851],[-77.08912,35.36759],[-77.08895,35.36596],[-77.08696,35.36526],[-77.08679,35.36363],[-77.08099,35.36313],[-77.07916,35.36405],[-77.07933,35.36568],[-77.0775,35.3666],[-77.07767,35.36823],[-77.07966,35.36894],[-77.07982,35.37056],[-77.08181,35.37127],[-77.08198,35.3729],[-77.08397,35.37361],[-77.08414,35.37523],[-77.08613,35.37594],[-77.08629,35.37757],[-77.08828,35.37828],[-77.09011,35.37736],[-77.0921,35.37806],[-77.09227,35.37969],[-77.09044,35.38061],[-77.08463,35.38012],[-77.08281,35.38104],[-77.08082,35.38033],[-77.08065,35.3787],[-77.07484,35.37821],[-77.07468,35.37658],[-77.0765,35.37566],[-77.07634,35.37403],[-77.07435,35.37333],[-77.07252,35.37425],[-77.07269,35.37587],[-77.07086,35.37679],[-77.06887,35.37609],[-77.0687,35.37446],[-77.07053,35.37354],[-77.07036,35.37191],[-77.06837,35.3712],[-77.06655,35.37212],[-77.06671,35.37375],[-77.06489,35.37467],[-77.0629,35.37396],[-77.06273,35.37234],[-77.06074,35.37163],[-77.06058,35.37],[-77.05859,35.36929],[-77.05842,35.36767],[-77.06025,35.36675],[-77.06008,35.36512],[-77.06191,35.3642],[-77.06174,35.36257],[-77.06357,35.36165],[-77.0634,35.36002],[-77.06141,35.35932],[-77.06125,35.35769],[-77.05926,35.35698],[-77.05909,35.35536],[-77.06092,35.35444],[-77.06075,35.35281],[-77.06258,35.35189],[-77.06241,35.35026],[-77.06042,35.34955],[-77.06026,35.34793],[-77.0659,35.3468],[-77.06789,35.3475],[-77.06805,35.34913],[-77.07004,35.34984],[-77.07187,35.34892],[-77.0717,35.34729],[-77.06971,35.34658],[-77.06955,35.34496],[-77.06756,35.34425],[-77.06192,35.34538],[-77.05993,35.34467],[-77.05977,35.34305],[-77.05778,35.34234],[-77.05761,35.34071],[-77.05944,35.33979],[-77.05927,35.33817],[-77.0611,35.33725],[-77.06093,35.33562],[-77.06276,35.3347],[-77.06259,35.33307],[-77.0606,35.33237],[-77.05878,35.33329],[-77.05894,35.33491],[-77.05712,35.33583],[-77.05513,35.33513],[-77.05496,35.3335],[-77.05298,35.33279],[-77.05281,35.33117],[-77.05082,35.33046],[-77.05066,35.32883],[-77.04867,35.32812],[-77.04851,35.3265],[-77.05033,35.32558],[-77.05017,35.32395],[-77.04818,35.32325],[-77.04801,35.32162],[-77.04602,35.32091],[-77.04586,35.31929],[-77.04768,35.31837],[-77.04967,35.31907],[-77.04984,35.3207],[-77.05183,35.32141],[-77.05365,35.32049],[-77.05945,35.32098],[-77.05962,35.32261],[-77.05779,35.32353],[-77.05796,35.32515],[-77.05994,35.32586],[-77.06177,35.32494],[-77.06376,35.32565],[-77.06558,35.32473],[-77.07138,35.32522],[-77.07155,35.32685],[-77.06591,35.32798],[-77.06608,35.32961],[-77.06425,35.33053],[-77.06442,35.33215],[-77.06641,35.33286],[-77.06823,35.33194],[-77.06807,35.33032],[-77.06989,35.3294],[-77.07188,35.3301],[-77.07204,35.33173],[-77.07403,35.33244],[-77.07586,35.33152],[-77.07785,35.33222],[-77.07967,35.3313],[-77.0795,35.32968],[-77.08133,35.32876],[-77.08332,35.32946],[-77.08348,35.33109],[-77.08547,35.3318],[-77.0873,35.33088],[-77.08713,35.32925],[-77.08514,35.32855],[-77.08498,35.32692],[-77.08299,35.32621],[-77.07735,35.32734],[-77.07752,35.32897],[-77.07569,35.32989],[-77.0737,35.32918],[-77.07354,35.32756],[-77.07536,35.32664],[-77.0752,35.32501],[-77.07321,35.3243],[-77.07304,35.32268],[-77.07105,35.32197],[-77.07089,35.32035],[-77.07271,35.31943],[-77.0747,35.32013],[-77.07487,35.32176],[-77.07685,35.32247],[-77.07868,35.32155],[-77.07851,35.31992],[-77.07652,35.31921],[-77.07636,35.31759],[-77.07437,35.31688],[-77.07421,35.31525],[-77.07603,35.31434],[-77.07586,35.31271],[-77.07769,35.31179],[-77.07752,35.31016],[-77.07553,35.30946],[-77.07537,35.30783],[-77.07719,35.30691],[-77.07918,35.30762],[-77.07935,35.30924],[-77.08133,35.30995],[-77.08316,35.30903],[-77.08299,35.30741],[-77.08863,35.30627],[-77.09061,35.30698],[-77.09078,35.30861],[-77.09277,35.30931],[-77.09293,35.31094],[-77.09111,35.31186],[-77.09128,35.31348],[-77.09327,35.31419],[-77.09343,35.31582],[-77.0878,35.31695],[-77.08796,35.31857],[-77.08995,35.31928],[-77.09012,35.32091],[-77.08829,35.32183],[-77.08846,35.32345]],[[-77.07088,35.33916],[-77.07287,35.33986],[-77.07469,35.33894],[-77.07453,35.33732],[-77.07635,35.3364],[-77.07619,35.33477],[-77.07038,35.33428],[-77.06856,35.3352],[-77.06657,35.33449],[-77.06475,35.33541],[-77.06491,35.33703],[-77.0669,35.33774],[-77.06872,35.33682],[-77.07071,35.33753],[-77.07088,35.33916]],[[-77.06821,35.36958],[-77.07003,35.36866],[-77.06987,35.36703],[-77.06788,35.36632],[-77.06605,35.36724],[-77.06622,35.36887],[-77.06821,35.36958]],[[-77.07851,35.33873],[-77.07668,35.33965],[-77.07685,35.34128],[-77.07884,35.34198],[-77.08066,35.34106],[-77.0805,35.33944],[-77.07851,35.33873]]]}},{"type":"Feature","properties":{"sqmi":6.7},"geometry":{"type":"Polygon","coordinates":[[[-80.53965,32.67063],[-80.53917,32.66889],[-80.54055,32.66769],[-80.54007,32.66594],[-80.54145,32.66474],[-80.54331,32.66529],[-80.54469,32.66409],[-80.54421,32.66234],[-80.54559,32.66114],[-80.54745,32.66169],[-80.54883,32.66049],[-80.54835,32.65875],[-80.54973,32.65755],[-80.55159,32.6581],[-80.55297,32.6569],[-80.55249,32.65515],[-80.55387,32.65395],[-80.55339,32.6522],[-80.55477,32.651],[-80.55663,32.65155],[-80.55801,32.65035],[-80.55753,32.6486],[-80.55891,32.64741],[-80.56401,32.6473],[-80.56449,32.64905],[-80.56635,32.6496],[-80.56683,32.65135],[-80.57104,32.65419],[-80.57242,32.653],[-80.57428,32.65354],[-80.57566,32.65234],[-80.57518,32.6506],[-80.57655,32.6494],[-80.57607,32.64765],[-80.57745,32.64645],[-80.57931,32.647],[-80.5798,32.64875],[-80.57842,32.64995],[-80.5789,32.65169],[-80.57752,32.65289],[-80.578,32.65464],[-80.57986,32.65519],[-80.58034,32.65694],[-80.57896,32.65814],[-80.57945,32.65989],[-80.58131,32.66043],[-80.58269,32.65924],[-80.58455,32.65978],[-80.58593,32.65858],[-80.58779,32.65913],[-80.58917,32.65793],[-80.59103,32.65848],[-80.59241,32.65728],[-80.59427,32.65783],[-80.59476,32.65958],[-80.59338,32.66078],[-80.59386,32.66253],[-80.59248,32.66373],[-80.59296,32.66548],[-80.59158,32.66667],[-80.58648,32.66678],[-80.5851,32.66798],[-80.58558,32.66973],[-80.5842,32.67092],[-80.58468,32.67267],[-80.58654,32.67322],[-80.58792,32.67202],[-80.58744,32.67027],[-80.58882,32.66907],[-80.59068,32.66962],[-80.59117,32.67137],[-80.58978,32.67257],[-80.59027,32.67432],[-80.58889,32.67552],[-80.58378,32.67562],[-80.5824,32.67682],[-80.58288,32.67857],[-80.5815,32.67977],[-80.58199,32.68152],[-80.58061,32.68272],[-80.57874,32.68217],[-80.57826,32.68042],[-80.57406,32.67757],[-80.57268,32.67877],[-80.57316,32.68052],[-80.57178,32.68172],[-80.57226,32.68347],[-80.57088,32.68467],[-80.56902,32.68412],[-80.56854,32.68237],[-80.56992,32.68117],[-80.56943,32.67942],[-80.56757,32.67887],[-80.56619,32.68007],[-80.56199,32.67722],[-80.56061,32.67842],[-80.55875,32.67787],[-80.55737,32.67907],[-80.55785,32.68082],[-80.55647,32.68202],[-80.55695,32.68377],[-80.55557,32.68497],[-80.55371,32.68442],[-80.55233,32.68562],[-80.55047,32.68507],[-80.54909,32.68627],[-80.54957,32.68801],[-80.55143,32.68856],[-80.55191,32.69031],[-80.55611,32.69316],[-80.5566,32.69491],[-80.55522,32.6961],[-80.55335,32.69555],[-80.55287,32.69381],[-80.55101,32.69326],[-80.55053,32.69151],[-80.54867,32.69096],[-80.54819,32.68921],[-80.54633,32.68866],[-80.54585,32.68691],[-80.54164,32.68407],[-80.54116,32.68232],[-80.54254,32.68112],[-80.54206,32.67937],[-80.53696,32.67947],[-80.53558,32.68067],[-80.53606,32.68242],[-80.53468,32.68362],[-80.53282,32.68307],[-80.53144,32.68427],[-80.53192,32.68601],[-80.53378,32.68656],[-80.53516,32.68537],[-80.53702,32.68592],[-80.5384,32.68472],[-80.5426,32.68756],[-80.54309,32.68931],[-80.54171,32.69051],[-80.53984,32.68996],[-80.53936,32.68821],[-80.5375,32.68766],[-80.53612,32.68886],[-80.5366,32.69061],[-80.53846,32.69116],[-80.53895,32.69291],[-80.53757,32.69411],[-80.53805,32.69585],[-80.54225,32.6987],[-80.54273,32.70045],[-80.54459,32.701],[-80.54597,32.6998],[-80.54549,32.69805],[-80.54363,32.6975],[-80.54315,32.69575],[-80.54453,32.69456],[-80.54405,32.69281],[-80.54543,32.69161],[-80.54729,32.69216],[-80.54777,32.69391],[-80.54639,32.69511],[-80.54687,32.69685],[-80.54873,32.6974],[-80.54921,32.69915],[-80.54783,32.70035],[-80.54831,32.7021],[-80.54693,32.7033],[-80.54507,32.70275],[-80.54369,32.70394],[-80.54183,32.70339],[-80.54045,32.70459],[-80.53859,32.70404],[-80.53721,32.70524],[-80.53535,32.70469],[-80.53487,32.70294],[-80.53301,32.70239],[-80.53253,32.70065],[-80.52742,32.70074],[-80.52694,32.699],[-80.52184,32.6991],[-80.52136,32.69735],[-80.52274,32.69615],[-80.52226,32.6944],[-80.52364,32.6932],[-80.52316,32.69146],[-80.52454,32.69026],[-80.52406,32.68851],[-80.52544,32.68731],[-80.52496,32.68556],[-80.52634,32.68437],[-80.52586,32.68262],[-80.52724,32.68142],[-80.52676,32.67967],[-80.5249,32.67912],[-80.52442,32.67737],[-80.5258,32.67618],[-80.52531,32.67443],[-80.52669,32.67323],[-80.5309,32.67608],[-80.53228,32.67488],[-80.53414,32.67543],[-80.53462,32.67718],[-80.53648,32.67773],[-80.53786,32.67653],[-80.53738,32.67478],[-80.53876,32.67358],[-80.53828,32.67183],[-80.53965,32.67063]],[[-80.53949,32.7011],[-80.53901,32.69935],[-80.53715,32.6988],[-80.53577,32.7],[-80.53625,32.70175],[-80.53811,32.70229],[-80.53949,32.7011]],[[-80.54854,32.67808],[-80.54992,32.67688],[-80.54944,32.67513],[-80.54758,32.67458],[-80.5462,32.67578],[-80.54434,32.67523],[-80.54296,32.67643],[-80.54344,32.67818],[-80.5453,32.67872],[-80.54668,32.67753],[-80.54854,32.67808]],[[-80.54703,32.66639],[-80.5489,32.66694],[-80.55028,32.66574],[-80.54979,32.66399],[-80.54793,32.66344],[-80.54655,32.66464],[-80.54703,32.66639]],[[-80.56006,32.67023],[-80.56144,32.66903],[-80.56096,32.66729],[-80.55676,32.66444],[-80.55538,32.66564],[-80.55586,32.66739],[-80.55772,32.66794],[-80.5582,32.66968],[-80.56006,32.67023]],[[-80.57351,32.66938],[-80.57303,32.66763],[-80.57441,32.66643],[-80.57393,32.66468],[-80.57206,32.66414],[-80.57068,32.66533],[-80.57117,32.66708],[-80.56979,32.66828],[-80.57027,32.67003],[-80.56889,32.67123],[-80.56937,32.67298],[-80.57447,32.67288],[-80.57495,32.67462],[-80.57682,32.67517],[-80.5782,32.67397],[-80.57771,32.67223],[-80.57585,32.67168],[-80.57537,32.66993],[-80.57351,32.66938]]]}},{"type":"Feature","properties":{"sqmi":6.45},"geometry":{"type":"Polygon","coordinates":[[[-77.53687,34.63386],[-77.53884,34.63455],[-77.53902,34.63616],[-77.53723,34.63707],[-77.53741,34.63868],[-77.53937,34.63937],[-77.53955,34.64098],[-77.53776,34.64189],[-77.53794,34.6435],[-77.54205,34.64649],[-77.54223,34.6481],[-77.53668,34.64924],[-77.53686,34.65085],[-77.54259,34.65131],[-77.54438,34.6504],[-77.5442,34.64879],[-77.54599,34.64787],[-77.55172,34.64834],[-77.55351,34.64742],[-77.55923,34.64789],[-77.56102,34.64697],[-77.56299,34.64766],[-77.56317,34.64927],[-77.55762,34.65041],[-77.55565,34.64972],[-77.55386,34.65064],[-77.55404,34.65225],[-77.55225,34.65316],[-77.54652,34.6527],[-77.54473,34.65361],[-77.54277,34.65292],[-77.54098,34.65384],[-77.54115,34.65545],[-77.54312,34.65614],[-77.54867,34.655],[-77.55279,34.65799],[-77.55297,34.65959],[-77.55118,34.66051],[-77.54921,34.65982],[-77.54742,34.66073],[-77.5476,34.66234],[-77.54956,34.66303],[-77.54974,34.66464],[-77.54419,34.66578],[-77.54437,34.66739],[-77.54258,34.66831],[-77.54061,34.66762],[-77.53882,34.66853],[-77.539,34.67014],[-77.54097,34.67083],[-77.54652,34.66969],[-77.54849,34.67038],[-77.54867,34.67199],[-77.54312,34.67313],[-77.54329,34.67474],[-77.5415,34.67566],[-77.53739,34.67266],[-77.5356,34.67358],[-77.53577,34.67519],[-77.53398,34.67611],[-77.52825,34.67564],[-77.52646,34.67655],[-77.52449,34.67586],[-77.52431,34.67425],[-77.52611,34.67334],[-77.52593,34.67173],[-77.53148,34.67059],[-77.5313,34.66898],[-77.53309,34.66807],[-77.53291,34.66646],[-77.53095,34.66577],[-77.52915,34.66668],[-77.52933,34.66829],[-77.52754,34.66921],[-77.52343,34.66621],[-77.52164,34.66713],[-77.52181,34.66874],[-77.52002,34.66965],[-77.51805,34.66896],[-77.51788,34.66735],[-77.51967,34.66644],[-77.51949,34.66483],[-77.51752,34.66414],[-77.51573,34.66505],[-77.51591,34.66666],[-77.51412,34.66758],[-77.51215,34.66689],[-77.51197,34.66528],[-77.51,34.66459],[-77.50982,34.66298],[-77.50571,34.65999],[-77.50553,34.65838],[-77.50732,34.65746],[-77.51144,34.66045],[-77.51323,34.65954],[-77.51305,34.65793],[-77.51484,34.65702],[-77.51467,34.65541],[-77.51646,34.65449],[-77.51628,34.65288],[-77.51431,34.65219],[-77.51413,34.65058],[-77.51592,34.64967],[-77.51575,34.64806],[-77.51378,34.64737],[-77.5136,34.64576],[-77.50949,34.64277],[-77.5077,34.64369],[-77.50788,34.64529],[-77.50609,34.64621],[-77.50036,34.64574],[-77.49857,34.64666],[-77.4966,34.64597],[-77.49642,34.64436],[-77.49822,34.64344],[-77.50394,34.64391],[-77.50573,34.643],[-77.50555,34.64139],[-77.50734,34.64047],[-77.51307,34.64094],[-77.51486,34.64002],[-77.51468,34.63842],[-77.52023,34.63728],[-77.52005,34.63567],[-77.51809,34.63498],[-77.51791,34.63337],[-77.51218,34.6329],[-77.51201,34.6313],[-77.51755,34.63016],[-77.51738,34.62855],[-77.51541,34.62786],[-77.51523,34.62625],[-77.51327,34.62556],[-77.51309,34.62395],[-77.50736,34.62349],[-77.50719,34.62188],[-77.50898,34.62096],[-77.5088,34.61936],[-77.50683,34.61867],[-77.50666,34.61706],[-77.50845,34.61614],[-77.51417,34.61661],[-77.51435,34.61822],[-77.51631,34.61891],[-77.5181,34.618],[-77.52007,34.61869],[-77.52186,34.61777],[-77.52168,34.61616],[-77.52347,34.61525],[-77.52544,34.61594],[-77.53098,34.6148],[-77.53509,34.61779],[-77.53688,34.61687],[-77.5367,34.61527],[-77.53849,34.61435],[-77.53831,34.61275],[-77.5401,34.61183],[-77.54207,34.61252],[-77.54225,34.61413],[-77.54046,34.61504],[-77.54064,34.61665],[-77.5426,34.61734],[-77.54278,34.61895],[-77.54099,34.61986],[-77.54117,34.62147],[-77.54528,34.62446],[-77.54546,34.62607],[-77.54367,34.62698],[-77.54171,34.62629],[-77.54153,34.62468],[-77.53742,34.62169],[-77.53563,34.62261],[-77.5358,34.62422],[-77.53992,34.62721],[-77.54009,34.62881],[-77.54582,34.62928],[-77.546,34.63089],[-77.54421,34.6318],[-77.53848,34.63134],[-77.53669,34.63225],[-77.53687,34.63386]],[[-77.52112,34.64531],[-77.51915,34.64462],[-77.51736,34.64554],[-77.51754,34.64715],[-77.5195,34.64784],[-77.5213,34.64692],[-77.52112,34.64531]],[[-77.52504,34.66369],[-77.52486,34.66208],[-77.52075,34.65909],[-77.51896,34.66001],[-77.51913,34.66161],[-77.5211,34.66231],[-77.52128,34.66391],[-77.52325,34.66461],[-77.52504,34.66369]],[[-77.5315,34.63661],[-77.53132,34.635],[-77.52936,34.63431],[-77.52918,34.6327],[-77.52346,34.63223],[-77.52167,34.63315],[-77.52184,34.63476],[-77.52757,34.63522],[-77.52775,34.63683],[-77.52971,34.63752],[-77.5315,34.63661]],[[-77.52612,34.65634],[-77.52594,34.65474],[-77.52397,34.65404],[-77.52218,34.65496],[-77.52236,34.65657],[-77.52433,34.65726],[-77.52612,34.65634]],[[-77.53185,34.65681],[-77.53364,34.65589],[-77.53346,34.65429],[-77.53149,34.6536],[-77.5297,34.65451],[-77.52988,34.65612],[-77.53185,34.65681]],[[-77.53256,34.66324],[-77.53453,34.66393],[-77.53632,34.66302],[-77.53614,34.66141],[-77.53417,34.66072],[-77.53238,34.66163],[-77.53256,34.66324]],[[-77.53936,34.65636],[-77.5374,34.65567],[-77.53561,34.65659],[-77.53578,34.65819],[-77.53775,34.65889],[-77.53954,34.65797],[-77.53936,34.65636]]]}},{"type":"Feature","properties":{"sqmi":6.21},"geometry":{"type":"Polygon","coordinates":[[[-80.97709,32.64602],[-80.9757,32.64722],[-80.97057,32.64734],[-80.96919,32.64855],[-80.96968,32.6503],[-80.9683,32.65151],[-80.96317,32.65163],[-80.96179,32.65283],[-80.96228,32.65459],[-80.96089,32.65579],[-80.95902,32.65525],[-80.95764,32.65646],[-80.95813,32.65821],[-80.95675,32.65941],[-80.95724,32.66116],[-80.95911,32.66171],[-80.9596,32.66346],[-80.95822,32.66467],[-80.95309,32.66478],[-80.95171,32.66599],[-80.9522,32.66774],[-80.95081,32.66895],[-80.94894,32.6684],[-80.94756,32.66961],[-80.94805,32.67136],[-80.94667,32.67257],[-80.94716,32.67432],[-80.94577,32.67553],[-80.94626,32.67728],[-80.94488,32.67848],[-80.94537,32.68023],[-80.94399,32.68144],[-80.93975,32.6786],[-80.93926,32.67685],[-80.94064,32.67564],[-80.94015,32.67389],[-80.93828,32.67335],[-80.93779,32.6716],[-80.93917,32.67039],[-80.94105,32.67093],[-80.94154,32.67269],[-80.94341,32.67323],[-80.94479,32.67202],[-80.9443,32.67027],[-80.94568,32.66907],[-80.94519,32.66731],[-80.94658,32.66611],[-80.94609,32.66436],[-80.94185,32.66152],[-80.94136,32.65977],[-80.94274,32.65856],[-80.94225,32.65681],[-80.94364,32.6556],[-80.94551,32.65615],[-80.94689,32.65494],[-80.9464,32.65319],[-80.94453,32.65264],[-80.94314,32.65385],[-80.93891,32.65101],[-80.93753,32.65222],[-80.93802,32.65397],[-80.93663,32.65517],[-80.93476,32.65463],[-80.93427,32.65288],[-80.93565,32.65167],[-80.93516,32.64992],[-80.93655,32.64871],[-80.93606,32.64696],[-80.93744,32.64576],[-80.93695,32.644],[-80.93508,32.64346],[-80.93459,32.64171],[-80.92946,32.64183],[-80.92897,32.64007],[-80.93035,32.63887],[-80.92986,32.63712],[-80.93124,32.63591],[-80.93637,32.63579],[-80.93775,32.63459],[-80.93726,32.63283],[-80.93214,32.63295],[-80.93165,32.6312],[-80.93303,32.62999],[-80.93254,32.62824],[-80.93067,32.6277],[-80.93018,32.62595],[-80.93156,32.62474],[-80.93343,32.62529],[-80.93481,32.62408],[-80.93905,32.62692],[-80.94043,32.62571],[-80.93994,32.62396],[-80.93807,32.62342],[-80.93758,32.62166],[-80.93896,32.62046],[-80.94083,32.621],[-80.94221,32.6198],[-80.94409,32.62034],[-80.94547,32.61913],[-80.94498,32.61738],[-80.94636,32.61617],[-80.95059,32.61901],[-80.95198,32.61781],[-80.95385,32.61835],[-80.95434,32.6201],[-80.95296,32.62131],[-80.95108,32.62077],[-80.9497,32.62197],[-80.95019,32.62372],[-80.95207,32.62427],[-80.95345,32.62306],[-80.95532,32.6236],[-80.9567,32.6224],[-80.95858,32.62294],[-80.95996,32.62173],[-80.96419,32.62457],[-80.96468,32.62633],[-80.96981,32.62621],[-80.9703,32.62796],[-80.97218,32.6285],[-80.97356,32.62729],[-80.97543,32.62784],[-80.97681,32.62663],[-80.97632,32.62488],[-80.97771,32.62367],[-80.98194,32.62651],[-80.98333,32.6253],[-80.9852,32.62585],[-80.98569,32.6276],[-80.98431,32.62881],[-80.98243,32.62826],[-80.98105,32.62947],[-80.98154,32.63122],[-80.98342,32.63177],[-80.98391,32.63352],[-80.98253,32.63473],[-80.98302,32.63648],[-80.98163,32.63768],[-80.97976,32.63714],[-80.97838,32.63835],[-80.97887,32.6401],[-80.98074,32.64064],[-80.98123,32.64239],[-80.97985,32.6436],[-80.97798,32.64306],[-80.97659,32.64427],[-80.97709,32.64602]],[[-80.93833,32.6428],[-80.9402,32.64334],[-80.94159,32.64214],[-80.9411,32.64038],[-80.93922,32.63984],[-80.93784,32.64105],[-80.93833,32.6428]],[[-80.94052,32.63217],[-80.94101,32.63392],[-80.94288,32.63447],[-80.94426,32.63326],[-80.94377,32.63151],[-80.9419,32.63097],[-80.94052,32.63217]],[[-80.94631,32.64673],[-80.94493,32.64793],[-80.94542,32.64969],[-80.94966,32.65253],[-80.95104,32.65132],[-80.95055,32.64957],[-80.95193,32.64836],[-80.95144,32.64661],[-80.94631,32.64673]],[[-80.97128,32.63146],[-80.96941,32.63092],[-80.96803,32.63212],[-80.96852,32.63388],[-80.97039,32.63442],[-80.97178,32.63321],[-80.97128,32.63146]]]}},{"type":"Feature","properties":{"sqmi":5.64},"geometry":{"type":"Polygon","coordinates":[[[-76.99924,35.25567],[-77.00107,35.25476],[-77.0009,35.25313],[-76.99892,35.25243],[-76.99876,35.2508],[-77.00058,35.24988],[-77.00042,35.24826],[-76.99843,35.24755],[-76.99827,35.24593],[-77.00009,35.24501],[-76.99993,35.24339],[-77.00556,35.24226],[-77.00754,35.24297],[-77.00771,35.24459],[-77.00969,35.2453],[-77.01151,35.24438],[-77.01135,35.24276],[-77.00937,35.24205],[-77.0092,35.24042],[-77.01102,35.23951],[-77.01086,35.23788],[-77.01268,35.23697],[-77.01467,35.23767],[-77.01483,35.2393],[-77.01682,35.24],[-77.01698,35.24163],[-77.01896,35.24233],[-77.01913,35.24396],[-77.02111,35.24466],[-77.02293,35.24375],[-77.02277,35.24212],[-77.02459,35.24121],[-77.02443,35.23958],[-77.02625,35.23866],[-77.02824,35.23937],[-77.03006,35.23845],[-77.03204,35.23916],[-77.03386,35.23824],[-77.03965,35.23874],[-77.04148,35.23782],[-77.04131,35.2362],[-77.04313,35.23528],[-77.04512,35.23598],[-77.04528,35.23761],[-77.04727,35.23831],[-77.04743,35.23994],[-77.04942,35.24064],[-77.04958,35.24227],[-77.04395,35.2434],[-77.04412,35.24502],[-77.0461,35.24573],[-77.04626,35.24735],[-77.04444,35.24827],[-77.04246,35.24756],[-77.04229,35.24594],[-77.04031,35.24523],[-77.03849,35.24615],[-77.03865,35.24778],[-77.04064,35.24848],[-77.0408,35.25011],[-77.04279,35.25081],[-77.04295,35.25244],[-77.04493,35.25314],[-77.0451,35.25477],[-77.04708,35.25547],[-77.04725,35.2571],[-77.04543,35.25802],[-77.04559,35.25964],[-77.04758,35.26035],[-77.04774,35.26197],[-77.04973,35.26268],[-77.04989,35.2643],[-77.04807,35.26522],[-77.04823,35.26685],[-77.05403,35.26734],[-77.05419,35.26897],[-77.04856,35.2701],[-77.04872,35.27172],[-77.0469,35.27264],[-77.04111,35.27214],[-77.03928,35.27306],[-77.03945,35.27469],[-77.03762,35.27561],[-77.03779,35.27723],[-77.03977,35.27794],[-77.03994,35.27956],[-77.04193,35.28027],[-77.04209,35.2819],[-77.03646,35.28302],[-77.03662,35.28465],[-77.0348,35.28557],[-77.03281,35.28486],[-77.03099,35.28578],[-77.03115,35.28741],[-77.03314,35.28811],[-77.0333,35.28974],[-77.03148,35.29066],[-77.02949,35.28995],[-77.02933,35.28832],[-77.02734,35.28762],[-77.02718,35.28599],[-77.02138,35.28549],[-77.01956,35.28641],[-77.01757,35.28571],[-77.01741,35.28408],[-77.01161,35.28358],[-77.01145,35.28196],[-77.00946,35.28125],[-77.0093,35.27963],[-77.00731,35.27892],[-77.00715,35.27729],[-77.00897,35.27638],[-77.01096,35.27708],[-77.01112,35.27871],[-77.01311,35.27942],[-77.01493,35.2785],[-77.01477,35.27687],[-77.01278,35.27617],[-77.01262,35.27454],[-77.00682,35.27404],[-77.00666,35.27242],[-77.00468,35.27171],[-77.00451,35.27009],[-77.00253,35.26938],[-77.00237,35.26775],[-77.00419,35.26684],[-77.00403,35.26521],[-77.00204,35.2645],[-77.00188,35.26288],[-77.0037,35.26196],[-77.00354,35.26034],[-77.00155,35.25963],[-77.00139,35.25801],[-76.99941,35.2573],[-76.99924,35.25567]],[[-77.01994,35.25208],[-77.01796,35.25137],[-77.01613,35.25229],[-77.0163,35.25391],[-77.01828,35.25462],[-77.01845,35.25625],[-77.01662,35.25716],[-77.01679,35.25879],[-77.01877,35.2595],[-77.01893,35.26112],[-77.01711,35.26204],[-77.01727,35.26366],[-77.01545,35.26458],[-77.01347,35.26387],[-77.0133,35.26225],[-77.01513,35.26133],[-77.01496,35.25971],[-77.01298,35.259],[-77.00735,35.26013],[-77.00751,35.26175],[-77.00569,35.26267],[-77.00585,35.26429],[-77.00783,35.265],[-77.008,35.26663],[-77.00998,35.26733],[-77.01015,35.26896],[-77.00832,35.26988],[-77.00849,35.2715],[-77.01047,35.27221],[-77.01229,35.27129],[-77.01213,35.26967],[-77.01395,35.26875],[-77.01379,35.26712],[-77.01561,35.26621],[-77.0176,35.26691],[-77.01776,35.26854],[-77.01975,35.26924],[-77.02157,35.26833],[-77.02141,35.2667],[-77.01942,35.26599],[-77.01926,35.26437],[-77.02108,35.26345],[-77.02092,35.26183],[-77.02274,35.26091],[-77.02473,35.26162],[-77.02489,35.26324],[-77.02307,35.26416],[-77.02323,35.26578],[-77.02522,35.26649],[-77.02704,35.26557],[-77.02688,35.26395],[-77.03251,35.26282],[-77.03234,35.26119],[-77.03036,35.26049],[-77.03019,35.25886],[-77.03582,35.25773],[-77.03566,35.25611],[-77.03368,35.2554],[-77.03185,35.25632],[-77.02606,35.25582],[-77.02424,35.25674],[-77.02225,35.25604],[-77.02209,35.25441],[-77.0201,35.2537],[-77.01994,35.25208]],[[-77.01249,35.25413],[-77.01067,35.25504],[-77.01083,35.25667],[-77.01281,35.25737],[-77.01464,35.25646],[-77.01447,35.25483],[-77.01249,35.25413]],[[-77.02024,35.27412],[-77.02206,35.2732],[-77.0219,35.27158],[-77.0161,35.27108],[-77.01428,35.272],[-77.01444,35.27362],[-77.02024,35.27412]],[[-77.01708,35.28083],[-77.01907,35.28154],[-77.02089,35.28062],[-77.02073,35.27899],[-77.01874,35.27829],[-77.01692,35.2792],[-77.01708,35.28083]],[[-77.0216,35.24954],[-77.02176,35.25116],[-77.02375,35.25187],[-77.02391,35.25349],[-77.0259,35.2542],[-77.02772,35.25328],[-77.02756,35.25166],[-77.02938,35.25074],[-77.03136,35.25145],[-77.03153,35.25307],[-77.03351,35.25378],[-77.03533,35.25286],[-77.03517,35.25124],[-77.03699,35.25032],[-77.03683,35.24869],[-77.03484,35.24799],[-77.03468,35.24636],[-77.0327,35.24566],[-77.03253,35.24403],[-77.03435,35.24311],[-77.03419,35.24149],[-77.0322,35.24078],[-77.02658,35.24191],[-77.02674,35.24354],[-77.02492,35.24445],[-77.02508,35.24608],[-77.02707,35.24679],[-77.02889,35.24587],[-77.03087,35.24657],[-77.03104,35.2482],[-77.02921,35.24912],[-77.02723,35.24841],[-77.0216,35.24954]],[[-77.04227,35.26473],[-77.03664,35.26586],[-77.03681,35.26748],[-77.03879,35.26819],[-77.04442,35.26706],[-77.04426,35.26543],[-77.04608,35.26452],[-77.04592,35.26289],[-77.04393,35.26218],[-77.04211,35.2631],[-77.04227,35.26473]],[[-77.038,35.24128],[-77.03816,35.2429],[-77.04014,35.24361],[-77.04197,35.24269],[-77.0418,35.24107],[-77.03982,35.24036],[-77.038,35.24128]]]}},{"type":"Feature","properties":{"sqmi":5.58},"geometry":{"type":"Polygon","coordinates":[[[-80.69999,32.72427],[-80.69861,32.72547],[-80.6991,32.72722],[-80.70096,32.72777],[-80.70145,32.72952],[-80.70007,32.73072],[-80.70055,32.73247],[-80.69917,32.73367],[-80.6973,32.73312],[-80.69592,32.73432],[-80.69641,32.73607],[-80.69502,32.73727],[-80.68991,32.73737],[-80.68942,32.73562],[-80.69081,32.73442],[-80.69032,32.73267],[-80.68846,32.73213],[-80.68707,32.73333],[-80.68521,32.73278],[-80.68383,32.73398],[-80.68196,32.73343],[-80.68148,32.73168],[-80.68286,32.73048],[-80.68472,32.73103],[-80.6861,32.72983],[-80.68562,32.72808],[-80.687,32.72688],[-80.69212,32.72677],[-80.6935,32.72557],[-80.69301,32.72382],[-80.69115,32.72328],[-80.68976,32.72448],[-80.6879,32.72393],[-80.68652,32.72513],[-80.68465,32.72458],[-80.68327,32.72578],[-80.6814,32.72523],[-80.68002,32.72643],[-80.67816,32.72589],[-80.67767,32.72414],[-80.67905,32.72294],[-80.67857,32.72119],[-80.67995,32.71999],[-80.67947,32.71824],[-80.6776,32.71769],[-80.67712,32.71594],[-80.6785,32.71474],[-80.68036,32.71529],[-80.68174,32.71409],[-80.68126,32.71234],[-80.67939,32.71179],[-80.67801,32.71299],[-80.67615,32.71244],[-80.67477,32.71364],[-80.6729,32.7131],[-80.67242,32.71135],[-80.6738,32.71015],[-80.67566,32.71069],[-80.67704,32.70949],[-80.67656,32.70774],[-80.67794,32.70654],[-80.68216,32.70939],[-80.68264,32.71114],[-80.68451,32.71169],[-80.68499,32.71344],[-80.68361,32.71464],[-80.68409,32.71638],[-80.68921,32.71628],[-80.69059,32.71508],[-80.69246,32.71563],[-80.69384,32.71443],[-80.69335,32.71268],[-80.68824,32.71278],[-80.68775,32.71103],[-80.68589,32.71049],[-80.6854,32.70874],[-80.68119,32.70589],[-80.6807,32.70414],[-80.67559,32.70425],[-80.67511,32.7025],[-80.67324,32.70195],[-80.67276,32.7002],[-80.67414,32.699],[-80.67835,32.70184],[-80.67973,32.70064],[-80.6816,32.70119],[-80.68208,32.70294],[-80.6863,32.70579],[-80.68678,32.70754],[-80.68865,32.70808],[-80.68914,32.70983],[-80.69425,32.70973],[-80.69473,32.71148],[-80.6966,32.71202],[-80.69708,32.71377],[-80.6957,32.71497],[-80.69619,32.71672],[-80.70041,32.71957],[-80.70179,32.71837],[-80.70365,32.71892],[-80.70504,32.71771],[-80.7069,32.71826],[-80.70828,32.71706],[-80.7078,32.71531],[-80.70358,32.71247],[-80.7031,32.71072],[-80.70448,32.70952],[-80.70399,32.70777],[-80.69977,32.70492],[-80.69929,32.70317],[-80.70067,32.70197],[-80.70578,32.70187],[-80.70717,32.70067],[-80.70668,32.69892],[-80.70806,32.69771],[-80.70993,32.69826],[-80.71131,32.69706],[-80.71318,32.69761],[-80.71366,32.69936],[-80.71228,32.70056],[-80.71277,32.70231],[-80.71698,32.70515],[-80.71747,32.7069],[-80.72258,32.7068],[-80.72397,32.70559],[-80.72348,32.70385],[-80.71837,32.70395],[-80.71788,32.7022],[-80.71926,32.701],[-80.72438,32.70089],[-80.72576,32.69969],[-80.72527,32.69794],[-80.72016,32.69805],[-80.71967,32.6963],[-80.71781,32.69575],[-80.71732,32.694],[-80.7187,32.6928],[-80.72382,32.69269],[-80.7243,32.69444],[-80.72617,32.69499],[-80.72755,32.69379],[-80.72942,32.69434],[-80.7299,32.69609],[-80.72852,32.69729],[-80.72901,32.69904],[-80.73323,32.70188],[-80.73371,32.70363],[-80.73558,32.70418],[-80.73607,32.70593],[-80.73793,32.70648],[-80.73931,32.70527],[-80.73883,32.70352],[-80.74021,32.70232],[-80.74208,32.70287],[-80.74346,32.70167],[-80.74297,32.69992],[-80.73786,32.70003],[-80.73737,32.69828],[-80.73875,32.69707],[-80.73827,32.69533],[-80.73965,32.69412],[-80.73916,32.69237],[-80.73405,32.69248],[-80.73356,32.69073],[-80.73494,32.68953],[-80.73446,32.68778],[-80.73259,32.68723],[-80.73211,32.68548],[-80.73024,32.68494],[-80.72975,32.68319],[-80.73113,32.68198],[-80.73065,32.68023],[-80.73139,32.67959],[-80.73413,32.68155],[-80.733,32.68253],[-80.73349,32.68428],[-80.73535,32.68483],[-80.73674,32.68363],[-80.7386,32.68417],[-80.73998,32.68297],[-80.74185,32.68352],[-80.74234,32.68527],[-80.74095,32.68647],[-80.73909,32.68592],[-80.73771,32.68712],[-80.73819,32.68887],[-80.74006,32.68942],[-80.74144,32.68822],[-80.74331,32.68877],[-80.74469,32.68756],[-80.74891,32.69041],[-80.75029,32.68921],[-80.74981,32.68746],[-80.75062,32.68675],[-80.75541,32.6891],[-80.75679,32.6879],[-80.75866,32.68844],[-80.76004,32.68724],[-80.76191,32.68779],[-80.76239,32.68954],[-80.76101,32.69074],[-80.7615,32.69249],[-80.76012,32.69369],[-80.7606,32.69544],[-80.75922,32.69664],[-80.75971,32.69839],[-80.75832,32.6996],[-80.75646,32.69905],[-80.75507,32.70025],[-80.75556,32.702],[-80.75418,32.7032],[-80.75231,32.70266],[-80.75093,32.70386],[-80.75142,32.70561],[-80.75003,32.70681],[-80.74817,32.70626],[-80.74768,32.70451],[-80.74256,32.70462],[-80.74118,32.70582],[-80.74167,32.70757],[-80.74029,32.70877],[-80.74077,32.71052],[-80.73939,32.71172],[-80.73752,32.71118],[-80.73614,32.71238],[-80.73427,32.71183],[-80.73289,32.71303],[-80.73102,32.71249],[-80.72964,32.71369],[-80.73013,32.71544],[-80.72875,32.71664],[-80.72688,32.71609],[-80.7255,32.71729],[-80.72363,32.71674],[-80.72225,32.71795],[-80.72038,32.7174],[-80.719,32.7186],[-80.71713,32.71805],[-80.71575,32.71925],[-80.71388,32.71871],[-80.7125,32.71991],[-80.71064,32.71936],[-80.70925,32.72056],[-80.70974,32.72231],[-80.70836,32.72351],[-80.70649,32.72296],[-80.70511,32.72416],[-80.70089,32.72132],[-80.69951,32.72252],[-80.69999,32.72427]],[[-80.68644,32.71868],[-80.68506,32.71988],[-80.68555,32.72163],[-80.69066,32.72153],[-80.69204,32.72033],[-80.69156,32.71858],[-80.68969,32.71803],[-80.68831,32.71923],[-80.68644,32.71868]],[[-80.73468,32.70713],[-80.73282,32.70658],[-80.73143,32.70779],[-80.73192,32.70953],[-80.73379,32.71008],[-80.73517,32.70888],[-80.73468,32.70713]],[[-80.7476,32.69806],[-80.74712,32.69631],[-80.7485,32.69511],[-80.74801,32.69336],[-80.7429,32.69347],[-80.74152,32.69467],[-80.742,32.69642],[-80.74622,32.69926],[-80.7476,32.69806]],[[-80.75825,32.69314],[-80.75776,32.69139],[-80.75589,32.69085],[-80.75451,32.69205],[-80.755,32.6938],[-80.75362,32.695],[-80.7541,32.69675],[-80.75597,32.6973],[-80.75735,32.6961],[-80.75687,32.69435],[-80.75825,32.69314]]]}},{"type":"Feature","properties":{"sqmi":5.03},"geometry":{"type":"Polygon","coordinates":[[[-77.45565,34.63464],[-77.45744,34.63373],[-77.45726,34.63212],[-77.45905,34.6312],[-77.46102,34.6319],[-77.4612,34.6335],[-77.45941,34.63442],[-77.45958,34.63603],[-77.46155,34.63672],[-77.46172,34.63833],[-77.45993,34.63924],[-77.46011,34.64085],[-77.45832,34.64176],[-77.45849,34.64337],[-77.46422,34.64384],[-77.46439,34.64545],[-77.4626,34.64636],[-77.46278,34.64797],[-77.46474,34.64866],[-77.46492,34.65027],[-77.46313,34.65119],[-77.4633,34.65279],[-77.46151,34.65371],[-77.46169,34.65532],[-77.46365,34.65601],[-77.46383,34.65762],[-77.45828,34.65875],[-77.45255,34.65828],[-77.45238,34.65668],[-77.45417,34.65576],[-77.45399,34.65415],[-77.44988,34.65116],[-77.44971,34.64955],[-77.4515,34.64864],[-77.45133,34.64703],[-77.45312,34.64611],[-77.45294,34.64451],[-77.45097,34.64381],[-77.44918,34.64473],[-77.44936,34.64634],[-77.44757,34.64725],[-77.44184,34.64678],[-77.44005,34.64769],[-77.44022,34.6493],[-77.44595,34.64977],[-77.44612,34.65138],[-77.44057,34.65252],[-77.43861,34.65182],[-77.43682,34.65274],[-77.43699,34.65435],[-77.4352,34.65526],[-77.43323,34.65457],[-77.43306,34.65296],[-77.43485,34.65205],[-77.43467,34.65044],[-77.43647,34.64952],[-77.43629,34.64792],[-77.43432,34.64722],[-77.43253,34.64814],[-77.43271,34.64975],[-77.43091,34.65066],[-77.43109,34.65227],[-77.42554,34.6534],[-77.42571,34.65501],[-77.42768,34.6557],[-77.42785,34.65731],[-77.42606,34.65823],[-77.42624,34.65983],[-77.43034,34.66283],[-77.43052,34.66444],[-77.42873,34.66535],[-77.42462,34.66236],[-77.42282,34.66327],[-77.41872,34.66028],[-77.41316,34.66141],[-77.41334,34.66302],[-77.41154,34.66393],[-77.41172,34.66554],[-77.41369,34.66624],[-77.41386,34.66784],[-77.41207,34.66876],[-77.41224,34.67037],[-77.41421,34.67106],[-77.416,34.67015],[-77.41797,34.67084],[-77.41976,34.66993],[-77.41959,34.66832],[-77.42138,34.6674],[-77.42711,34.66788],[-77.42728,34.66948],[-77.42925,34.67018],[-77.42942,34.67178],[-77.42763,34.6727],[-77.42781,34.67431],[-77.42977,34.675],[-77.42995,34.67661],[-77.43192,34.6773],[-77.43257,34.67908],[-77.43073,34.67951],[-77.43037,34.68048],[-77.42833,34.67913],[-77.42654,34.68005],[-77.42671,34.68166],[-77.42792,34.68208],[-77.42568,34.68333],[-77.42584,34.68444],[-77.4233,34.6851],[-77.42133,34.6844],[-77.41954,34.68532],[-77.41971,34.68692],[-77.41792,34.68784],[-77.41809,34.68945],[-77.4163,34.69036],[-77.41433,34.68967],[-77.41416,34.68806],[-77.41219,34.68737],[-77.41201,34.68576],[-77.41381,34.68484],[-77.41577,34.68554],[-77.41757,34.68462],[-77.41739,34.68301],[-77.41543,34.68232],[-77.41363,34.68323],[-77.41167,34.68254],[-77.41149,34.68093],[-77.41705,34.6798],[-77.41901,34.68049],[-77.41919,34.6821],[-77.42116,34.68279],[-77.42295,34.68188],[-77.42277,34.68027],[-77.42081,34.67958],[-77.42063,34.67797],[-77.42243,34.67705],[-77.42225,34.67544],[-77.42405,34.67453],[-77.42387,34.67292],[-77.42566,34.67201],[-77.42549,34.6704],[-77.42352,34.6697],[-77.42173,34.67062],[-77.4219,34.67223],[-77.42011,34.67314],[-77.42028,34.67475],[-77.41849,34.67567],[-77.41276,34.67519],[-77.41259,34.67358],[-77.40848,34.67059],[-77.40831,34.66898],[-77.4101,34.66807],[-77.40993,34.66646],[-77.40796,34.66576],[-77.40778,34.66416],[-77.40206,34.66368],[-77.40188,34.66207],[-77.40744,34.66094],[-77.40726,34.65933],[-77.40906,34.65842],[-77.40888,34.65681],[-77.40692,34.65612],[-77.40512,34.65703],[-77.4053,34.65864],[-77.4035,34.65955],[-77.3994,34.65656],[-77.39922,34.65495],[-77.40478,34.65381],[-77.4046,34.65221],[-77.40264,34.65151],[-77.40246,34.64991],[-77.40425,34.64899],[-77.40408,34.64738],[-77.40587,34.64647],[-77.40998,34.64946],[-77.41553,34.64833],[-77.41536,34.64672],[-77.41339,34.64603],[-77.41322,34.64442],[-77.41877,34.64329],[-77.41859,34.64168],[-77.42039,34.64076],[-77.42021,34.63916],[-77.422,34.63824],[-77.42183,34.63663],[-77.41986,34.63594],[-77.41969,34.63433],[-77.42148,34.63342],[-77.42559,34.63641],[-77.42576,34.63802],[-77.42397,34.63894],[-77.42414,34.64054],[-77.42987,34.64101],[-77.43004,34.64262],[-77.43201,34.64332],[-77.4338,34.6424],[-77.43363,34.64079],[-77.43166,34.6401],[-77.43148,34.63849],[-77.43328,34.63758],[-77.4331,34.63597],[-77.43865,34.63484],[-77.43848,34.63323],[-77.44027,34.63231],[-77.44009,34.63071],[-77.44188,34.62979],[-77.44171,34.62819],[-77.43974,34.62749],[-77.43957,34.62589],[-77.44136,34.62497],[-77.44118,34.62336],[-77.44673,34.62223],[-77.44656,34.62062],[-77.44835,34.61971],[-77.45031,34.6204],[-77.45586,34.61926],[-77.45783,34.61996],[-77.458,34.62156],[-77.45246,34.6227],[-77.45049,34.62201],[-77.4487,34.62292],[-77.44887,34.62453],[-77.44708,34.62544],[-77.44512,34.62475],[-77.44333,34.62566],[-77.4435,34.62727],[-77.44547,34.62796],[-77.45101,34.62683],[-77.45298,34.62752],[-77.45316,34.62913],[-77.45136,34.63004],[-77.45154,34.63165],[-77.44975,34.63256],[-77.44992,34.63417],[-77.44813,34.63508],[-77.44403,34.63209],[-77.44223,34.63301],[-77.44241,34.63461],[-77.44062,34.63553],[-77.44079,34.63714],[-77.44652,34.63761],[-77.44669,34.63921],[-77.44866,34.63991],[-77.45045,34.63899],[-77.45027,34.63738],[-77.45207,34.63647],[-77.45189,34.63486],[-77.45368,34.63395],[-77.45565,34.63464]],[[-77.41443,34.65567],[-77.41426,34.65407],[-77.41229,34.65337],[-77.41212,34.65177],[-77.41015,34.65107],[-77.40836,34.65199],[-77.40853,34.65359],[-77.41264,34.65659],[-77.41282,34.6582],[-77.41478,34.65889],[-77.41658,34.65798],[-77.4164,34.65637],[-77.41443,34.65567]],[[-77.41802,34.65385],[-77.41819,34.65545],[-77.42016,34.65615],[-77.42195,34.65523],[-77.42178,34.65362],[-77.41981,34.65293],[-77.41964,34.65132],[-77.42143,34.65041],[-77.42126,34.6488],[-77.41929,34.64811],[-77.4175,34.64902],[-77.41767,34.65063],[-77.41588,34.65154],[-77.41605,34.65315],[-77.41802,34.65385]],[[-77.45617,34.63946],[-77.45797,34.63855],[-77.45779,34.63694],[-77.45582,34.63625],[-77.45403,34.63716],[-77.45421,34.63877],[-77.45617,34.63946]],[[-77.45579,34.65324],[-77.45775,34.65393],[-77.45954,34.65302],[-77.45937,34.65141],[-77.4574,34.65072],[-77.45561,34.65163],[-77.45579,34.65324]]]}},{"type":"Feature","properties":{"sqmi":4.76},"geometry":{"type":"Polygon","coordinates":[[[-81.52655,31.33574],[-81.52842,31.33627],[-81.52892,31.33802],[-81.53078,31.33855],[-81.53215,31.33731],[-81.53166,31.33555],[-81.52979,31.33503],[-81.52929,31.33327],[-81.53066,31.33204],[-81.53253,31.33256],[-81.53302,31.33432],[-81.53726,31.33713],[-81.53776,31.33888],[-81.53962,31.33941],[-81.54012,31.34117],[-81.54435,31.34397],[-81.54485,31.34573],[-81.54672,31.34625],[-81.54722,31.34801],[-81.54585,31.34925],[-81.54635,31.35101],[-81.55058,31.35381],[-81.55108,31.35557],[-81.54971,31.35681],[-81.54784,31.35628],[-81.54647,31.35752],[-81.54697,31.35928],[-81.5456,31.36051],[-81.5461,31.36227],[-81.54473,31.3635],[-81.54523,31.36526],[-81.54386,31.3665],[-81.54435,31.36826],[-81.54298,31.36949],[-81.54348,31.37125],[-81.54211,31.37248],[-81.54261,31.37424],[-81.54143,31.37616],[-81.53685,31.37181],[-81.53588,31.36801],[-81.52903,31.36599],[-81.5272,31.36375],[-81.52332,31.36191],[-81.52239,31.35968],[-81.52469,31.35876],[-81.52508,31.35806],[-81.52578,31.35983],[-81.52685,31.35906],[-81.52657,31.36006],[-81.52776,31.36017],[-81.52808,31.35984],[-81.5276,31.35887],[-81.52851,31.35922],[-81.52898,31.35789],[-81.52963,31.35926],[-81.53095,31.35941],[-81.53168,31.35898],[-81.53195,31.36011],[-81.53421,31.36036],[-81.53453,31.35946],[-81.53518,31.36007],[-81.53697,31.35929],[-81.53438,31.35931],[-81.53414,31.36011],[-81.53194,31.35984],[-81.53181,31.35875],[-81.52975,31.35901],[-81.52899,31.35769],[-81.52831,31.359],[-81.52773,31.35866],[-81.52733,31.35883],[-81.52783,31.35985],[-81.52694,31.35994],[-81.52707,31.35887],[-81.52585,31.35963],[-81.52551,31.35812],[-81.52495,31.35783],[-81.52216,31.3588],[-81.52146,31.357],[-81.51967,31.35607],[-81.52114,31.3558],[-81.52216,31.35331],[-81.52242,31.35413],[-81.52335,31.35361],[-81.52379,31.35454],[-81.525,31.35332],[-81.52468,31.35435],[-81.5251,31.35461],[-81.52687,31.35394],[-81.52769,31.35249],[-81.52505,31.35425],[-81.52514,31.35303],[-81.52387,31.35429],[-81.52362,31.35324],[-81.52264,31.35394],[-81.52248,31.35318],[-81.52201,31.35313],[-81.52091,31.35562],[-81.51143,31.35519],[-81.51111,31.35407],[-81.50924,31.35355],[-81.50875,31.35179],[-81.50688,31.35127],[-81.50551,31.3525],[-81.50128,31.34969],[-81.50078,31.34794],[-81.50215,31.3467],[-81.50402,31.34723],[-81.50539,31.34599],[-81.50489,31.34423],[-81.50302,31.34371],[-81.50253,31.34195],[-81.4983,31.33914],[-81.4978,31.33739],[-81.49917,31.33615],[-81.49867,31.33439],[-81.50004,31.33316],[-81.50514,31.33297],[-81.50564,31.33473],[-81.50751,31.33526],[-81.50888,31.33402],[-81.51074,31.33454],[-81.51211,31.33331],[-81.51398,31.33383],[-81.51535,31.3326],[-81.51485,31.33084],[-81.51622,31.32961],[-81.51809,31.33013],[-81.51859,31.33189],[-81.52369,31.3317],[-81.52419,31.33346],[-81.52605,31.33398],[-81.52655,31.33574]],[[-81.51871,31.3384],[-81.52008,31.33716],[-81.51958,31.33541],[-81.51771,31.33488],[-81.51634,31.33612],[-81.51684,31.33787],[-81.51871,31.3384]]]}},{"type":"Feature","properties":{"sqmi":4.64},"geometry":{"type":"Polygon","coordinates":[[[-81.53214,31.41015],[-81.53077,31.41139],[-81.53127,31.41315],[-81.5299,31.41438],[-81.5304,31.41614],[-81.52903,31.41737],[-81.52953,31.41913],[-81.52816,31.42036],[-81.52865,31.42212],[-81.52728,31.42336],[-81.52778,31.42511],[-81.52965,31.42564],[-81.53015,31.4274],[-81.52878,31.42863],[-81.52928,31.43039],[-81.5279,31.43162],[-81.5228,31.43181],[-81.5223,31.43005],[-81.51806,31.42724],[-81.51757,31.42548],[-81.51246,31.42567],[-81.51196,31.42391],[-81.51333,31.42268],[-81.51283,31.42092],[-81.51096,31.42039],[-81.51047,31.41863],[-81.5086,31.41811],[-81.5081,31.41635],[-81.50387,31.41354],[-81.50337,31.41178],[-81.50474,31.41055],[-81.50424,31.40879],[-81.50238,31.40827],[-81.501,31.4095],[-81.49914,31.40898],[-81.49777,31.41021],[-81.4959,31.40969],[-81.49453,31.41092],[-81.49266,31.41039],[-81.49216,31.40864],[-81.49353,31.4074],[-81.49304,31.40564],[-81.49441,31.40441],[-81.49391,31.40265],[-81.49528,31.40142],[-81.49478,31.39966],[-81.49615,31.39843],[-81.49566,31.39667],[-81.49055,31.39685],[-81.49005,31.3951],[-81.49142,31.39386],[-81.49329,31.39439],[-81.49466,31.39315],[-81.49416,31.3914],[-81.48993,31.38859],[-81.48944,31.38683],[-81.49081,31.3856],[-81.49267,31.38612],[-81.49404,31.38489],[-81.49355,31.38313],[-81.49492,31.3819],[-81.49662,31.38237],[-81.49654,31.38377],[-81.49896,31.38465],[-81.49794,31.38578],[-81.49956,31.38654],[-81.49827,31.3877],[-81.49877,31.38945],[-81.50064,31.38998],[-81.50201,31.38874],[-81.50166,31.38752],[-81.50304,31.38766],[-81.50242,31.38548],[-81.50128,31.38519],[-81.50174,31.38666],[-81.5007,31.3862],[-81.50133,31.38636],[-81.50103,31.38528],[-81.4999,31.38595],[-81.50101,31.38449],[-81.50256,31.38516],[-81.50671,31.38958],[-81.51067,31.38897],[-81.52293,31.39704],[-81.52797,31.39648],[-81.52947,31.39806],[-81.53002,31.39818],[-81.52938,31.39988],[-81.531,31.40065],[-81.5316,31.40039],[-81.53164,31.40082],[-81.53353,31.40308],[-81.53163,31.40027],[-81.52957,31.3997],[-81.53018,31.39809],[-81.52834,31.39618],[-81.53479,31.39457],[-81.53563,31.39818],[-81.53426,31.39942],[-81.53476,31.40118],[-81.53339,31.40241],[-81.53389,31.40417],[-81.53252,31.4054],[-81.53302,31.40716],[-81.53165,31.4084],[-81.53214,31.41015]]]}},{"type":"Feature","properties":{"sqmi":4.59},"geometry":{"type":"Polygon","coordinates":[[[-76.8822,35.86449],[-76.88421,35.86521],[-76.88437,35.86685],[-76.88638,35.86756],[-76.88654,35.86921],[-76.88855,35.86992],[-76.8904,35.869],[-76.89024,35.86736],[-76.89209,35.86643],[-76.89192,35.86479],[-76.88992,35.86407],[-76.88807,35.865],[-76.88606,35.86428],[-76.8859,35.86264],[-76.88775,35.86172],[-76.89312,35.86205],[-76.89218,35.86358],[-76.89296,35.86576],[-76.90199,35.8691],[-76.90384,35.87714],[-76.90533,35.87874],[-76.90293,35.87822],[-76.90109,35.87914],[-76.89908,35.87843],[-76.89723,35.87935],[-76.89522,35.87863],[-76.89337,35.87956],[-76.89136,35.87884],[-76.88951,35.87977],[-76.88751,35.87905],[-76.88566,35.87998],[-76.88582,35.88162],[-76.88397,35.88254],[-76.8781,35.88203],[-76.87625,35.88296],[-76.87641,35.8846],[-76.87071,35.88573],[-76.87087,35.88738],[-76.86902,35.8883],[-76.86701,35.88758],[-76.86516,35.88851],[-76.86532,35.89015],[-76.86347,35.89107],[-76.86146,35.89036],[-76.8613,35.88872],[-76.85543,35.88821],[-76.85359,35.88913],[-76.85374,35.89077],[-76.85575,35.89149],[-76.85591,35.89313],[-76.85406,35.89406],[-76.85205,35.89334],[-76.8519,35.8917],[-76.84989,35.89098],[-76.84418,35.89211],[-76.84217,35.8914],[-76.84201,35.88975],[-76.84,35.88904],[-76.83429,35.89017],[-76.83228,35.88945],[-76.83213,35.88781],[-76.8383,35.88209],[-76.84121,35.88155],[-76.84106,35.87991],[-76.83939,35.87931],[-76.84057,35.87498],[-76.84479,35.87173],[-76.84613,35.87221],[-76.84797,35.87129],[-76.84782,35.86964],[-76.84966,35.86872],[-76.8495,35.86708],[-76.85176,35.8663],[-76.85336,35.86687],[-76.85521,35.86595],[-76.85505,35.86431],[-76.86075,35.86318],[-76.86276,35.86389],[-76.86292,35.86553],[-76.86107,35.86646],[-76.86123,35.8681],[-76.86324,35.86881],[-76.8634,35.87046],[-76.86541,35.87117],[-76.86726,35.87025],[-76.8671,35.86861],[-76.86895,35.86768],[-76.86879,35.86604],[-76.87064,35.86512],[-76.87264,35.86583],[-76.87449,35.86491],[-76.88036,35.86542],[-76.8822,35.86449]],[[-76.89892,35.87678],[-76.90076,35.87586],[-76.9006,35.87422],[-76.89859,35.8735],[-76.89675,35.87443],[-76.89691,35.87607],[-76.89892,35.87678]]]}},{"type":"Feature","properties":{"sqmi":4.34},"geometry":{"type":"Polygon","coordinates":[[[-80.38413,32.6888],[-80.38227,32.68825],[-80.3818,32.6865],[-80.38317,32.68531],[-80.38736,32.68816],[-80.39198,32.68632],[-80.3915,32.68457],[-80.39288,32.68337],[-80.39797,32.68328],[-80.39845,32.68503],[-80.39707,32.68622],[-80.39755,32.68797],[-80.39617,32.68917],[-80.39665,32.69091],[-80.39203,32.69275],[-80.39251,32.6945],[-80.39437,32.69505],[-80.39484,32.6968],[-80.39347,32.69799],[-80.39394,32.69974],[-80.39256,32.70093],[-80.39304,32.70268],[-80.3949,32.70323],[-80.39628,32.70204],[-80.3958,32.70029],[-80.39718,32.6991],[-80.3967,32.69735],[-80.40132,32.69551],[-80.40084,32.69376],[-80.39898,32.69321],[-80.3985,32.69146],[-80.39988,32.69027],[-80.40174,32.69082],[-80.40222,32.69257],[-80.40407,32.69312],[-80.40545,32.69192],[-80.40497,32.69017],[-80.40078,32.68733],[-80.40031,32.68558],[-80.40168,32.68438],[-80.40354,32.68493],[-80.40402,32.68668],[-80.40588,32.68723],[-80.40635,32.68898],[-80.40821,32.68953],[-80.40959,32.68833],[-80.40911,32.68659],[-80.41049,32.68539],[-80.41001,32.68364],[-80.40816,32.68309],[-80.40768,32.68135],[-80.40582,32.6808],[-80.40121,32.68264],[-80.39935,32.68209],[-80.39887,32.68034],[-80.40025,32.67914],[-80.39977,32.6774],[-80.39792,32.67685],[-80.39654,32.67804],[-80.39702,32.67979],[-80.39564,32.68098],[-80.39378,32.68043],[-80.3933,32.67869],[-80.39468,32.67749],[-80.3942,32.67574],[-80.39558,32.67455],[-80.39511,32.6728],[-80.39325,32.67225],[-80.39277,32.6705],[-80.39415,32.66931],[-80.39601,32.66986],[-80.39648,32.67161],[-80.39834,32.67216],[-80.39882,32.6739],[-80.40067,32.67445],[-80.40205,32.67326],[-80.40158,32.67151],[-80.39739,32.66866],[-80.39691,32.66692],[-80.39829,32.66572],[-80.40248,32.66857],[-80.40709,32.66673],[-80.40895,32.66728],[-80.40942,32.66902],[-80.41128,32.66957],[-80.41176,32.67132],[-80.41362,32.67187],[-80.41409,32.67362],[-80.41272,32.67482],[-80.41319,32.67656],[-80.41505,32.67711],[-80.41553,32.67886],[-80.41415,32.68006],[-80.41463,32.6818],[-80.41648,32.68235],[-80.41696,32.6841],[-80.41558,32.6853],[-80.41606,32.68704],[-80.41468,32.68824],[-80.41516,32.68999],[-80.41378,32.69118],[-80.41426,32.69293],[-80.41288,32.69413],[-80.41336,32.69587],[-80.41486,32.69632],[-80.41569,32.69817],[-80.41432,32.69937],[-80.41479,32.70111],[-80.41665,32.70166],[-80.41713,32.70341],[-80.41575,32.70461],[-80.41623,32.70635],[-80.41485,32.70755],[-80.41533,32.7093],[-80.41395,32.71049],[-80.41443,32.71224],[-80.41305,32.71343],[-80.41352,32.71518],[-80.41538,32.71573],[-80.41586,32.71748],[-80.41448,32.71867],[-80.41496,32.72042],[-80.41358,32.72162],[-80.41172,32.72106],[-80.41124,32.71932],[-80.40615,32.71941],[-80.40567,32.71766],[-80.40705,32.71647],[-80.40657,32.71472],[-80.40472,32.71417],[-80.40424,32.71242],[-80.40005,32.70958],[-80.39543,32.71141],[-80.39591,32.71316],[-80.39777,32.71371],[-80.39914,32.71252],[-80.401,32.71307],[-80.40148,32.71482],[-80.4001,32.71601],[-80.40058,32.71776],[-80.3992,32.71895],[-80.39968,32.7207],[-80.40153,32.72125],[-80.40201,32.723],[-80.40063,32.72419],[-80.39554,32.72428],[-80.39506,32.72254],[-80.39087,32.71969],[-80.39039,32.71794],[-80.39177,32.71675],[-80.39129,32.715],[-80.3862,32.71509],[-80.38572,32.71335],[-80.39034,32.71151],[-80.38986,32.70976],[-80.39124,32.70857],[-80.39076,32.70682],[-80.39214,32.70562],[-80.39166,32.70388],[-80.38981,32.70333],[-80.38843,32.70452],[-80.38424,32.70167],[-80.38376,32.69993],[-80.38514,32.69873],[-80.38466,32.69698],[-80.38604,32.69579],[-80.38556,32.69404],[-80.38371,32.69349],[-80.38233,32.69469],[-80.38047,32.69413],[-80.37999,32.69239],[-80.38461,32.69055],[-80.38413,32.6888]],[[-80.38927,32.69514],[-80.3879,32.69634],[-80.38837,32.69809],[-80.39023,32.69864],[-80.39161,32.69744],[-80.39113,32.69569],[-80.38927,32.69514]],[[-80.39861,32.70434],[-80.40047,32.70489],[-80.40185,32.70369],[-80.40137,32.70194],[-80.39951,32.70139],[-80.39813,32.70259],[-80.39861,32.70434]]]}},{"type":"Feature","properties":{"sqmi":4.16},"geometry":{"type":"Polygon","coordinates":[[[-76.90033,35.85671],[-76.901,35.85853],[-76.90301,35.85924],[-76.90486,35.85832],[-76.9047,35.85668],[-76.90269,35.85596],[-76.90253,35.85432],[-76.90437,35.8534],[-76.91024,35.8539],[-76.91208,35.85298],[-76.91192,35.85134],[-76.91377,35.85041],[-76.91963,35.85092],[-76.92148,35.84999],[-76.92132,35.84835],[-76.92316,35.84743],[-76.92517,35.84814],[-76.93087,35.84701],[-76.93288,35.84772],[-76.93304,35.84936],[-76.93505,35.85008],[-76.93521,35.85172],[-76.93722,35.85243],[-76.93739,35.85407],[-76.93939,35.85479],[-76.93956,35.85643],[-76.94157,35.85715],[-76.94341,35.85622],[-76.94928,35.85672],[-76.94944,35.85836],[-76.94374,35.8595],[-76.9439,35.86114],[-76.94591,35.86186],[-76.95161,35.86072],[-76.95362,35.86144],[-76.95378,35.86308],[-76.95194,35.864],[-76.9521,35.86564],[-76.9464,35.86678],[-76.94656,35.86842],[-76.94471,35.86935],[-76.9427,35.86863],[-76.94086,35.86956],[-76.94102,35.8712],[-76.93917,35.87212],[-76.9333,35.87162],[-76.93146,35.87254],[-76.93162,35.87418],[-76.92977,35.87511],[-76.92391,35.8746],[-76.92206,35.87553],[-76.92005,35.87481],[-76.9182,35.87574],[-76.91836,35.87738],[-76.91652,35.8783],[-76.91065,35.8778],[-76.9088,35.87872],[-76.90471,35.87697],[-76.90336,35.87003],[-76.90207,35.86822],[-76.89321,35.86451],[-76.8939,35.86208],[-76.90014,35.85788],[-76.90033,35.85671]],[[-76.93136,35.85193],[-76.9312,35.85029],[-76.92919,35.84957],[-76.92734,35.8505],[-76.9275,35.85214],[-76.92951,35.85285],[-76.93136,35.85193]]]}},{"type":"Feature","properties":{"sqmi":4.0},"geometry":{"type":"Polygon","coordinates":[[[-79.37444,33.14691],[-79.37455,33.14603],[-79.37364,33.14641],[-79.37267,33.14874],[-79.36879,33.15087],[-79.37521,33.14827],[-79.37554,33.14953],[-79.37416,33.1507],[-79.37233,33.15013],[-79.37095,33.1513],[-79.37141,33.15304],[-79.37003,33.15421],[-79.3682,33.15364],[-79.36361,33.15541],[-79.36178,33.15484],[-79.35904,33.1508],[-79.36041,33.14963],[-79.36225,33.1502],[-79.36362,33.14903],[-79.36317,33.1473],[-79.36133,33.14673],[-79.35675,33.1485],[-79.35492,33.14793],[-79.35446,33.1462],[-79.35034,33.14332],[-79.34989,33.14159],[-79.35126,33.14042],[-79.3531,33.14099],[-79.35355,33.14272],[-79.35538,33.14329],[-79.35676,33.14212],[-79.3563,33.14038],[-79.35768,33.13921],[-79.35951,33.13978],[-79.36089,33.13861],[-79.36043,33.13688],[-79.36181,33.13571],[-79.36685,33.13567],[-79.36823,33.1345],[-79.36777,33.13276],[-79.36594,33.1322],[-79.36548,33.13046],[-79.36686,33.12929],[-79.37098,33.13216],[-79.37236,33.13099],[-79.37419,33.13156],[-79.37557,33.13039],[-79.37511,33.12865],[-79.37649,33.12748],[-79.37603,33.12575],[-79.37741,33.12458],[-79.38245,33.12454],[-79.3829,33.12628],[-79.38474,33.12684],[-79.38611,33.12567],[-79.38337,33.12163],[-79.38795,33.11986],[-79.38979,33.12043],[-79.39116,33.11926],[-79.39071,33.11752],[-79.39208,33.11635],[-79.39392,33.11691],[-79.39529,33.11574],[-79.39484,33.11401],[-79.39621,33.11284],[-79.39804,33.1134],[-79.39942,33.11223],[-79.39896,33.1105],[-79.40034,33.10932],[-79.40446,33.11219],[-79.40905,33.11042],[-79.41088,33.11099],[-79.41134,33.11272],[-79.40996,33.11389],[-79.40813,33.11333],[-79.40675,33.1145],[-79.40721,33.11624],[-79.40583,33.11741],[-79.40858,33.12145],[-79.4072,33.12262],[-79.40537,33.12205],[-79.40399,33.12322],[-79.40445,33.12496],[-79.40307,33.12613],[-79.40124,33.12556],[-79.39986,33.12673],[-79.40261,33.13077],[-79.40444,33.13134],[-79.4049,33.13308],[-79.40352,33.13425],[-79.40398,33.13598],[-79.40581,33.13655],[-79.40627,33.13829],[-79.40489,33.13946],[-79.40535,33.1412],[-79.40076,33.14297],[-79.39572,33.14301],[-79.39526,33.14127],[-79.39366,33.14077],[-79.3964,33.1392],[-79.39847,33.14067],[-79.39985,33.1395],[-79.3998,33.13711],[-79.39756,33.13719],[-79.38887,33.14257],[-79.38701,33.14191],[-79.38655,33.14017],[-79.38472,33.1396],[-79.38334,33.14077],[-79.3838,33.14251],[-79.3857,33.14334],[-79.38262,33.14443],[-79.38059,33.14311],[-79.37921,33.14428],[-79.37738,33.14372],[-79.376,33.14489],[-79.37646,33.14662],[-79.37444,33.14691]],[[-79.3618,33.14209],[-79.35997,33.14152],[-79.35859,33.14269],[-79.35905,33.14442],[-79.36088,33.14499],[-79.36226,33.14382],[-79.3618,33.14209]],[[-79.36454,33.14613],[-79.36638,33.14669],[-79.36775,33.14552],[-79.3673,33.14379],[-79.36546,33.14322],[-79.36409,33.14439],[-79.36454,33.14613]],[[-79.37187,33.1484],[-79.37325,33.14723],[-79.37279,33.14549],[-79.37096,33.14492],[-79.36958,33.14609],[-79.37004,33.14783],[-79.37187,33.1484]],[[-79.39848,33.13428],[-79.40031,33.13485],[-79.40169,33.13368],[-79.40123,33.13194],[-79.3994,33.13138],[-79.39802,33.13255],[-79.39848,33.13428]],[[-79.40171,33.11454],[-79.40033,33.11571],[-79.40079,33.11744],[-79.39941,33.11861],[-79.39987,33.12035],[-79.4017,33.12092],[-79.40308,33.11975],[-79.40262,33.11801],[-79.404,33.11684],[-79.40354,33.1151],[-79.40171,33.11454]]]}},{"type":"Feature","properties":{"sqmi":3.82},"geometry":{"type":"Polygon","coordinates":[[[-76.96747,35.63099],[-76.96547,35.63028],[-76.96531,35.62865],[-76.96331,35.62794],[-76.96315,35.6263],[-76.96115,35.62559],[-76.95931,35.62651],[-76.95947,35.62815],[-76.96147,35.62886],[-76.96163,35.63049],[-76.9598,35.63141],[-76.95996,35.63305],[-76.95812,35.63397],[-76.95828,35.63561],[-76.95644,35.63653],[-76.95444,35.63582],[-76.95428,35.63418],[-76.95612,35.63326],[-76.95596,35.63162],[-76.9578,35.6307],[-76.95763,35.62907],[-76.95563,35.62836],[-76.95547,35.62672],[-76.95731,35.6258],[-76.95715,35.62416],[-76.95515,35.62345],[-76.95331,35.62437],[-76.95131,35.62366],[-76.95115,35.62203],[-76.94531,35.62153],[-76.94515,35.61989],[-76.94699,35.61897],[-76.94683,35.61733],[-76.94866,35.61641],[-76.95066,35.61713],[-76.95082,35.61876],[-76.95282,35.61947],[-76.95299,35.62111],[-76.95498,35.62182],[-76.96066,35.62069],[-76.9605,35.61905],[-76.95466,35.61855],[-76.9545,35.61692],[-76.95634,35.61599],[-76.95617,35.61436],[-76.95417,35.61365],[-76.95401,35.61201],[-76.95585,35.61109],[-76.95785,35.6118],[-76.95801,35.61344],[-76.96001,35.61415],[-76.96568,35.61302],[-76.96552,35.61138],[-76.96352,35.61067],[-76.96336,35.60904],[-76.96136,35.60832],[-76.9612,35.60669],[-76.96303,35.60577],[-76.96503,35.60648],[-76.9652,35.60811],[-76.96719,35.60883],[-76.96736,35.61046],[-76.96936,35.61117],[-76.96952,35.61281],[-76.97152,35.61352],[-76.97719,35.61239],[-76.97919,35.6131],[-76.97935,35.61473],[-76.98519,35.61523],[-76.98535,35.61687],[-76.98735,35.61758],[-76.98751,35.61921],[-76.98568,35.62013],[-76.98584,35.62177],[-76.98784,35.62248],[-76.988,35.62411],[-76.99,35.62483],[-76.99017,35.62646],[-76.98833,35.62738],[-76.98633,35.62667],[-76.98617,35.62504],[-76.98417,35.62433],[-76.98233,35.62525],[-76.98249,35.62688],[-76.98449,35.62759],[-76.98466,35.62923],[-76.97898,35.63036],[-76.97914,35.632],[-76.98114,35.63271],[-76.98131,35.63434],[-76.97947,35.63527],[-76.97963,35.6369],[-76.98163,35.63761],[-76.98347,35.63669],[-76.98331,35.63506],[-76.98515,35.63413],[-76.98498,35.6325],[-76.98682,35.63158],[-76.98666,35.62994],[-76.98849,35.62902],[-76.99049,35.62973],[-76.99066,35.63136],[-76.99266,35.63208],[-76.99282,35.63371],[-76.99482,35.63442],[-76.99498,35.63606],[-76.99315,35.63698],[-76.99331,35.63861],[-76.99147,35.63954],[-76.99164,35.64117],[-76.99364,35.64188],[-76.99547,35.64096],[-76.99531,35.63933],[-76.99715,35.6384],[-76.99915,35.63911],[-76.99931,35.64075],[-76.99748,35.64167],[-76.99764,35.64331],[-76.99964,35.64402],[-76.9998,35.64565],[-76.99413,35.64679],[-76.99429,35.64842],[-76.99629,35.64914],[-76.99646,35.65077],[-76.99462,35.65169],[-76.99478,35.65333],[-76.99294,35.65425],[-76.99311,35.65589],[-76.99511,35.6566],[-76.99527,35.65823],[-76.99343,35.65916],[-76.99143,35.65844],[-76.99127,35.65681],[-76.98927,35.6561],[-76.9891,35.65446],[-76.9871,35.65375],[-76.98694,35.65212],[-76.9811,35.65161],[-76.98094,35.64998],[-76.98278,35.64906],[-76.98261,35.64742],[-76.98061,35.64671],[-76.98045,35.64507],[-76.97845,35.64436],[-76.97828,35.64273],[-76.97628,35.64202],[-76.97445,35.64294],[-76.97245,35.64223],[-76.97228,35.64059],[-76.97028,35.63988],[-76.97012,35.63824],[-76.9758,35.63711],[-76.97563,35.63548],[-76.97363,35.63476],[-76.9718,35.63569],[-76.9698,35.63498],[-76.96963,35.63334],[-76.96763,35.63263],[-76.96747,35.63099]],[[-76.9818,35.63925],[-76.97996,35.64017],[-76.98012,35.6418],[-76.98212,35.64252],[-76.9878,35.64138],[-76.98764,35.63975],[-76.98563,35.63904],[-76.9838,35.63996],[-76.9818,35.63925]]]}},{"type":"Feature","properties":{"sqmi":3.71},"geometry":{"type":"Polygon","coordinates":[[[-76.94342,35.64135],[-76.94325,35.63972],[-76.94125,35.639],[-76.94109,35.63737],[-76.94293,35.63645],[-76.94493,35.63716],[-76.94509,35.63879],[-76.94709,35.63951],[-76.94893,35.63858],[-76.94877,35.63695],[-76.95061,35.63603],[-76.95261,35.63674],[-76.95277,35.63837],[-76.95093,35.6393],[-76.95109,35.64093],[-76.95309,35.64164],[-76.95325,35.64328],[-76.95525,35.64399],[-76.95542,35.64563],[-76.96126,35.64613],[-76.96142,35.64776],[-76.95574,35.64889],[-76.9559,35.65053],[-76.9579,35.65124],[-76.95807,35.65288],[-76.95239,35.65401],[-76.95039,35.6533],[-76.95023,35.65166],[-76.95206,35.65074],[-76.9519,35.6491],[-76.9499,35.64839],[-76.94806,35.64931],[-76.94606,35.6486],[-76.9459,35.64697],[-76.9439,35.64625],[-76.93822,35.64739],[-76.93839,35.64902],[-76.93655,35.64994],[-76.93671,35.65158],[-76.93487,35.6525],[-76.93503,35.65414],[-76.93703,35.65485],[-76.93887,35.65393],[-76.93871,35.65229],[-76.94055,35.65137],[-76.94255,35.65208],[-76.94271,35.65372],[-76.94087,35.65464],[-76.94103,35.65627],[-76.93919,35.6572],[-76.93935,35.65883],[-76.93752,35.65976],[-76.93168,35.65925],[-76.92984,35.66017],[-76.93,35.66181],[-76.92816,35.66273],[-76.92832,35.66437],[-76.92648,35.66529],[-76.92664,35.66692],[-76.9248,35.66785],[-76.92496,35.66948],[-76.92696,35.6702],[-76.92713,35.67183],[-76.92913,35.67254],[-76.93097,35.67162],[-76.9308,35.66999],[-76.93264,35.66906],[-76.93849,35.66957],[-76.93865,35.6712],[-76.94065,35.67192],[-76.94081,35.67355],[-76.93897,35.67447],[-76.93913,35.67611],[-76.93729,35.67703],[-76.93745,35.67867],[-76.93177,35.6798],[-76.93193,35.68144],[-76.93394,35.68215],[-76.9341,35.68379],[-76.93226,35.68471],[-76.93242,35.68634],[-76.93058,35.68727],[-76.93074,35.6889],[-76.9289,35.68983],[-76.9269,35.68911],[-76.92674,35.68748],[-76.92089,35.68697],[-76.92073,35.68534],[-76.92257,35.68441],[-76.92241,35.68278],[-76.92425,35.68186],[-76.92625,35.68257],[-76.92809,35.68165],[-76.92793,35.68001],[-76.92209,35.67951],[-76.92193,35.67787],[-76.91993,35.67716],[-76.91977,35.67552],[-76.91776,35.67481],[-76.9176,35.67317],[-76.91176,35.67267],[-76.9116,35.67103],[-76.91344,35.67011],[-76.91328,35.66847],[-76.91512,35.66755],[-76.91712,35.66827],[-76.91896,35.66734],[-76.9188,35.66571],[-76.92064,35.66479],[-76.92048,35.66315],[-76.91848,35.66244],[-76.91832,35.6608],[-76.92016,35.65988],[-76.92,35.65824],[-76.91799,35.65753],[-76.91616,35.65845],[-76.91632,35.66009],[-76.91448,35.66101],[-76.91248,35.6603],[-76.91232,35.65866],[-76.91032,35.65795],[-76.91015,35.65631],[-76.91199,35.65539],[-76.91183,35.65376],[-76.91367,35.65283],[-76.91351,35.6512],[-76.91535,35.65028],[-76.91519,35.64864],[-76.91703,35.64772],[-76.91687,35.64608],[-76.91871,35.64516],[-76.91855,35.64353],[-76.92039,35.64261],[-76.92022,35.64097],[-76.92206,35.64005],[-76.9219,35.63841],[-76.92374,35.63749],[-76.92358,35.63586],[-76.92542,35.63494],[-76.93126,35.63544],[-76.93142,35.63707],[-76.92958,35.638],[-76.92974,35.63963],[-76.93558,35.64013],[-76.93574,35.64177],[-76.9339,35.64269],[-76.93406,35.64433],[-76.93606,35.64504],[-76.9379,35.64412],[-76.93774,35.64248],[-76.94342,35.64135]],[[-76.92238,35.64332],[-76.92255,35.64495],[-76.92071,35.64588],[-76.92087,35.64751],[-76.92287,35.64822],[-76.92303,35.64986],[-76.92503,35.65057],[-76.92519,35.65221],[-76.92719,35.65292],[-76.92903,35.652],[-76.92887,35.65036],[-76.92687,35.64965],[-76.92671,35.64801],[-76.92855,35.64709],[-76.92838,35.64546],[-76.93022,35.64454],[-76.93006,35.6429],[-76.92806,35.64219],[-76.92238,35.64332]],[[-76.92328,35.67204],[-76.92144,35.67296],[-76.92161,35.6746],[-76.92361,35.67531],[-76.92545,35.67439],[-76.92529,35.67275],[-76.92328,35.67204]],[[-76.93238,35.64688],[-76.93055,35.64781],[-76.93071,35.64944],[-76.93271,35.65015],[-76.93455,35.64923],[-76.93438,35.6476],[-76.93238,35.64688]]]}},{"type":"Feature","properties":{"sqmi":3.61},"geometry":{"type":"Polygon","coordinates":[[[-77.19172,34.89794],[-77.19188,34.89956],[-77.19008,34.90047],[-77.19025,34.90209],[-77.19222,34.90279],[-77.19239,34.9044],[-77.19058,34.90532],[-77.19075,34.90693],[-77.18894,34.90785],[-77.18697,34.90715],[-77.1868,34.90553],[-77.18483,34.90483],[-77.18302,34.90575],[-77.18319,34.90736],[-77.18138,34.90828],[-77.18155,34.90989],[-77.18352,34.91059],[-77.18369,34.91221],[-77.18188,34.91312],[-77.18205,34.91474],[-77.18024,34.91565],[-77.17827,34.91495],[-77.1781,34.91333],[-77.17991,34.91242],[-77.17974,34.9108],[-77.17777,34.9101],[-77.1776,34.90849],[-77.17941,34.90757],[-77.17924,34.90596],[-77.17727,34.90526],[-77.17546,34.90617],[-77.17563,34.90779],[-77.17382,34.9087],[-77.17399,34.91032],[-77.17596,34.91102],[-77.17613,34.91263],[-77.17432,34.91355],[-77.17449,34.91516],[-77.17646,34.91586],[-77.17663,34.91748],[-77.17482,34.91839],[-77.17499,34.92001],[-77.17318,34.92093],[-77.17335,34.92254],[-77.17911,34.92303],[-77.17927,34.92464],[-77.17747,34.92556],[-77.17763,34.92717],[-77.17583,34.92809],[-77.17385,34.92739],[-77.17369,34.92577],[-77.17171,34.92507],[-77.16612,34.9262],[-77.16415,34.9255],[-77.16398,34.92388],[-77.16579,34.92297],[-77.16562,34.92135],[-77.16365,34.92065],[-77.16348,34.91904],[-77.16151,34.91834],[-77.1597,34.91925],[-77.15773,34.91855],[-77.15756,34.91694],[-77.15559,34.91624],[-77.15,34.91736],[-77.14803,34.91666],[-77.14786,34.91505],[-77.14589,34.91435],[-77.14572,34.91273],[-77.14753,34.91182],[-77.1495,34.91252],[-77.14967,34.91413],[-77.15164,34.91483],[-77.15345,34.91392],[-77.15328,34.9123],[-77.15509,34.91139],[-77.15492,34.90977],[-77.15295,34.90907],[-77.15114,34.90999],[-77.14917,34.90929],[-77.149,34.90767],[-77.14325,34.90719],[-77.14308,34.90557],[-77.14489,34.90466],[-77.14472,34.90304],[-77.14275,34.90234],[-77.14259,34.90073],[-77.14439,34.89981],[-77.14423,34.8982],[-77.14225,34.8975],[-77.14209,34.89588],[-77.14389,34.89497],[-77.14373,34.89335],[-77.14554,34.89244],[-77.14537,34.89082],[-77.14718,34.88991],[-77.14915,34.89061],[-77.14931,34.89223],[-77.15129,34.89293],[-77.15145,34.89454],[-77.15343,34.89524],[-77.15523,34.89433],[-77.15507,34.89271],[-77.15687,34.8918],[-77.15884,34.8925],[-77.15901,34.89411],[-77.16476,34.8946],[-77.16493,34.89621],[-77.1669,34.89691],[-77.17249,34.89579],[-77.17446,34.89649],[-77.17463,34.8981],[-77.1766,34.8988],[-77.17841,34.89789],[-77.18416,34.89837],[-77.18596,34.89746],[-77.19172,34.89794]],[[-77.17054,34.91376],[-77.16857,34.91306],[-77.16676,34.91398],[-77.16693,34.91559],[-77.1689,34.91629],[-77.17071,34.91538],[-77.17054,34.91376]],[[-77.16907,34.91791],[-77.16726,34.91882],[-77.16743,34.92044],[-77.1694,34.92114],[-77.17121,34.92022],[-77.17104,34.91861],[-77.16907,34.91791]]]}},{"type":"Feature","properties":{"sqmi":3.51},"geometry":{"type":"Polygon","coordinates":[[[-79.26431,33.30958],[-79.26843,33.31246],[-79.26888,33.31419],[-79.2675,33.31536],[-79.26567,33.31479],[-79.26429,33.31595],[-79.26475,33.31769],[-79.26337,33.31885],[-79.26154,33.31828],[-79.26016,33.31945],[-79.26061,33.32118],[-79.25923,33.32235],[-79.2574,33.32178],[-79.25602,33.32294],[-79.25876,33.32698],[-79.25739,33.32815],[-79.25327,33.32527],[-79.25189,33.32644],[-79.25234,33.32817],[-79.25097,33.32933],[-79.24913,33.32876],[-79.24776,33.32993],[-79.24821,33.33166],[-79.24362,33.33342],[-79.24179,33.33285],[-79.24134,33.33112],[-79.24271,33.32995],[-79.24226,33.32822],[-79.23814,33.32534],[-79.23769,33.32361],[-79.23357,33.32073],[-79.23312,33.319],[-79.22808,33.31902],[-79.22763,33.31728],[-79.22351,33.31441],[-79.22306,33.31267],[-79.22444,33.31151],[-79.22398,33.30977],[-79.22215,33.3092],[-79.21757,33.31096],[-79.21574,33.31039],[-79.21436,33.31155],[-79.21481,33.31329],[-79.21344,33.31445],[-79.2116,33.31388],[-79.21115,33.31215],[-79.21253,33.31098],[-79.20979,33.30694],[-79.21117,33.30578],[-79.21043,33.30395],[-79.2125,33.30356],[-79.23345,33.30221],[-79.238,33.30317],[-79.24214,33.302],[-79.24416,33.30331],[-79.24461,33.30504],[-79.24324,33.30621],[-79.2414,33.30564],[-79.24003,33.3068],[-79.24048,33.30854],[-79.2391,33.3097],[-79.23406,33.30973],[-79.23269,33.31089],[-79.23314,33.31263],[-79.22855,33.31438],[-79.22901,33.31612],[-79.23084,33.31669],[-79.23542,33.31493],[-79.23725,33.3155],[-79.23863,33.31434],[-79.24046,33.31491],[-79.24184,33.31374],[-79.24139,33.31201],[-79.24277,33.31084],[-79.2446,33.31141],[-79.24597,33.31025],[-79.24552,33.30851],[-79.2469,33.30735],[-79.25194,33.30732],[-79.25332,33.30616],[-79.25743,33.30903],[-79.25881,33.30787],[-79.25836,33.30613],[-79.25653,33.30556],[-79.25607,33.30383],[-79.25745,33.30266],[-79.257,33.30093],[-79.25516,33.30036],[-79.25425,33.29848],[-79.25623,33.29856],[-79.26665,33.30124],[-79.2657,33.30204],[-79.26616,33.30378],[-79.27027,33.30665],[-79.27073,33.30839],[-79.27321,33.30841],[-79.27444,33.31114],[-79.27301,33.31069],[-79.27164,33.31186],[-79.2698,33.31129],[-79.26706,33.30725],[-79.26523,33.30668],[-79.26385,33.30784],[-79.26431,33.30958]],[[-79.22491,33.30687],[-79.22629,33.30571],[-79.22583,33.30397],[-79.224,33.3034],[-79.21942,33.30516],[-79.21987,33.3069],[-79.2217,33.30747],[-79.22308,33.3063],[-79.22491,33.30687]],[[-79.23453,33.30509],[-79.2327,33.30452],[-79.23133,33.30569],[-79.23178,33.30742],[-79.23361,33.30799],[-79.23499,33.30683],[-79.23453,33.30509]]]}},{"type":"Feature","properties":{"sqmi":3.38},"geometry":{"type":"Polygon","coordinates":[[[-80.99898,32.38032],[-80.9976,32.38154],[-80.99573,32.38099],[-80.99524,32.37924],[-80.99337,32.3787],[-80.99199,32.37991],[-80.99012,32.37937],[-80.98963,32.37762],[-80.98451,32.37775],[-80.98313,32.37896],[-80.98362,32.38071],[-80.98225,32.38192],[-80.98038,32.38138],[-80.979,32.38259],[-80.97713,32.38205],[-80.97575,32.38326],[-80.97388,32.38272],[-80.9725,32.38393],[-80.97299,32.38568],[-80.97486,32.38622],[-80.97535,32.38798],[-80.97397,32.38919],[-80.96885,32.38931],[-80.96836,32.38756],[-80.96974,32.38635],[-80.96925,32.3846],[-80.96738,32.38406],[-80.96601,32.38527],[-80.96649,32.38702],[-80.96512,32.38823],[-80.9656,32.38998],[-80.96423,32.39119],[-80.95911,32.39132],[-80.95862,32.38957],[-80.96,32.38836],[-80.95951,32.38661],[-80.95764,32.38607],[-80.95715,32.38431],[-80.95853,32.3831],[-80.9604,32.38364],[-80.96178,32.38243],[-80.96129,32.38068],[-80.95942,32.38014],[-80.95893,32.37839],[-80.96031,32.37718],[-80.95982,32.37543],[-80.95795,32.37488],[-80.95746,32.37313],[-80.95884,32.37192],[-80.96071,32.37246],[-80.96209,32.37125],[-80.96396,32.37179],[-80.96534,32.37058],[-80.96721,32.37112],[-80.96858,32.36991],[-80.96809,32.36816],[-80.96298,32.36829],[-80.96249,32.36654],[-80.95826,32.3637],[-80.95777,32.36195],[-80.95915,32.36074],[-80.95866,32.35899],[-80.96004,32.35778],[-80.96191,32.35832],[-80.9624,32.36007],[-80.96102,32.36128],[-80.96151,32.36303],[-80.96338,32.36357],[-80.96387,32.36533],[-80.96898,32.3652],[-80.97036,32.36399],[-80.97459,32.36682],[-80.97597,32.36561],[-80.97784,32.36615],[-80.97922,32.36494],[-80.97873,32.36319],[-80.98011,32.36198],[-80.98433,32.36481],[-80.98571,32.3636],[-80.98758,32.36414],[-80.98896,32.36293],[-80.99083,32.36347],[-80.99221,32.36226],[-80.99408,32.3628],[-80.99546,32.36159],[-80.99733,32.36213],[-80.9987,32.36092],[-81.00293,32.36375],[-81.00431,32.36254],[-81.00618,32.36308],[-81.00756,32.36187],[-81.00943,32.36241],[-81.00992,32.36416],[-81.00854,32.36538],[-81.00903,32.36713],[-81.0109,32.36767],[-81.01139,32.36942],[-81.01001,32.37063],[-81.00814,32.37009],[-81.00676,32.3713],[-81.00489,32.37076],[-81.00352,32.37197],[-81.00165,32.37143],[-81.00027,32.37264],[-81.00076,32.3744],[-80.99938,32.37561],[-80.99751,32.37507],[-80.99702,32.37331],[-80.99515,32.37277],[-80.99377,32.37399],[-80.99426,32.37574],[-80.99613,32.37628],[-80.99662,32.37803],[-81.00174,32.3779],[-81.00223,32.37965],[-81.00085,32.38087],[-80.99898,32.38032]],[[-80.99043,32.36819],[-80.9923,32.36873],[-80.99368,32.36752],[-80.99319,32.36576],[-80.99132,32.36522],[-80.98994,32.36643],[-80.99043,32.36819]]]}},{"type":"Feature","properties":{"sqmi":3.07},"geometry":{"type":"Polygon","coordinates":[[[-80.19937,32.85503],[-80.19752,32.85447],[-80.19704,32.85273],[-80.19842,32.85154],[-80.19795,32.84979],[-80.19933,32.8486],[-80.19885,32.84686],[-80.20023,32.84567],[-80.19976,32.84392],[-80.19791,32.84337],[-80.19329,32.84519],[-80.19144,32.84464],[-80.19097,32.84289],[-80.18911,32.84234],[-80.18864,32.84059],[-80.18679,32.84004],[-80.18541,32.84123],[-80.18123,32.83837],[-80.17985,32.83956],[-80.17477,32.83964],[-80.17429,32.8379],[-80.17567,32.83671],[-80.1752,32.83496],[-80.17981,32.83314],[-80.18166,32.83369],[-80.18304,32.8325],[-80.18489,32.83306],[-80.18537,32.8348],[-80.18722,32.83536],[-80.18769,32.8371],[-80.19187,32.83996],[-80.19325,32.83877],[-80.19278,32.83702],[-80.19093,32.83647],[-80.19045,32.83472],[-80.19183,32.83353],[-80.19136,32.83179],[-80.18951,32.83124],[-80.18813,32.83242],[-80.18627,32.83187],[-80.1858,32.83013],[-80.19041,32.8283],[-80.19226,32.82886],[-80.19364,32.82767],[-80.1955,32.82822],[-80.19597,32.82997],[-80.19459,32.83116],[-80.19506,32.8329],[-80.20015,32.83282],[-80.20062,32.83456],[-80.20248,32.83512],[-80.20386,32.83393],[-80.20571,32.83448],[-80.20709,32.83329],[-80.20661,32.83155],[-80.20153,32.83163],[-80.20105,32.82988],[-80.20243,32.82869],[-80.20196,32.82695],[-80.20011,32.8264],[-80.19873,32.82759],[-80.19687,32.82703],[-80.1964,32.82529],[-80.20101,32.82346],[-80.20054,32.82172],[-80.20192,32.82053],[-80.20377,32.82108],[-80.20424,32.82283],[-80.2061,32.82338],[-80.20657,32.82512],[-80.20519,32.82631],[-80.20567,32.82806],[-80.20985,32.83091],[-80.21032,32.83266],[-80.20894,32.83385],[-80.20941,32.83559],[-80.21127,32.83615],[-80.21174,32.83789],[-80.21036,32.83908],[-80.21084,32.84083],[-80.20946,32.84202],[-80.20528,32.83916],[-80.2039,32.84035],[-80.20437,32.8421],[-80.20855,32.84495],[-80.20903,32.8467],[-80.21088,32.84725],[-80.21135,32.849],[-80.21321,32.84955],[-80.21782,32.84773],[-80.21735,32.84598],[-80.21226,32.84606],[-80.21179,32.84432],[-80.2164,32.84249],[-80.21825,32.84305],[-80.21963,32.84186],[-80.21916,32.84011],[-80.2173,32.83956],[-80.21683,32.83781],[-80.21265,32.83496],[-80.21217,32.83321],[-80.21679,32.83139],[-80.21864,32.83194],[-80.22002,32.83075],[-80.21954,32.82901],[-80.22092,32.82782],[-80.22278,32.82837],[-80.22416,32.82718],[-80.22368,32.82544],[-80.22506,32.82425],[-80.22692,32.8248],[-80.22739,32.82654],[-80.22601,32.82774],[-80.22648,32.82948],[-80.22187,32.83131],[-80.22235,32.83305],[-80.22097,32.83424],[-80.22144,32.83599],[-80.22006,32.83718],[-80.22054,32.83892],[-80.22239,32.83948],[-80.22377,32.83829],[-80.22562,32.83884],[-80.227,32.83765],[-80.22653,32.83591],[-80.22467,32.83535],[-80.2242,32.83361],[-80.22558,32.83242],[-80.22743,32.83297],[-80.22791,32.83471],[-80.22976,32.83527],[-80.23114,32.83408],[-80.23067,32.83233],[-80.22881,32.83178],[-80.22834,32.83003],[-80.22972,32.82884],[-80.22924,32.8271],[-80.23062,32.82591],[-80.23248,32.82646],[-80.23295,32.82821],[-80.23157,32.8294],[-80.23205,32.83114],[-80.23623,32.834],[-80.2367,32.83574],[-80.23209,32.83757],[-80.23257,32.83931],[-80.23119,32.8405],[-80.23166,32.84225],[-80.23028,32.84344],[-80.23075,32.84518],[-80.22938,32.84637],[-80.22752,32.84582],[-80.22705,32.84408],[-80.22843,32.84288],[-80.22795,32.84114],[-80.2261,32.84059],[-80.22472,32.84178],[-80.22519,32.84352],[-80.22381,32.84471],[-80.22429,32.84646],[-80.21967,32.84828],[-80.22015,32.85003],[-80.21877,32.85122],[-80.21924,32.85296],[-80.21786,32.85415],[-80.21601,32.8536],[-80.21463,32.85479],[-80.21278,32.85423],[-80.20816,32.85606],[-80.20631,32.8555],[-80.20584,32.85376],[-80.20722,32.85257],[-80.20674,32.85082],[-80.20812,32.84963],[-80.20765,32.84789],[-80.20579,32.84733],[-80.20118,32.84916],[-80.20165,32.8509],[-80.20351,32.85146],[-80.20398,32.8532],[-80.2026,32.85439],[-80.20075,32.85384],[-80.19937,32.85503]]]}},{"type":"Feature","properties":{"sqmi":2.64},"geometry":{"type":"Polygon","coordinates":[[[-80.16279,32.84567],[-80.16326,32.84741],[-80.16834,32.84733],[-80.16882,32.84908],[-80.17067,32.84963],[-80.17205,32.84844],[-80.17158,32.8467],[-80.17296,32.84551],[-80.17481,32.84606],[-80.18304,32.84624],[-80.18404,32.84711],[-80.18308,32.84623],[-80.17519,32.84574],[-80.17619,32.84487],[-80.17804,32.84543],[-80.17942,32.84424],[-80.18127,32.8448],[-80.18265,32.84361],[-80.18683,32.84646],[-80.1873,32.84821],[-80.18916,32.84876],[-80.18963,32.85051],[-80.18825,32.85169],[-80.18872,32.85344],[-80.18734,32.85463],[-80.18226,32.85471],[-80.18088,32.8559],[-80.18135,32.85764],[-80.17997,32.85883],[-80.17812,32.85828],[-80.17351,32.8601],[-80.17166,32.85954],[-80.17028,32.86073],[-80.17075,32.86248],[-80.16937,32.86366],[-80.16429,32.86374],[-80.16291,32.86493],[-80.16338,32.86668],[-80.162,32.86786],[-80.16015,32.86731],[-80.15877,32.8685],[-80.15692,32.86794],[-80.15554,32.86913],[-80.15369,32.86857],[-80.15231,32.86976],[-80.15045,32.86921],[-80.14584,32.87103],[-80.14399,32.87047],[-80.14352,32.86873],[-80.1449,32.86754],[-80.14443,32.8658],[-80.14904,32.86397],[-80.14856,32.86223],[-80.14671,32.86168],[-80.14624,32.85993],[-80.14762,32.85874],[-80.14714,32.857],[-80.15175,32.85518],[-80.15128,32.85343],[-80.15266,32.85224],[-80.15219,32.8505],[-80.15034,32.84994],[-80.14986,32.8482],[-80.15447,32.84638],[-80.154,32.84463],[-80.15538,32.84344],[-80.15491,32.8417],[-80.15629,32.84051],[-80.15814,32.84107],[-80.15861,32.84281],[-80.15723,32.844],[-80.15771,32.84574],[-80.15633,32.84693],[-80.1568,32.84868],[-80.16098,32.85153],[-80.16235,32.85034],[-80.16188,32.8486],[-80.16003,32.84804],[-80.15956,32.8463],[-80.16094,32.84511],[-80.16279,32.84567]]]}},{"type":"Feature","properties":{"sqmi":2.44},"geometry":{"type":"Polygon","coordinates":[[[-81.33512,29.60752],[-81.3356,29.60928],[-81.33425,29.61053],[-81.33242,29.61003],[-81.33108,29.61128],[-81.33156,29.61304],[-81.33021,29.61429],[-81.3252,29.61453],[-81.32472,29.61277],[-81.32289,29.61226],[-81.3224,29.61051],[-81.31739,29.61074],[-81.31691,29.60899],[-81.31825,29.60774],[-81.31777,29.60598],[-81.31362,29.60321],[-81.31314,29.60145],[-81.31448,29.6002],[-81.314,29.59844],[-81.31217,29.59794],[-81.31082,29.59919],[-81.3113,29.60095],[-81.30996,29.6022],[-81.30813,29.60169],[-81.30678,29.60294],[-81.30727,29.6047],[-81.3091,29.60521],[-81.30958,29.60696],[-81.30824,29.60821],[-81.3064,29.60771],[-81.30592,29.60595],[-81.30409,29.60544],[-81.30274,29.60669],[-81.30323,29.60845],[-81.30506,29.60896],[-81.30554,29.61072],[-81.3042,29.61197],[-81.30468,29.61372],[-81.30333,29.61497],[-81.3015,29.61447],[-81.30102,29.61271],[-81.30236,29.61146],[-81.30188,29.6097],[-81.30005,29.6092],[-81.29956,29.60744],[-81.30091,29.60619],[-81.30043,29.60443],[-81.30177,29.60318],[-81.30129,29.60142],[-81.30263,29.60017],[-81.30447,29.60068],[-81.30581,29.59943],[-81.30533,29.59767],[-81.30667,29.59642],[-81.30619,29.59466],[-81.30753,29.59341],[-81.30705,29.59165],[-81.3084,29.5904],[-81.31023,29.59091],[-81.31071,29.59267],[-81.30937,29.59392],[-81.30985,29.59567],[-81.31486,29.59543],[-81.31534,29.59719],[-81.31718,29.5977],[-81.31852,29.59645],[-81.31804,29.59469],[-81.31389,29.59192],[-81.3134,29.59016],[-81.31475,29.58891],[-81.31427,29.58715],[-81.31561,29.5859],[-81.31513,29.58414],[-81.31647,29.58289],[-81.3183,29.5834],[-81.31965,29.58215],[-81.32148,29.58265],[-81.32197,29.58441],[-81.32062,29.58566],[-81.32111,29.58742],[-81.32294,29.58793],[-81.32342,29.58968],[-81.32208,29.59093],[-81.32256,29.59269],[-81.32439,29.5932],[-81.32574,29.59195],[-81.32525,29.59019],[-81.3266,29.58894],[-81.32611,29.58718],[-81.32428,29.58667],[-81.3238,29.58492],[-81.32514,29.58367],[-81.32929,29.58643],[-81.32978,29.58819],[-81.32843,29.58944],[-81.32892,29.5912],[-81.33393,29.59096],[-81.33441,29.59272],[-81.33624,29.59322],[-81.33673,29.59498],[-81.33856,29.59549],[-81.33905,29.59724],[-81.3377,29.5985],[-81.33587,29.59799],[-81.33452,29.59924],[-81.33501,29.601],[-81.34002,29.60076],[-81.3405,29.60252],[-81.33916,29.60377],[-81.33964,29.60553],[-81.33829,29.60678],[-81.33646,29.60627],[-81.33512,29.60752]],[[-81.32315,29.60097],[-81.32181,29.60222],[-81.32229,29.60398],[-81.32095,29.60523],[-81.32143,29.60699],[-81.32644,29.60675],[-81.32779,29.6055],[-81.3273,29.60374],[-81.32547,29.60324],[-81.32499,29.60148],[-81.32315,29.60097]],[[-81.32876,29.60901],[-81.32693,29.60851],[-81.32558,29.60976],[-81.32607,29.61152],[-81.3279,29.61202],[-81.32924,29.61077],[-81.32876,29.60901]],[[-81.32903,29.59772],[-81.32951,29.59948],[-81.33134,29.59999],[-81.33269,29.59874],[-81.3322,29.59698],[-81.33037,29.59647],[-81.32903,29.59772]],[[-81.3328,29.60526],[-81.33415,29.60401],[-81.33366,29.60225],[-81.33183,29.60175],[-81.33048,29.603],[-81.33097,29.60475],[-81.3328,29.60526]]]}},{"type":"Feature","properties":{"sqmi":2.42},"geometry":{"type":"Polygon","coordinates":[[[-77.32096,34.95146],[-77.32277,34.95055],[-77.32259,34.94893],[-77.32062,34.94823],[-77.32044,34.94662],[-77.32225,34.9457],[-77.32208,34.94408],[-77.3201,34.94338],[-77.31993,34.94177],[-77.31795,34.94107],[-77.31778,34.93946],[-77.3158,34.93876],[-77.31563,34.93714],[-77.31365,34.93644],[-77.31348,34.93483],[-77.31151,34.93413],[-77.3097,34.93505],[-77.30987,34.93666],[-77.30807,34.93758],[-77.30609,34.93688],[-77.30592,34.93526],[-77.30394,34.93457],[-77.30377,34.93295],[-77.3018,34.93225],[-77.30162,34.93064],[-77.30343,34.92972],[-77.30326,34.9281],[-77.30506,34.92719],[-77.30489,34.92557],[-77.3067,34.92466],[-77.30867,34.92535],[-77.30884,34.92697],[-77.30704,34.92789],[-77.30721,34.9295],[-77.30541,34.93042],[-77.30558,34.93203],[-77.30755,34.93273],[-77.30936,34.93182],[-77.30919,34.9302],[-77.31099,34.92928],[-77.31297,34.92998],[-77.31314,34.9316],[-77.31512,34.93229],[-77.3207,34.93116],[-77.32268,34.93186],[-77.32285,34.93347],[-77.32861,34.93395],[-77.32878,34.93557],[-77.33076,34.93626],[-77.33093,34.93788],[-77.32913,34.9388],[-77.3293,34.94041],[-77.33127,34.94111],[-77.33145,34.94273],[-77.32964,34.94364],[-77.32981,34.94526],[-77.32801,34.94618],[-77.32818,34.94779],[-77.33016,34.94849],[-77.33033,34.95011],[-77.33231,34.95081],[-77.33248,34.95242],[-77.33068,34.95334],[-77.33085,34.95496],[-77.32904,34.95587],[-77.32328,34.95539],[-77.32148,34.95631],[-77.31572,34.95583],[-77.31391,34.95675],[-77.31408,34.95837],[-77.31228,34.95928],[-77.3103,34.95859],[-77.30849,34.9595],[-77.30652,34.9588],[-77.30634,34.95719],[-77.30058,34.95671],[-77.30041,34.95509],[-77.29844,34.95439],[-77.29285,34.95553],[-77.28709,34.95505],[-77.28692,34.95343],[-77.2925,34.9523],[-77.29233,34.95068],[-77.28657,34.9502],[-77.2864,34.94858],[-77.28443,34.94788],[-77.28426,34.94627],[-77.28984,34.94513],[-77.29182,34.94583],[-77.29199,34.94745],[-77.29397,34.94815],[-77.29577,34.94723],[-77.2956,34.94561],[-77.29741,34.9447],[-77.29938,34.9454],[-77.29956,34.94701],[-77.29775,34.94793],[-77.29792,34.94954],[-77.2999,34.95024],[-77.3017,34.94933],[-77.30746,34.94981],[-77.30927,34.94889],[-77.3091,34.94727],[-77.30712,34.94657],[-77.30695,34.94496],[-77.30875,34.94404],[-77.31073,34.94474],[-77.3109,34.94636],[-77.31288,34.94705],[-77.31469,34.94614],[-77.31666,34.94684],[-77.31683,34.94845],[-77.31881,34.94915],[-77.31898,34.95077],[-77.32096,34.95146]],[[-77.31744,34.93622],[-77.31941,34.93692],[-77.32122,34.936],[-77.32105,34.93439],[-77.31907,34.93369],[-77.31726,34.93461],[-77.31744,34.93622]]]}},{"type":"Feature","properties":{"sqmi":2.37},"geometry":{"type":"Polygon","coordinates":[[[-81.44935,30.15365],[-81.4507,30.1524],[-81.45021,30.15064],[-81.45157,30.14939],[-81.45341,30.14991],[-81.45477,30.14866],[-81.45895,30.15144],[-81.4603,30.15019],[-81.45981,30.14843],[-81.45563,30.14565],[-81.45514,30.14389],[-81.45649,30.14264],[-81.46067,30.14543],[-81.46116,30.14718],[-81.46301,30.14769],[-81.46436,30.14645],[-81.46387,30.14469],[-81.45969,30.14191],[-81.4592,30.14015],[-81.45736,30.13964],[-81.456,30.14089],[-81.45416,30.14038],[-81.4528,30.14162],[-81.45096,30.14111],[-81.45047,30.13935],[-81.45182,30.13811],[-81.45367,30.13862],[-81.45502,30.13737],[-81.45687,30.13788],[-81.45822,30.13663],[-81.46006,30.13714],[-81.46055,30.1389],[-81.4624,30.13941],[-81.46289,30.14117],[-81.46474,30.14168],[-81.46609,30.14043],[-81.46793,30.14094],[-81.46929,30.1397],[-81.47113,30.14021],[-81.47162,30.14197],[-81.47027,30.14321],[-81.46843,30.1427],[-81.46707,30.14395],[-81.46756,30.14571],[-81.46621,30.14696],[-81.4667,30.14872],[-81.46534,30.14996],[-81.46584,30.15172],[-81.46448,30.15297],[-81.46497,30.15473],[-81.46362,30.15598],[-81.46177,30.15547],[-81.46042,30.15671],[-81.46091,30.15847],[-81.46275,30.15898],[-81.46411,30.15774],[-81.46595,30.15825],[-81.46731,30.157],[-81.46682,30.15524],[-81.46817,30.15399],[-81.47235,30.15677],[-81.47284,30.15853],[-81.47469,30.15904],[-81.47518,30.1608],[-81.47383,30.16205],[-81.47198,30.16154],[-81.47063,30.16279],[-81.46878,30.16228],[-81.46743,30.16352],[-81.46792,30.16528],[-81.4721,30.16806],[-81.47259,30.16982],[-81.47124,30.17107],[-81.46939,30.17056],[-81.4689,30.1688],[-81.46705,30.16829],[-81.46656,30.16653],[-81.46152,30.16676],[-81.46016,30.168],[-81.46065,30.16976],[-81.4593,30.17101],[-81.45979,30.17277],[-81.45844,30.17402],[-81.45659,30.1735],[-81.4561,30.17175],[-81.45106,30.17197],[-81.45056,30.17021],[-81.44872,30.1697],[-81.44823,30.16794],[-81.44319,30.16817],[-81.44269,30.16641],[-81.43852,30.16363],[-81.43803,30.16187],[-81.43938,30.16062],[-81.44122,30.16113],[-81.44258,30.15988],[-81.44209,30.15813],[-81.44344,30.15688],[-81.44295,30.15512],[-81.44431,30.15387],[-81.44935,30.15365]],[[-81.44811,30.16142],[-81.44676,30.16267],[-81.44725,30.16442],[-81.45229,30.1642],[-81.45365,30.16295],[-81.45316,30.16119],[-81.44811,30.16142]],[[-81.45537,30.15694],[-81.45488,30.15518],[-81.45304,30.15467],[-81.45168,30.15592],[-81.44984,30.15541],[-81.44849,30.15665],[-81.44898,30.15841],[-81.45082,30.15892],[-81.45217,30.15768],[-81.45402,30.15819],[-81.45537,30.15694]]]}},{"type":"Feature","properties":{"sqmi":2.01},"geometry":{"type":"Polygon","coordinates":[[[-75.87972,35.80327],[-75.87786,35.80418],[-75.87587,35.80345],[-75.87574,35.80181],[-75.87375,35.80108],[-75.87189,35.80199],[-75.86605,35.80143],[-75.86418,35.80234],[-75.85834,35.80178],[-75.85647,35.80269],[-75.85448,35.80196],[-75.85436,35.80032],[-75.85622,35.79941],[-75.8561,35.79777],[-75.85796,35.79686],[-75.85783,35.79522],[-75.85584,35.79449],[-75.85572,35.79285],[-75.86144,35.79177],[-75.86343,35.7925],[-75.86355,35.79414],[-75.86554,35.79487],[-75.86741,35.79396],[-75.86728,35.79232],[-75.86914,35.79141],[-75.87113,35.79215],[-75.87126,35.79379],[-75.87325,35.79452],[-75.87511,35.79361],[-75.88028,35.79541],[-75.88491,35.79531],[-75.88726,35.79732],[-75.88519,35.79891],[-75.88532,35.80055],[-75.88731,35.80128],[-75.88912,35.79972],[-75.90247,35.79729],[-75.90404,35.79787],[-75.90473,35.80151],[-75.9083,35.80395],[-75.9164,35.80241],[-75.91653,35.80405],[-75.91467,35.80496],[-75.9148,35.8066],[-75.91679,35.80733],[-75.91692,35.80898],[-75.9112,35.81006],[-75.90921,35.80933],[-75.90908,35.80769],[-75.90709,35.80696],[-75.90696,35.80532],[-75.90111,35.80476],[-75.89925,35.80567],[-75.89938,35.80731],[-75.89751,35.80822],[-75.89167,35.80767],[-75.8898,35.80857],[-75.88993,35.81021],[-75.88807,35.81112],[-75.88819,35.81276],[-75.88633,35.81367],[-75.88434,35.81294],[-75.88421,35.8113],[-75.88222,35.81057],[-75.88209,35.80893],[-75.88396,35.80802],[-75.88383,35.80638],[-75.88184,35.80565],[-75.88172,35.80401],[-75.87972,35.80327]]]}},{"type":"Feature","properties":{"sqmi":1.91},"geometry":{"type":"Polygon","coordinates":[[[-77.15185,34.95383],[-77.14987,34.95312],[-77.14971,34.95151],[-77.15152,34.95059],[-77.15135,34.94898],[-77.14938,34.94828],[-77.14921,34.94666],[-77.15102,34.94574],[-77.15085,34.94413],[-77.14888,34.94343],[-77.14871,34.94181],[-77.15052,34.9409],[-77.15035,34.93928],[-77.14838,34.93858],[-77.14821,34.93696],[-77.15002,34.93605],[-77.15199,34.93675],[-77.15216,34.93837],[-77.15414,34.93907],[-77.15594,34.93815],[-77.15792,34.93885],[-77.15973,34.93794],[-77.15956,34.93632],[-77.16137,34.93541],[-77.16334,34.93611],[-77.16351,34.93772],[-77.16548,34.93842],[-77.16565,34.94004],[-77.16762,34.94074],[-77.16779,34.94236],[-77.17355,34.94284],[-77.17372,34.94446],[-77.17191,34.94537],[-77.16993,34.94467],[-77.16812,34.94559],[-77.16829,34.94721],[-77.16648,34.94812],[-77.16665,34.94974],[-77.16484,34.95065],[-77.16501,34.95227],[-77.1632,34.95318],[-77.16337,34.9548],[-77.16156,34.95571],[-77.16173,34.95733],[-77.1637,34.95803],[-77.16551,34.95712],[-77.16748,34.95782],[-77.16765,34.95943],[-77.16963,34.96013],[-77.16979,34.96175],[-77.1642,34.96288],[-77.16437,34.9645],[-77.16256,34.96541],[-77.16058,34.96471],[-77.16042,34.9631],[-77.15844,34.96239],[-77.15663,34.96331],[-77.1568,34.96493],[-77.15877,34.96563],[-77.15894,34.96724],[-77.15713,34.96816],[-77.1573,34.96978],[-77.15927,34.97048],[-77.15944,34.97209],[-77.16142,34.9728],[-77.16158,34.97441],[-77.15977,34.97533],[-77.15401,34.97484],[-77.15385,34.97322],[-77.15566,34.97231],[-77.15549,34.97069],[-77.15351,34.96999],[-77.15335,34.96837],[-77.15137,34.96767],[-77.15121,34.96606],[-77.15301,34.96514],[-77.15285,34.96352],[-77.15087,34.96282],[-77.15071,34.96121],[-77.15252,34.96029],[-77.15235,34.95867],[-77.15037,34.95797],[-77.15021,34.95636],[-77.15202,34.95544],[-77.15185,34.95383]]]}},{"type":"Feature","properties":{"sqmi":1.48},"geometry":{"type":"Polygon","coordinates":[[[-76.40414,35.9595],[-76.406,35.95859],[-76.40586,35.95694],[-76.41158,35.95583],[-76.41144,35.95419],[-76.4133,35.95327],[-76.41315,35.95162],[-76.41501,35.95071],[-76.41487,35.94906],[-76.41673,35.94814],[-76.41873,35.94887],[-76.41888,35.95051],[-76.41702,35.95143],[-76.41716,35.95307],[-76.41917,35.9538],[-76.41931,35.95544],[-76.41745,35.95636],[-76.4176,35.95801],[-76.4196,35.95873],[-76.41975,35.96037],[-76.42175,35.9611],[-76.42362,35.96018],[-76.42347,35.95854],[-76.42533,35.95762],[-76.42734,35.95834],[-76.4292,35.95742],[-76.4312,35.95815],[-76.43306,35.95723],[-76.43893,35.95776],[-76.44079,35.95684],[-76.44064,35.9552],[-76.43864,35.95447],[-76.43849,35.95283],[-76.44035,35.95191],[-76.44236,35.95263],[-76.4425,35.95428],[-76.44451,35.955],[-76.44466,35.95665],[-76.4428,35.95756],[-76.44294,35.95921],[-76.43722,35.96032],[-76.43736,35.96197],[-76.4355,35.96288],[-76.43565,35.96453],[-76.42992,35.96564],[-76.43007,35.96729],[-76.43207,35.96801],[-76.43222,35.96966],[-76.43422,35.97038],[-76.43437,35.97202],[-76.43251,35.97294],[-76.4305,35.97222],[-76.42864,35.97314],[-76.42664,35.97241],[-76.42649,35.97077],[-76.42449,35.97004],[-76.42263,35.97096],[-76.42062,35.97024],[-76.42048,35.96859],[-76.4146,35.96806],[-76.41446,35.96642],[-76.41245,35.96569],[-76.41231,35.96405],[-76.4103,35.96332],[-76.40844,35.96424],[-76.40644,35.96352],[-76.40629,35.96187],[-76.40429,35.96115],[-76.40414,35.9595]],[[-76.42577,35.96255],[-76.42777,35.96327],[-76.42963,35.96235],[-76.42949,35.96071],[-76.42748,35.95999],[-76.42562,35.9609],[-76.42577,35.96255]]]}},{"type":"Feature","properties":{"sqmi":1.45},"geometry":{"type":"Polygon","coordinates":[[[-81.71291,30.54462],[-81.71155,30.54586],[-81.71205,30.54762],[-81.71391,30.54814],[-81.71441,30.5499],[-81.71948,30.54968],[-81.72085,30.54843],[-81.72506,30.55121],[-81.72556,30.55297],[-81.7242,30.55422],[-81.72234,30.55371],[-81.72184,30.55195],[-81.71998,30.55144],[-81.71862,30.55268],[-81.71912,30.55444],[-81.72098,30.55496],[-81.72148,30.55672],[-81.72012,30.55797],[-81.71826,30.55745],[-81.71776,30.55569],[-81.7159,30.55518],[-81.71454,30.55643],[-81.71268,30.55591],[-81.71218,30.55415],[-81.7071,30.55438],[-81.7066,30.55261],[-81.70475,30.5521],[-81.70425,30.55034],[-81.70561,30.54909],[-81.70747,30.54961],[-81.70797,30.55137],[-81.70982,30.55188],[-81.71119,30.55063],[-81.71069,30.54887],[-81.70883,30.54836],[-81.70833,30.5466],[-81.70969,30.54535],[-81.70844,30.54338],[-81.70834,30.53922],[-81.70609,30.53903],[-81.70589,30.53929],[-81.70817,30.53935],[-81.70829,30.54334],[-81.70733,30.54308],[-81.70641,30.5407],[-81.70498,30.5408],[-81.70448,30.53904],[-81.70584,30.5378],[-81.70534,30.53603],[-81.70348,30.53552],[-81.70298,30.53376],[-81.70434,30.53251],[-81.7062,30.53303],[-81.7067,30.53479],[-81.70856,30.5353],[-81.70992,30.53405],[-81.70942,30.53229],[-81.71078,30.53104],[-81.71029,30.52928],[-81.70843,30.52877],[-81.70707,30.53002],[-81.70521,30.52951],[-81.70385,30.53075],[-81.70199,30.53024],[-81.70149,30.52848],[-81.70285,30.52723],[-81.70471,30.52774],[-81.70607,30.5265],[-81.70793,30.52701],[-81.70929,30.52576],[-81.70879,30.524],[-81.71015,30.52275],[-81.71201,30.52327],[-81.71337,30.52202],[-81.71759,30.5248],[-81.71809,30.52656],[-81.71994,30.52708],[-81.72044,30.52884],[-81.71908,30.53008],[-81.71722,30.52957],[-81.71586,30.53082],[-81.71636,30.53258],[-81.715,30.53383],[-81.7155,30.53559],[-81.71736,30.5361],[-81.71786,30.53786],[-81.71971,30.53838],[-81.72021,30.54014],[-81.71885,30.54138],[-81.71935,30.54315],[-81.72121,30.54366],[-81.72171,30.54542],[-81.72035,30.54667],[-81.71849,30.54615],[-81.71713,30.5474],[-81.71527,30.54689],[-81.71477,30.54513],[-81.71613,30.54388],[-81.71563,30.54212],[-81.71377,30.54161],[-81.71241,30.54285],[-81.71291,30.54462]],[[-81.7135,30.52855],[-81.71487,30.5273],[-81.71437,30.52554],[-81.71251,30.52503],[-81.71115,30.52627],[-81.71165,30.52803],[-81.7135,30.52855]]]}},{"type":"Feature","properties":{"sqmi":1.4},"geometry":{"type":"Polygon","coordinates":[[[-81.29273,31.76779],[-81.29411,31.76657],[-81.29597,31.7671],[-81.29735,31.76587],[-81.29685,31.76412],[-81.29499,31.76359],[-81.29449,31.76183],[-81.29586,31.76061],[-81.29537,31.75885],[-81.29674,31.75762],[-81.29861,31.75816],[-81.29998,31.75693],[-81.29949,31.75517],[-81.30086,31.75395],[-81.30509,31.75677],[-81.30559,31.75852],[-81.30746,31.75905],[-81.30883,31.75783],[-81.30834,31.75607],[-81.30647,31.75554],[-81.30597,31.75379],[-81.30735,31.75256],[-81.31246,31.7524],[-81.31295,31.75415],[-81.31482,31.75468],[-81.31619,31.75346],[-81.31806,31.75399],[-81.31856,31.75574],[-81.31718,31.75697],[-81.31768,31.75873],[-81.3163,31.75995],[-81.3168,31.76171],[-81.31542,31.76293],[-81.31356,31.7624],[-81.31306,31.76065],[-81.31443,31.75942],[-81.31394,31.75766],[-81.31207,31.75713],[-81.3107,31.75836],[-81.31119,31.76012],[-81.30982,31.76134],[-81.30795,31.76081],[-81.30658,31.76204],[-81.30707,31.76379],[-81.3057,31.76502],[-81.30059,31.76518],[-81.29922,31.7664],[-81.29971,31.76816],[-81.29834,31.76939],[-81.29883,31.77114],[-81.3007,31.77167],[-81.30119,31.77343],[-81.30306,31.77396],[-81.30443,31.77273],[-81.3063,31.77327],[-81.30768,31.77204],[-81.30955,31.77257],[-81.31092,31.77135],[-81.31279,31.77188],[-81.31328,31.77363],[-81.31751,31.77645],[-81.31801,31.77821],[-81.31663,31.77943],[-81.31713,31.78119],[-81.31576,31.78241],[-81.31389,31.78188],[-81.31339,31.78013],[-81.31477,31.7789],[-81.31427,31.77715],[-81.3124,31.77661],[-81.31103,31.77784],[-81.3068,31.77502],[-81.30542,31.77625],[-81.30592,31.778],[-81.30454,31.77923],[-81.30031,31.77641],[-81.29894,31.77763],[-81.29707,31.7771],[-81.2957,31.77833],[-81.29059,31.77849],[-81.29009,31.77673],[-81.29147,31.77551],[-81.29097,31.77375],[-81.29235,31.77253],[-81.29185,31.77077],[-81.29323,31.76955],[-81.29273,31.76779]]]}},{"type":"Feature","properties":{"sqmi":1.38},"geometry":{"type":"Polygon","coordinates":[[[-77.05051,35.3084],[-77.0525,35.30911],[-77.05266,35.31073],[-77.05084,35.31165],[-77.051,35.31328],[-77.04537,35.31441],[-77.04553,35.31603],[-77.04371,35.31695],[-77.04172,35.31625],[-77.04156,35.31462],[-77.03957,35.31391],[-77.0394,35.31229],[-77.03742,35.31158],[-77.03725,35.30995],[-77.03526,35.30925],[-77.0351,35.30762],[-77.03311,35.30691],[-77.03295,35.30529],[-77.03096,35.30458],[-77.0308,35.30295],[-77.025,35.30246],[-77.02484,35.30083],[-77.02285,35.30012],[-77.02269,35.2985],[-77.0207,35.29779],[-77.02054,35.29617],[-77.01855,35.29546],[-77.01839,35.29383],[-77.0164,35.29313],[-77.01624,35.2915],[-77.01806,35.29058],[-77.02386,35.29108],[-77.02568,35.29016],[-77.02767,35.29087],[-77.02783,35.29249],[-77.02982,35.2932],[-77.02998,35.29483],[-77.03197,35.29553],[-77.03379,35.29461],[-77.03363,35.29299],[-77.03545,35.29207],[-77.03744,35.29278],[-77.0376,35.2944],[-77.03959,35.29511],[-77.03975,35.29674],[-77.03793,35.29765],[-77.03809,35.29928],[-77.04008,35.29999],[-77.04024,35.30161],[-77.04223,35.30232],[-77.04406,35.3014],[-77.04604,35.30211],[-77.04621,35.30373],[-77.04438,35.30465],[-77.04455,35.30628],[-77.04654,35.30698],[-77.0467,35.30861],[-77.04869,35.30932],[-77.05051,35.3084]]]}},{"type":"Feature","properties":{"sqmi":1.34},"geometry":{"type":"Polygon","coordinates":[[[-79.66711,33.07798],[-79.66664,33.07624],[-79.66802,33.07506],[-79.66756,33.07332],[-79.67216,33.07153],[-79.6717,33.06979],[-79.67307,33.06862],[-79.67261,33.06688],[-79.67077,33.06631],[-79.66939,33.06749],[-79.66985,33.06923],[-79.66848,33.07041],[-79.66664,33.06984],[-79.66617,33.0681],[-79.66755,33.06693],[-79.66709,33.06519],[-79.66847,33.06401],[-79.668,33.06227],[-79.66938,33.06109],[-79.67353,33.06396],[-79.67399,33.0657],[-79.67583,33.06626],[-79.67629,33.068],[-79.67813,33.06857],[-79.6786,33.0703],[-79.68044,33.07087],[-79.68181,33.06969],[-79.68135,33.06795],[-79.68273,33.06677],[-79.68457,33.06734],[-79.68595,33.06616],[-79.68549,33.06442],[-79.68686,33.06324],[-79.68871,33.06381],[-79.6933,33.06202],[-79.69514,33.06258],[-79.69652,33.0614],[-79.69836,33.06196],[-79.69883,33.0637],[-79.69745,33.06488],[-79.69791,33.06662],[-79.69653,33.0678],[-79.69469,33.06724],[-79.69331,33.06841],[-79.68917,33.06555],[-79.68779,33.06672],[-79.68825,33.06846],[-79.69009,33.06903],[-79.69056,33.07077],[-79.68918,33.07194],[-79.68964,33.07368],[-79.69148,33.07425],[-79.69195,33.07599],[-79.69057,33.07716],[-79.69103,33.0789],[-79.68965,33.08008],[-79.68781,33.07952],[-79.68735,33.07778],[-79.6832,33.07491],[-79.68182,33.07609],[-79.68229,33.07783],[-79.68091,33.079],[-79.68137,33.08074],[-79.68321,33.08131],[-79.68368,33.08305],[-79.6823,33.08422],[-79.68046,33.08366],[-79.67908,33.08483],[-79.67954,33.08657],[-79.67816,33.08775],[-79.67632,33.08719],[-79.67586,33.08545],[-79.67724,33.08427],[-79.67677,33.08253],[-79.67493,33.08197],[-79.67447,33.08023],[-79.67585,33.07905],[-79.67539,33.07731],[-79.67676,33.07614],[-79.6763,33.0744],[-79.67446,33.07383],[-79.67308,33.07501],[-79.67355,33.07675],[-79.66895,33.07854],[-79.66711,33.07798]]]}},{"type":"Feature","properties":{"sqmi":1.29},"geometry":{"type":"Polygon","coordinates":[[[-76.78555,35.90762],[-76.7874,35.9067],[-76.78724,35.90506],[-76.78523,35.90434],[-76.78507,35.9027],[-76.78307,35.90198],[-76.78291,35.90034],[-76.7809,35.89962],[-76.78074,35.89798],[-76.78259,35.89705],[-76.7846,35.89777],[-76.78476,35.89941],[-76.78677,35.90013],[-76.78693,35.90177],[-76.79279,35.90229],[-76.79464,35.90136],[-76.79449,35.89972],[-76.79634,35.8988],[-76.79618,35.89716],[-76.80189,35.89603],[-76.80173,35.89439],[-76.80358,35.89346],[-76.80342,35.89182],[-76.80528,35.8909],[-76.81114,35.89141],[-76.81299,35.89048],[-76.81283,35.88884],[-76.8136,35.88846],[-76.81669,35.88864],[-76.81685,35.89028],[-76.815,35.8912],[-76.81516,35.89284],[-76.81717,35.89356],[-76.81733,35.8952],[-76.81548,35.89613],[-76.81563,35.89777],[-76.81764,35.89849],[-76.8178,35.90013],[-76.81595,35.90105],[-76.81394,35.90033],[-76.81378,35.89869],[-76.81177,35.89797],[-76.80992,35.8989],[-76.81008,35.90054],[-76.80823,35.90146],[-76.80622,35.90075],[-76.80437,35.90167],[-76.80236,35.90095],[-76.80221,35.89931],[-76.8002,35.89859],[-76.79835,35.89952],[-76.7985,35.90116],[-76.79665,35.90208],[-76.79676,35.90316],[-76.79286,35.90572],[-76.79151,35.90784],[-76.79098,35.91219],[-76.78633,35.91368],[-76.78515,35.91723],[-76.78267,35.91807],[-76.78448,35.91676],[-76.78432,35.91512],[-76.78231,35.9144],[-76.78046,35.91532],[-76.78062,35.91696],[-76.775,35.91906],[-76.77491,35.91809],[-76.77676,35.91717],[-76.7766,35.91553],[-76.77444,35.91317],[-76.78015,35.91204],[-76.77999,35.9104],[-76.77798,35.90968],[-76.77783,35.90804],[-76.77968,35.90711],[-76.77952,35.90547],[-76.78137,35.90455],[-76.78338,35.90526],[-76.78354,35.90691],[-76.78555,35.90762]],[[-76.80575,35.89582],[-76.8039,35.89674],[-76.80406,35.89839],[-76.80606,35.8991],[-76.80792,35.89818],[-76.80776,35.89654],[-76.80575,35.89582]]]}},{"type":"Feature","properties":{"sqmi":1.27},"geometry":{"type":"Polygon","coordinates":[[[-77.22089,35.12329],[-77.21891,35.12259],[-77.21874,35.12097],[-77.22055,35.12005],[-77.22038,35.11843],[-77.2184,35.11772],[-77.21823,35.1161],[-77.21625,35.1154],[-77.21443,35.11632],[-77.2146,35.11794],[-77.21279,35.11886],[-77.21296,35.12048],[-77.21114,35.1214],[-77.20916,35.1207],[-77.20899,35.11908],[-77.21081,35.11816],[-77.21064,35.11654],[-77.20865,35.11583],[-77.20849,35.11421],[-77.21409,35.11308],[-77.21393,35.11146],[-77.21194,35.11076],[-77.21177,35.10914],[-77.21359,35.10822],[-77.21557,35.10892],[-77.21574,35.11054],[-77.21772,35.11124],[-77.21789,35.11286],[-77.21987,35.11356],[-77.22548,35.11243],[-77.22531,35.11081],[-77.22333,35.11011],[-77.22316,35.10849],[-77.22497,35.10757],[-77.22696,35.10827],[-77.22713,35.10989],[-77.22911,35.11059],[-77.23092,35.10967],[-77.23075,35.10805],[-77.23256,35.10713],[-77.23455,35.10784],[-77.23472,35.10946],[-77.2367,35.11016],[-77.23851,35.10924],[-77.24049,35.10994],[-77.24066,35.11156],[-77.23885,35.11248],[-77.23902,35.1141],[-77.241,35.1148],[-77.24117,35.11642],[-77.23936,35.11734],[-77.23953,35.11896],[-77.23772,35.11988],[-77.23789,35.1215],[-77.23607,35.12242],[-77.23624,35.12404],[-77.23443,35.12496],[-77.23245,35.12426],[-77.23228,35.12264],[-77.2265,35.12215],[-77.22089,35.12329]]]}},{"type":"Feature","properties":{"sqmi":1.25},"geometry":{"type":"Polygon","coordinates":[[[-76.61525,35.80692],[-76.6134,35.80784],[-76.61355,35.80948],[-76.6117,35.8104],[-76.6097,35.80968],[-76.60955,35.80804],[-76.6114,35.80712],[-76.61125,35.80548],[-76.6131,35.80456],[-76.61295,35.80292],[-76.60709,35.8024],[-76.60694,35.80076],[-76.60879,35.79984],[-76.60864,35.7982],[-76.61049,35.79728],[-76.61034,35.79564],[-76.61604,35.79452],[-76.61589,35.79288],[-76.61389,35.79216],[-76.61374,35.79052],[-76.61559,35.7896],[-76.61759,35.79032],[-76.61774,35.79196],[-76.61974,35.79268],[-76.62159,35.79176],[-76.62745,35.79228],[-76.6276,35.79392],[-76.6296,35.79464],[-76.62975,35.79628],[-76.63175,35.797],[-76.6319,35.79864],[-76.63005,35.79956],[-76.63021,35.8012],[-76.63221,35.80192],[-76.63236,35.80356],[-76.63051,35.80448],[-76.63066,35.80612],[-76.63266,35.80684],[-76.63282,35.80848],[-76.63482,35.8092],[-76.63497,35.81084],[-76.62927,35.81196],[-76.62726,35.81124],[-76.62711,35.8096],[-76.62511,35.80888],[-76.62496,35.80724],[-76.62296,35.80652],[-76.62111,35.80744],[-76.61525,35.80692]],[[-76.6165,35.79944],[-76.61635,35.7978],[-76.61434,35.79708],[-76.61249,35.798],[-76.61264,35.79964],[-76.61465,35.80036],[-76.6165,35.79944]],[[-76.6242,35.79904],[-76.6262,35.79976],[-76.62805,35.79884],[-76.6279,35.7972],[-76.6259,35.79648],[-76.62405,35.7974],[-76.6242,35.79904]]]}},{"type":"Feature","properties":{"sqmi":1.24},"geometry":{"type":"Polygon","coordinates":[[[-81.33209,32.0293],[-81.33397,32.02984],[-81.33446,32.03159],[-81.33634,32.03213],[-81.33722,32.03134],[-81.33869,32.03314],[-81.34105,32.0315],[-81.34256,32.03439],[-81.34345,32.03427],[-81.34377,32.03317],[-81.3444,32.03435],[-81.34742,32.03533],[-81.34823,32.03922],[-81.34972,32.03855],[-81.34982,32.035],[-81.35064,32.0345],[-81.35149,32.03744],[-81.35543,32.04126],[-81.35586,32.04414],[-81.35381,32.04517],[-81.35194,32.04464],[-81.35056,32.04586],[-81.35106,32.04762],[-81.34968,32.04884],[-81.34781,32.04831],[-81.34643,32.04953],[-81.34455,32.049],[-81.34318,32.05022],[-81.3413,32.04968],[-81.34081,32.04793],[-81.33893,32.0474],[-81.33843,32.04564],[-81.33656,32.04511],[-81.33529,32.04623],[-81.3331,32.04491],[-81.33222,32.04504],[-81.33334,32.0458],[-81.33193,32.04702],[-81.33006,32.04648],[-81.32956,32.04473],[-81.32769,32.04419],[-81.32719,32.04244],[-81.32857,32.04122],[-81.32807,32.03946],[-81.32945,32.03824],[-81.33132,32.03877],[-81.33182,32.04053],[-81.33044,32.04175],[-81.33094,32.0435],[-81.33281,32.04404],[-81.33419,32.04282],[-81.33369,32.04106],[-81.33507,32.03984],[-81.33457,32.03808],[-81.33033,32.03526],[-81.32983,32.0335],[-81.33121,32.03228],[-81.33072,32.03053],[-81.33209,32.0293]],[[-81.34069,32.04144],[-81.34012,32.0395],[-81.33832,32.03915],[-81.33694,32.04037],[-81.33854,32.04336],[-81.34069,32.04144]]]}},{"type":"Feature","properties":{"sqmi":1.2},"geometry":{"type":"Polygon","coordinates":[[[-77.26614,35.08158],[-77.26416,35.08088],[-77.26399,35.07926],[-77.2658,35.07834],[-77.26778,35.07904],[-77.26795,35.08066],[-77.26993,35.08136],[-77.27175,35.08044],[-77.27373,35.08114],[-77.2739,35.08276],[-77.27209,35.08368],[-77.27226,35.0853],[-77.27045,35.08622],[-77.27062,35.08784],[-77.27639,35.08832],[-77.27656,35.08994],[-77.27096,35.09108],[-77.27113,35.0927],[-77.26932,35.09362],[-77.26734,35.09292],[-77.26552,35.09384],[-77.26569,35.09546],[-77.26768,35.09616],[-77.26785,35.09778],[-77.26604,35.0987],[-77.26621,35.10032],[-77.26439,35.10124],[-77.26457,35.10286],[-77.26655,35.10356],[-77.26672,35.10518],[-77.2687,35.10588],[-77.27051,35.10496],[-77.27034,35.10334],[-77.27215,35.10242],[-77.27793,35.1029],[-77.2781,35.10452],[-77.27629,35.10544],[-77.27646,35.10706],[-77.27465,35.10798],[-77.27267,35.10728],[-77.27086,35.1082],[-77.27103,35.10982],[-77.26921,35.11074],[-77.26938,35.11236],[-77.26378,35.1135],[-77.26179,35.1128],[-77.26162,35.11118],[-77.25964,35.11047],[-77.25947,35.10885],[-77.25749,35.10815],[-77.25732,35.10653],[-77.25913,35.10561],[-77.25896,35.10399],[-77.26077,35.10307],[-77.2606,35.10145],[-77.25862,35.10075],[-77.25845,35.09913],[-77.25646,35.09843],[-77.25629,35.09681],[-77.25811,35.09589],[-77.26009,35.09659],[-77.26026,35.09821],[-77.26224,35.09892],[-77.26405,35.098],[-77.26388,35.09638],[-77.2619,35.09568],[-77.26173,35.09406],[-77.26354,35.09314],[-77.26337,35.09152],[-77.26139,35.09082],[-77.26122,35.0892],[-77.25924,35.08849],[-77.25907,35.08688],[-77.26088,35.08596],[-77.26286,35.08666],[-77.26467,35.08574],[-77.2645,35.08412],[-77.26631,35.0832],[-77.26614,35.08158]],[[-77.26491,35.1061],[-77.26292,35.1054],[-77.26111,35.10631],[-77.26128,35.10793],[-77.26327,35.10864],[-77.26508,35.10772],[-77.26491,35.1061]]]}},{"type":"Feature","properties":{"sqmi":1.17},"geometry":{"type":"Polygon","coordinates":[[[-79.43326,33.22163],[-79.43371,33.22337],[-79.43555,33.22394],[-79.43693,33.22277],[-79.43647,33.22103],[-79.43785,33.21986],[-79.43968,33.22043],[-79.44014,33.22216],[-79.44519,33.22213],[-79.44565,33.22386],[-79.44749,33.22443],[-79.44887,33.22326],[-79.44841,33.22152],[-79.44979,33.22035],[-79.45162,33.22092],[-79.45144,33.22526],[-79.45276,33.22784],[-79.45753,33.23],[-79.45857,33.22976],[-79.46056,33.22822],[-79.46176,33.22974],[-79.45796,33.2316],[-79.4574,33.23264],[-79.45775,33.23486],[-79.45419,33.23563],[-79.45239,33.23712],[-79.45069,33.23659],[-79.44957,33.23754],[-79.44426,33.2378],[-79.44381,33.23606],[-79.44197,33.23549],[-79.44151,33.23376],[-79.43968,33.23319],[-79.43922,33.23145],[-79.43738,33.23088],[-79.43692,33.22915],[-79.43279,33.22627],[-79.43234,33.22454],[-79.42729,33.22457],[-79.42683,33.22284],[-79.42821,33.22167],[-79.42775,33.21993],[-79.42913,33.21876],[-79.43326,33.22163]]]}},{"type":"Feature","properties":{"sqmi":1.13},"geometry":{"type":"Polygon","coordinates":[[[-77.18231,35.43358],[-77.18214,35.43195],[-77.18397,35.43103],[-77.1838,35.4294],[-77.18563,35.42848],[-77.18546,35.42685],[-77.18728,35.42593],[-77.18928,35.42663],[-77.18945,35.42826],[-77.18762,35.42918],[-77.18779,35.43081],[-77.18597,35.43174],[-77.18613,35.43337],[-77.18813,35.43407],[-77.1883,35.4357],[-77.18647,35.43662],[-77.18664,35.43825],[-77.18482,35.43918],[-77.18499,35.4408],[-77.18698,35.44151],[-77.18881,35.44059],[-77.18864,35.43896],[-77.19046,35.43804],[-77.19246,35.43874],[-77.19263,35.44037],[-77.1908,35.44129],[-77.19097,35.44292],[-77.18915,35.44385],[-77.18931,35.44548],[-77.18749,35.4464],[-77.18549,35.44569],[-77.18532,35.44406],[-77.18333,35.44336],[-77.18316,35.44173],[-77.18116,35.44102],[-77.17934,35.44194],[-77.17951,35.44357],[-77.17768,35.4445],[-77.17568,35.44379],[-77.17386,35.44471],[-77.17403,35.44634],[-77.16838,35.44748],[-77.16638,35.44677],[-77.16621,35.44514],[-77.16422,35.44444],[-77.16405,35.44281],[-77.1697,35.44167],[-77.16953,35.44004],[-77.16754,35.43933],[-77.16737,35.43771],[-77.16537,35.437],[-77.1652,35.43537],[-77.16703,35.43445],[-77.16686,35.43282],[-77.16869,35.4319],[-77.16852,35.43027],[-77.16652,35.42956],[-77.1647,35.43048],[-77.1627,35.42978],[-77.16254,35.42815],[-77.16436,35.42722],[-77.16419,35.4256],[-77.16602,35.42467],[-77.16801,35.42538],[-77.16818,35.42701],[-77.17018,35.42771],[-77.17034,35.42934],[-77.17616,35.42983],[-77.17633,35.43146],[-77.17832,35.43217],[-77.17849,35.4338],[-77.17667,35.43472],[-77.17684,35.43635],[-77.17501,35.43727],[-77.17518,35.4389],[-77.17717,35.43961],[-77.179,35.43869],[-77.17883,35.43706],[-77.18448,35.43592],[-77.18431,35.43429],[-77.18231,35.43358]],[[-77.17467,35.43401],[-77.1745,35.43239],[-77.17251,35.43168],[-77.17068,35.4326],[-77.17085,35.43423],[-77.16902,35.43515],[-77.16919,35.43678],[-77.17119,35.43749],[-77.17301,35.43657],[-77.17285,35.43494],[-77.17467,35.43401]]]}},{"type":"Feature","properties":{"sqmi":1.1},"geometry":{"type":"Polygon","coordinates":[[[-77.0025,35.634],[-77.00433,35.63308],[-77.00417,35.63144],[-77.00601,35.63052],[-77.00584,35.62888],[-77.00768,35.62796],[-77.00968,35.62867],[-77.00984,35.63031],[-77.01184,35.63102],[-77.01368,35.6301],[-77.01568,35.63081],[-77.01584,35.63244],[-77.01401,35.63336],[-77.01201,35.63265],[-77.01017,35.63358],[-77.01033,35.63521],[-77.0085,35.63613],[-77.00866,35.63777],[-77.00299,35.6389],[-77.00099,35.63819],[-77.00082,35.63656],[-76.99882,35.63585],[-76.99866,35.63421],[-76.99666,35.6335],[-76.99649,35.63186],[-76.99449,35.63115],[-76.99433,35.62952],[-76.99233,35.62881],[-76.99217,35.62717],[-76.994,35.62625],[-76.99384,35.62462],[-76.99184,35.6239],[-76.99168,35.62227],[-76.99351,35.62135],[-76.99335,35.61971],[-76.99135,35.619],[-76.99119,35.61737],[-76.98919,35.61666],[-76.98902,35.61502],[-76.98702,35.61431],[-76.98686,35.61268],[-76.9887,35.61175],[-76.98853,35.61012],[-76.98654,35.60941],[-76.98637,35.60777],[-76.98821,35.60685],[-76.99404,35.60735],[-76.99421,35.60899],[-76.99237,35.60991],[-76.99253,35.61154],[-76.9907,35.61246],[-76.99086,35.6141],[-76.99286,35.61481],[-76.9947,35.61389],[-76.99453,35.61225],[-77.00021,35.61112],[-77.0022,35.61183],[-77.00237,35.61346],[-77.00437,35.61418],[-77.00453,35.61581],[-77.00653,35.61652],[-77.0067,35.61816],[-77.00486,35.61908],[-77.00502,35.62071],[-76.99935,35.62185],[-76.99951,35.62348],[-76.99768,35.6244],[-76.99784,35.62604],[-76.99984,35.62675],[-77.0,35.62838],[-76.99817,35.62931],[-76.99833,35.63094],[-77.00033,35.63165],[-77.0005,35.63329],[-77.0025,35.634]],[[-76.99519,35.61879],[-76.99719,35.6195],[-77.00286,35.61837],[-77.0027,35.61673],[-77.0007,35.61602],[-77.00053,35.61439],[-76.99853,35.61368],[-76.9967,35.6146],[-76.99686,35.61623],[-76.99502,35.61716],[-76.99519,35.61879]]]}},{"type":"Feature","properties":{"sqmi":1.1},"geometry":{"type":"Polygon","coordinates":[[[-78.20785,34.11576],[-78.21196,34.1187],[-78.21743,34.11754],[-78.21723,34.11595],[-78.21899,34.11503],[-78.21879,34.11344],[-78.21684,34.11277],[-78.21508,34.11369],[-78.21312,34.11301],[-78.21292,34.11142],[-78.21468,34.1105],[-78.21448,34.10891],[-78.21624,34.10799],[-78.21604,34.1064],[-78.2178,34.10548],[-78.21976,34.10616],[-78.21995,34.10775],[-78.2182,34.10867],[-78.2184,34.11026],[-78.22251,34.1132],[-78.2227,34.11479],[-78.22466,34.11547],[-78.22486,34.11706],[-78.2231,34.11797],[-78.2233,34.11957],[-78.22526,34.12024],[-78.22545,34.12183],[-78.22741,34.12251],[-78.22917,34.12159],[-78.22897,34.12],[-78.22701,34.11932],[-78.22681,34.11773],[-78.23229,34.11657],[-78.23209,34.11498],[-78.23013,34.1143],[-78.22993,34.11271],[-78.23169,34.1118],[-78.2358,34.11474],[-78.236,34.11633],[-78.23424,34.11724],[-78.23444,34.11884],[-78.24011,34.11927],[-78.24558,34.11811],[-78.24754,34.11878],[-78.24774,34.12037],[-78.24227,34.12153],[-78.2366,34.1211],[-78.23484,34.12202],[-78.23504,34.12361],[-78.23328,34.12453],[-78.23132,34.12386],[-78.22957,34.12477],[-78.22976,34.12637],[-78.22801,34.12728],[-78.2282,34.12888],[-78.22645,34.12979],[-78.22665,34.13139],[-78.22489,34.1323],[-78.22293,34.13163],[-78.22273,34.13004],[-78.22449,34.12912],[-78.22429,34.12753],[-78.22018,34.12459],[-78.21998,34.12299],[-78.22174,34.12208],[-78.22154,34.12048],[-78.21959,34.11981],[-78.21783,34.12073],[-78.21803,34.12232],[-78.21627,34.12324],[-78.21431,34.12256],[-78.21411,34.12097],[-78.20844,34.12054],[-78.20824,34.11895],[-78.20629,34.11827],[-78.20609,34.11668],[-78.20785,34.11576]]]}},{"type":"Feature","properties":{"sqmi":1.07},"geometry":{"type":"Polygon","coordinates":[[[-81.38608,28.86125],[-81.38559,28.8595],[-81.38693,28.85823],[-81.38645,28.85648],[-81.38779,28.85522],[-81.3873,28.85346],[-81.38318,28.85071],[-81.3827,28.84895],[-81.38403,28.84769],[-81.38901,28.84742],[-81.38949,28.84917],[-81.38862,28.84928],[-81.38818,28.84993],[-81.39132,28.84968],[-81.39265,28.84842],[-81.39448,28.84891],[-81.39496,28.85067],[-81.39678,28.85117],[-81.39812,28.84991],[-81.39994,28.8504],[-81.40128,28.84914],[-81.4031,28.84964],[-81.40358,28.85139],[-81.40224,28.85266],[-81.40273,28.85441],[-81.40455,28.85491],[-81.40503,28.85667],[-81.4037,28.85793],[-81.40187,28.85743],[-81.40054,28.85869],[-81.40102,28.86045],[-81.39968,28.86171],[-81.40017,28.86347],[-81.39883,28.86473],[-81.39701,28.86423],[-81.39567,28.86549],[-81.39154,28.86274],[-81.3902,28.864],[-81.38838,28.86351],[-81.38704,28.86477],[-81.38522,28.86427],[-81.38389,28.86553],[-81.38206,28.86503],[-81.38158,28.86328],[-81.38608,28.86125]]]}},{"type":"Feature","properties":{"sqmi":1.03},"geometry":{"type":"Polygon","coordinates":[[[-78.12867,34.20281],[-78.13063,34.20349],[-78.13083,34.20508],[-78.13278,34.20576],[-78.13455,34.20484],[-78.13435,34.20325],[-78.13239,34.20257],[-78.1322,34.20097],[-78.13396,34.20006],[-78.13376,34.19846],[-78.1318,34.19779],[-78.13161,34.19619],[-78.13337,34.19527],[-78.13748,34.19822],[-78.13925,34.1973],[-78.13905,34.19571],[-78.14453,34.19455],[-78.14434,34.19296],[-78.1461,34.19204],[-78.14806,34.19272],[-78.15354,34.19156],[-78.15765,34.1945],[-78.15785,34.1961],[-78.15236,34.19726],[-78.15256,34.19885],[-78.14708,34.20001],[-78.14727,34.2016],[-78.14551,34.20252],[-78.14571,34.20412],[-78.14395,34.20503],[-78.14414,34.20663],[-78.14238,34.20755],[-78.14258,34.20914],[-78.14454,34.20982],[-78.14473,34.21141],[-78.14297,34.21233],[-78.14101,34.21165],[-78.14081,34.21006],[-78.13513,34.20962],[-78.13494,34.20803],[-78.13298,34.20735],[-78.1275,34.20851],[-78.12554,34.20783],[-78.12534,34.20624],[-78.1271,34.20532],[-78.12691,34.20373],[-78.12495,34.20305],[-78.12475,34.20146],[-78.12652,34.20054],[-78.12632,34.19894],[-78.12436,34.19827],[-78.12417,34.19667],[-78.12593,34.19576],[-78.13004,34.1987],[-78.13024,34.2003],[-78.12848,34.20122],[-78.12867,34.20281]],[[-78.13827,34.2046],[-78.14023,34.20528],[-78.14199,34.20436],[-78.14179,34.20276],[-78.14355,34.20185],[-78.14336,34.20025],[-78.13768,34.19982],[-78.13592,34.20073],[-78.13611,34.20233],[-78.13807,34.203],[-78.13827,34.2046]],[[-78.14825,34.19431],[-78.14649,34.19523],[-78.14669,34.19682],[-78.14864,34.1975],[-78.15041,34.19658],[-78.15021,34.19499],[-78.14825,34.19431]]]}},{"type":"Feature","properties":{"sqmi":1.02},"geometry":{"type":"Polygon","coordinates":[[[-80.86404,32.55521],[-80.86266,32.55642],[-80.86079,32.55588],[-80.85941,32.55708],[-80.8599,32.55883],[-80.85851,32.56004],[-80.85665,32.55949],[-80.85527,32.5607],[-80.8534,32.56016],[-80.85202,32.56136],[-80.8525,32.56311],[-80.85437,32.56366],[-80.85486,32.56541],[-80.85348,32.56661],[-80.85397,32.56837],[-80.85259,32.56957],[-80.85072,32.56903],[-80.85023,32.56728],[-80.84601,32.56444],[-80.84463,32.56564],[-80.84511,32.56739],[-80.84373,32.5686],[-80.84422,32.57035],[-80.84284,32.57155],[-80.84097,32.57101],[-80.84048,32.56926],[-80.84186,32.56805],[-80.84138,32.5663],[-80.84276,32.5651],[-80.84227,32.56335],[-80.8404,32.5628],[-80.83902,32.56401],[-80.83734,32.56352],[-80.84063,32.55889],[-80.84024,32.54989],[-80.84162,32.54868],[-80.84349,32.54922],[-80.84487,32.54802],[-80.84673,32.54856],[-80.84812,32.54736],[-80.84998,32.5479],[-80.85047,32.54965],[-80.85234,32.5502],[-80.85283,32.55195],[-80.85145,32.55315],[-80.85193,32.5549],[-80.85616,32.55774],[-80.85754,32.55654],[-80.85705,32.55479],[-80.85843,32.55358],[-80.86355,32.55346],[-80.86404,32.55521]],[[-80.84544,32.55623],[-80.84406,32.55743],[-80.84454,32.55918],[-80.84316,32.56039],[-80.84365,32.56214],[-80.84877,32.56202],[-80.85015,32.56082],[-80.84966,32.55907],[-80.84544,32.55623]]]}},{"type":"Feature","properties":{"sqmi":1.01},"geometry":{"type":"Polygon","coordinates":[[[-81.53651,31.38923],[-81.53669,31.39279],[-81.52567,31.39662],[-81.52296,31.39631],[-81.52193,31.39508],[-81.52711,31.3898],[-81.52518,31.38901],[-81.52404,31.38984],[-81.52286,31.38867],[-81.52243,31.3888],[-81.52141,31.39049],[-81.51865,31.38956],[-81.51779,31.38811],[-81.51961,31.38507],[-81.51932,31.38342],[-81.51874,31.3828],[-81.51704,31.38173],[-81.51286,31.38262],[-81.51184,31.38009],[-81.51392,31.38017],[-81.51529,31.37791],[-81.51898,31.37775],[-81.52082,31.37622],[-81.52313,31.37634],[-81.52409,31.37785],[-81.52602,31.37665],[-81.52617,31.379],[-81.52823,31.38119],[-81.52677,31.38293],[-81.52971,31.38366],[-81.53134,31.38287],[-81.53301,31.38411],[-81.53472,31.38236],[-81.53411,31.38591],[-81.5362,31.38675],[-81.53755,31.38612],[-81.53752,31.38859],[-81.53651,31.38923]]]}},{"type":"Feature","properties":{"sqmi":1.0},"geometry":{"type":"Polygon","coordinates":[[[-80.81954,32.53098],[-80.82376,32.53382],[-80.82514,32.53261],[-80.827,32.53316],[-80.82749,32.53491],[-80.82936,32.53545],[-80.82985,32.5372],[-80.83171,32.53775],[-80.8322,32.5395],[-80.83082,32.5407],[-80.83131,32.54245],[-80.83317,32.543],[-80.83366,32.54475],[-80.83228,32.54596],[-80.83041,32.54541],[-80.82903,32.54662],[-80.82481,32.54378],[-80.82343,32.54498],[-80.8238,32.54684],[-80.81959,32.54695],[-80.81678,32.54823],[-80.81466,32.54612],[-80.81694,32.5463],[-80.81832,32.5451],[-80.82018,32.54564],[-80.82156,32.54444],[-80.82108,32.54269],[-80.81921,32.54214],[-80.81783,32.54335],[-80.81596,32.5428],[-80.81548,32.54105],[-80.81361,32.54051],[-80.81223,32.54171],[-80.81036,32.54117],[-80.80988,32.53942],[-80.80476,32.53953],[-80.80428,32.53778],[-80.80566,32.53658],[-80.81077,32.53646],[-80.81215,32.53526],[-80.81166,32.53351],[-80.8098,32.53296],[-80.80931,32.53121],[-80.81069,32.53001],[-80.81491,32.53285],[-80.81629,32.53164],[-80.81816,32.53218],[-80.81954,32.53098]],[[-80.81775,32.53689],[-80.81637,32.5381],[-80.81686,32.53985],[-80.81872,32.54039],[-80.8201,32.53919],[-80.81962,32.53744],[-80.81775,32.53689]]]}},{"type":"Feature","properties":{"sqmi":0.99},"geometry":{"type":"Polygon","coordinates":[[[-81.49704,31.37116],[-81.49517,31.37064],[-81.49467,31.36888],[-81.49604,31.36765],[-81.49791,31.36817],[-81.50124,31.36586],[-81.50035,31.36461],[-81.5022,31.36419],[-81.50673,31.36541],[-81.50919,31.36493],[-81.51496,31.36718],[-81.51597,31.36647],[-81.51544,31.36522],[-81.51738,31.367],[-81.51889,31.3659],[-81.5224,31.36798],[-81.52483,31.3667],[-81.53309,31.36839],[-81.53516,31.36989],[-81.53617,31.37301],[-81.53509,31.375],[-81.53062,31.37424],[-81.52439,31.37021],[-81.5218,31.371],[-81.51987,31.37434],[-81.51845,31.37394],[-81.51795,31.37218],[-81.51609,31.37166],[-81.51472,31.37289],[-81.51285,31.37237],[-81.51148,31.3736],[-81.50786,31.3736],[-81.50401,31.3715],[-81.50266,31.37272],[-81.50077,31.37221],[-81.49841,31.37317],[-81.49704,31.37116]]]}},{"type":"Feature","properties":{"sqmi":0.96},"geometry":{"type":"Polygon","coordinates":[[[-81.18408,29.17458],[-81.17996,29.17182],[-81.17948,29.17007],[-81.18082,29.16881],[-81.18034,29.16706],[-81.18168,29.1658],[-81.1812,29.16405],[-81.17622,29.1643],[-81.17574,29.16254],[-81.17708,29.16129],[-81.1766,29.15953],[-81.17478,29.15903],[-81.1743,29.15727],[-81.17564,29.15602],[-81.17976,29.15878],[-81.18426,29.15677],[-81.18838,29.15953],[-81.18972,29.15828],[-81.18924,29.15652],[-81.19058,29.15527],[-81.1924,29.15577],[-81.19288,29.15753],[-81.19154,29.15878],[-81.19202,29.16054],[-81.19614,29.1633],[-81.19662,29.16505],[-81.19528,29.16631],[-81.19576,29.16806],[-81.19442,29.16932],[-81.1926,29.16882],[-81.19126,29.17007],[-81.19174,29.17183],[-81.1904,29.17308],[-81.18628,29.17032],[-81.18494,29.17157],[-81.18542,29.17333],[-81.18408,29.17458]]]}},{"type":"Feature","properties":{"sqmi":0.94},"geometry":{"type":"Polygon","coordinates":[[[-80.8115,32.55758],[-80.81336,32.55813],[-80.81474,32.55692],[-80.81661,32.55747],[-80.8171,32.55922],[-80.81896,32.55976],[-80.81945,32.56151],[-80.81807,32.56272],[-80.81856,32.56447],[-80.81718,32.56568],[-80.81766,32.56743],[-80.81628,32.56863],[-80.81442,32.56809],[-80.81304,32.56929],[-80.81117,32.56875],[-80.80979,32.56995],[-80.81028,32.5717],[-80.81539,32.57159],[-80.81588,32.57334],[-80.8145,32.57454],[-80.81263,32.574],[-80.81125,32.5752],[-80.80938,32.57466],[-80.808,32.57586],[-80.80378,32.57302],[-80.8024,32.57423],[-80.79729,32.57434],[-80.7968,32.57259],[-80.79818,32.57139],[-80.79769,32.56964],[-80.79583,32.56909],[-80.79534,32.56734],[-80.79672,32.56613],[-80.79859,32.56668],[-80.79997,32.56547],[-80.80183,32.56602],[-80.80321,32.56481],[-80.80508,32.56536],[-80.80646,32.56415],[-80.80597,32.5624],[-80.80736,32.5612],[-80.80922,32.56174],[-80.8106,32.56054],[-80.81012,32.55879],[-80.80825,32.55824],[-80.80776,32.55649],[-80.80914,32.55529],[-80.81101,32.55583],[-80.8115,32.55758]],[[-80.81247,32.56108],[-80.81296,32.56283],[-80.81482,32.56338],[-80.8162,32.56217],[-80.81572,32.56042],[-80.81385,32.55988],[-80.81247,32.56108]]]}},{"type":"Feature","properties":{"sqmi":0.93},"geometry":{"type":"Polygon","coordinates":[[[-81.40557,31.96622],[-81.40507,31.96447],[-81.40645,31.96324],[-81.40832,31.96377],[-81.40882,31.96553],[-81.4107,31.96606],[-81.41207,31.96484],[-81.41158,31.96308],[-81.41295,31.96186],[-81.41245,31.9601],[-81.41058,31.95957],[-81.41008,31.95781],[-81.41146,31.95659],[-81.41096,31.95483],[-81.40909,31.9543],[-81.40859,31.95254],[-81.40996,31.95132],[-81.41184,31.95185],[-81.41234,31.9536],[-81.41421,31.95414],[-81.41559,31.95291],[-81.41509,31.95116],[-81.41647,31.94993],[-81.41834,31.95046],[-81.41884,31.95222],[-81.41746,31.95344],[-81.41796,31.9552],[-81.41984,31.95573],[-81.42033,31.95749],[-81.41896,31.95871],[-81.41946,31.96047],[-81.41808,31.96169],[-81.41858,31.96345],[-81.4172,31.96468],[-81.41532,31.96414],[-81.41395,31.96537],[-81.41445,31.96713],[-81.41307,31.96835],[-81.41357,31.97011],[-81.41544,31.97064],[-81.41594,31.97239],[-81.41456,31.97362],[-81.41506,31.97538],[-81.41368,31.9766],[-81.41418,31.97836],[-81.41282,31.97965],[-81.412,31.97815],[-81.41043,31.97804],[-81.40963,31.97893],[-81.40449,31.9761],[-81.40176,31.9771],[-81.40293,31.97516],[-81.40243,31.97341],[-81.40381,31.97218],[-81.40331,31.97043],[-81.40469,31.9692],[-81.40657,31.96974],[-81.40794,31.96851],[-81.40744,31.96675],[-81.40557,31.96622]]]}},{"type":"Feature","properties":{"sqmi":0.9},"geometry":{"type":"Polygon","coordinates":[[[-75.47395,35.63874],[-75.47593,35.63947],[-75.47604,35.64111],[-75.47802,35.64184],[-75.47813,35.64348],[-75.48011,35.64422],[-75.48022,35.64585],[-75.47836,35.64675],[-75.47847,35.64839],[-75.48045,35.64913],[-75.48332,35.64736],[-75.48447,35.64817],[-75.48234,35.64894],[-75.48166,35.65117],[-75.47869,35.65166],[-75.47672,35.65093],[-75.47485,35.65183],[-75.47496,35.65346],[-75.47694,35.6542],[-75.47881,35.6533],[-75.48146,35.65371],[-75.48143,35.65587],[-75.47903,35.65657],[-75.47914,35.65821],[-75.47728,35.65911],[-75.47739,35.66074],[-75.47937,35.66148],[-75.47948,35.66312],[-75.47762,35.66402],[-75.47773,35.66566],[-75.47971,35.66639],[-75.48157,35.66549],[-75.48149,35.66411],[-75.48246,35.66363],[-75.48344,35.66377],[-75.48307,35.66559],[-75.48378,35.66382],[-75.48449,35.66338],[-75.48498,35.66438],[-75.48334,35.6659],[-75.48525,35.66751],[-75.48776,35.66799],[-75.48695,35.66861],[-75.48749,35.66937],[-75.48502,35.66779],[-75.48726,35.66943],[-75.48656,35.6697],[-75.48366,35.66787],[-75.47795,35.66893],[-75.47807,35.67057],[-75.48004,35.6713],[-75.48154,35.67058],[-75.48225,35.67176],[-75.47829,35.67384],[-75.4784,35.67548],[-75.48038,35.67621],[-75.48049,35.67785],[-75.48247,35.67859],[-75.48259,35.68023],[-75.48072,35.68113],[-75.48083,35.68276],[-75.48281,35.6835],[-75.48292,35.68514],[-75.48106,35.68604],[-75.48112,35.68694],[-75.47412,35.66104],[-75.47393,35.65509],[-75.46799,35.62695],[-75.46933,35.62745],[-75.46944,35.62908],[-75.47142,35.62982],[-75.47153,35.63145],[-75.46966,35.63235],[-75.46977,35.63399],[-75.47175,35.63473],[-75.47186,35.63636],[-75.47384,35.6371],[-75.47395,35.63874]],[[-75.47429,35.64364],[-75.47242,35.64454],[-75.47254,35.64618],[-75.47451,35.64692],[-75.47638,35.64602],[-75.47627,35.64438],[-75.47429,35.64364]]]}},{"type":"Feature","properties":{"sqmi":0.89},"geometry":{"type":"Polygon","coordinates":[[[-79.45576,33.21741],[-79.46035,33.21564],[-79.45989,33.2139],[-79.46127,33.21273],[-79.46311,33.2133],[-79.46357,33.21503],[-79.46219,33.2162],[-79.46265,33.21794],[-79.46127,33.21911],[-79.46173,33.22085],[-79.46678,33.22081],[-79.46724,33.22255],[-79.46586,33.22372],[-79.46632,33.22546],[-79.46815,33.22603],[-79.46953,33.22486],[-79.46907,33.22312],[-79.47045,33.22195],[-79.47458,33.22482],[-79.47596,33.22365],[-79.4778,33.22422],[-79.47826,33.22595],[-79.47688,33.22712],[-79.47734,33.22886],[-79.47596,33.23003],[-79.47306,33.22936],[-79.46999,33.23072],[-79.46448,33.23127],[-79.46061,33.23427],[-79.45819,33.23443],[-79.45791,33.23206],[-79.46168,33.23022],[-79.46195,33.22901],[-79.4603,33.22799],[-79.45973,33.22818],[-79.45803,33.22971],[-79.45617,33.22933],[-79.4532,33.22695],[-79.45193,33.22382],[-79.45244,33.22277],[-79.45392,33.22323],[-79.4553,33.22206],[-79.45713,33.22262],[-79.45851,33.22145],[-79.45805,33.21972],[-79.45576,33.21741]]]}},{"type":"Feature","properties":{"sqmi":0.89},"geometry":{"type":"Polygon","coordinates":[[[-81.49766,31.37943],[-81.49903,31.3782],[-81.49853,31.37644],[-81.50025,31.3753],[-81.50177,31.37573],[-81.503,31.37483],[-81.50951,31.37649],[-81.51397,31.37632],[-81.51488,31.37779],[-81.51395,31.37966],[-81.51161,31.37983],[-81.51143,31.38024],[-81.51264,31.38277],[-81.51369,31.38287],[-81.51691,31.38198],[-81.51869,31.38288],[-81.51935,31.38454],[-81.51753,31.38786],[-81.51776,31.38907],[-81.51903,31.38991],[-81.52116,31.39064],[-81.52152,31.39062],[-81.52198,31.39025],[-81.5227,31.38885],[-81.5239,31.38988],[-81.52441,31.38986],[-81.52524,31.38917],[-81.52693,31.3899],[-81.52122,31.39489],[-81.51984,31.39414],[-81.51945,31.39262],[-81.51296,31.39017],[-81.5112,31.38836],[-81.50937,31.38799],[-81.50707,31.38906],[-81.50848,31.38733],[-81.50799,31.38557],[-81.50612,31.38504],[-81.5046,31.38654],[-81.50353,31.38469],[-81.49852,31.38129],[-81.49766,31.37943]]]}},{"type":"Feature","properties":{"sqmi":0.85},"geometry":{"type":"Polygon","coordinates":[[[-81.20446,29.14449],[-81.2058,29.14323],[-81.20532,29.14148],[-81.20982,29.13947],[-81.20934,29.13771],[-81.21068,29.13646],[-81.2148,29.13922],[-81.21528,29.14097],[-81.2171,29.14148],[-81.21758,29.14323],[-81.21624,29.14449],[-81.21672,29.14624],[-81.21222,29.14825],[-81.2127,29.15001],[-81.21136,29.15126],[-81.21184,29.15302],[-81.2105,29.15427],[-81.20868,29.15377],[-81.20734,29.15502],[-81.20782,29.15678],[-81.20648,29.15803],[-81.20466,29.15753],[-81.20418,29.15577],[-81.20552,29.15452],[-81.20504,29.15276],[-81.20638,29.15151],[-81.2059,29.14975],[-81.20408,29.14925],[-81.20274,29.15051],[-81.20322,29.15226],[-81.20188,29.15352],[-81.20236,29.15527],[-81.19786,29.15728],[-81.19834,29.15903],[-81.20016,29.15954],[-81.20064,29.16129],[-81.1993,29.16255],[-81.19748,29.16204],[-81.197,29.16029],[-81.19518,29.15979],[-81.1947,29.15803],[-81.19604,29.15678],[-81.19556,29.15502],[-81.1969,29.15377],[-81.19642,29.15201],[-81.1946,29.15151],[-81.19412,29.14975],[-81.19546,29.1485],[-81.19728,29.149],[-81.19776,29.15076],[-81.19958,29.15126],[-81.20092,29.15],[-81.20044,29.14825],[-81.20178,29.14699],[-81.2036,29.1475],[-81.20494,29.14624],[-81.20446,29.14449]],[[-81.20724,29.1485],[-81.20906,29.149],[-81.2104,29.14775],[-81.20992,29.14599],[-81.2081,29.14549],[-81.20676,29.14674],[-81.20724,29.1485]],[[-81.21126,29.14474],[-81.21308,29.14524],[-81.21442,29.14398],[-81.21394,29.14223],[-81.21212,29.14173],[-81.21078,29.14298],[-81.21126,29.14474]]]}},{"type":"Feature","properties":{"sqmi":0.84},"geometry":{"type":"Polygon","coordinates":[[[-81.10508,32.2192],[-81.10458,32.21745],[-81.10596,32.21624],[-81.10547,32.21448],[-81.1036,32.21394],[-81.10311,32.21219],[-81.10449,32.21097],[-81.10399,32.20922],[-81.10537,32.20801],[-81.10488,32.20625],[-81.10301,32.20571],[-81.10252,32.20396],[-81.1039,32.20274],[-81.10341,32.20099],[-81.10478,32.19978],[-81.1099,32.19964],[-81.11039,32.20139],[-81.10901,32.20261],[-81.10951,32.20436],[-81.11374,32.20719],[-81.11512,32.20597],[-81.11462,32.20422],[-81.116,32.203],[-81.11787,32.20354],[-81.11836,32.20529],[-81.1226,32.20812],[-81.12309,32.20988],[-81.12732,32.21271],[-81.12782,32.21446],[-81.12644,32.21568],[-81.12457,32.21514],[-81.12407,32.21338],[-81.11896,32.21352],[-81.11846,32.21177],[-81.11659,32.21123],[-81.11521,32.21245],[-81.1101,32.21259],[-81.10872,32.2138],[-81.10921,32.21556],[-81.10783,32.21677],[-81.10832,32.21853],[-81.10695,32.21974],[-81.10508,32.2192]]]}},{"type":"Feature","properties":{"sqmi":0.81},"geometry":{"type":"Polygon","coordinates":[[[-76.11066,35.93092],[-76.11052,35.92928],[-76.10852,35.92855],[-76.10666,35.92946],[-76.1008,35.92891],[-76.09893,35.92983],[-76.09693,35.9291],[-76.0968,35.92745],[-76.09866,35.92654],[-76.10453,35.92709],[-76.10639,35.92617],[-76.10626,35.92453],[-76.11198,35.92343],[-76.11398,35.92416],[-76.11412,35.92581],[-76.11612,35.92654],[-76.11625,35.92818],[-76.11439,35.92909],[-76.11452,35.93074],[-76.11652,35.93146],[-76.11839,35.93055],[-76.12038,35.93128],[-76.12225,35.93037],[-76.12211,35.92872],[-76.12398,35.92781],[-76.12598,35.92854],[-76.12611,35.93018],[-76.12811,35.93091],[-76.12998,35.93],[-76.13198,35.93073],[-76.13211,35.93237],[-76.13025,35.93328],[-76.13038,35.93493],[-76.13238,35.93566],[-76.13252,35.9373],[-76.13452,35.93803],[-76.13465,35.93967],[-76.13279,35.94059],[-76.13079,35.93986],[-76.13065,35.93822],[-76.12865,35.93749],[-76.12852,35.93584],[-76.12652,35.93511],[-76.12079,35.93621],[-76.12092,35.93785],[-76.11906,35.93877],[-76.11706,35.93804],[-76.11692,35.9364],[-76.11106,35.93585],[-76.11093,35.93421],[-76.11279,35.93329],[-76.11266,35.93165],[-76.11066,35.93092]]]}},{"type":"Feature","properties":{"sqmi":0.81},"geometry":{"type":"Polygon","coordinates":[[[-81.20259,29.31605],[-81.20307,29.31781],[-81.20172,29.31906],[-81.20221,29.32081],[-81.20086,29.32207],[-81.19904,29.32156],[-81.1977,29.32281],[-81.19357,29.32005],[-81.19309,29.31829],[-81.19127,29.31779],[-81.19079,29.31603],[-81.19213,29.31478],[-81.19395,29.31529],[-81.19529,29.31403],[-81.19712,29.31454],[-81.19846,29.31329],[-81.19798,29.31153],[-81.19932,29.31028],[-81.19884,29.30852],[-81.20018,29.30727],[-81.1997,29.30551],[-81.20104,29.30426],[-81.20603,29.30401],[-81.20651,29.30577],[-81.20517,29.30702],[-81.20565,29.30878],[-81.20747,29.30928],[-81.20882,29.30803],[-81.21064,29.30853],[-81.21198,29.30728],[-81.2138,29.30779],[-81.21429,29.30954],[-81.21294,29.31079],[-81.21342,29.31255],[-81.21208,29.3138],[-81.21256,29.31556],[-81.21439,29.31606],[-81.21487,29.31782],[-81.21353,29.31907],[-81.21401,29.32083],[-81.21267,29.32208],[-81.21084,29.32158],[-81.21036,29.31982],[-81.2117,29.31857],[-81.21122,29.31681],[-81.20623,29.31706],[-81.20575,29.3153],[-81.20162,29.31254],[-81.20028,29.31379],[-81.20076,29.31555],[-81.20259,29.31605]],[[-81.1999,29.31855],[-81.19942,29.3168],[-81.1976,29.31629],[-81.19626,29.31755],[-81.19674,29.3193],[-81.19856,29.31981],[-81.1999,29.31855]],[[-81.20661,29.31229],[-81.20709,29.31405],[-81.20892,29.31455],[-81.21026,29.3133],[-81.20978,29.31154],[-81.20795,29.31104],[-81.20661,29.31229]]]}},{"type":"Feature","properties":{"sqmi":0.78},"geometry":{"type":"Polygon","coordinates":[[[-76.82409,35.88494],[-76.82393,35.8833],[-76.82578,35.88237],[-76.82563,35.88073],[-76.82362,35.88002],[-76.82346,35.87837],[-76.82531,35.87745],[-76.82515,35.87581],[-76.82314,35.87509],[-76.82298,35.87345],[-76.82483,35.87253],[-76.82467,35.87089],[-76.82652,35.86996],[-76.82636,35.86832],[-76.82821,35.8674],[-76.82806,35.86576],[-76.8299,35.86483],[-76.82975,35.86319],[-76.83159,35.86227],[-76.83144,35.86063],[-76.82943,35.85991],[-76.82927,35.85827],[-76.83112,35.85735],[-76.83305,35.86498],[-76.83191,35.86555],[-76.83207,35.86719],[-76.83414,35.86788],[-76.83598,35.87212],[-76.83455,35.87283],[-76.83471,35.87447],[-76.83672,35.87519],[-76.8368,35.87687],[-76.83503,35.87775],[-76.83519,35.8794],[-76.83637,35.87982],[-76.83482,35.88291],[-76.83241,35.88474],[-76.8262,35.88664],[-76.8261,35.88566],[-76.82409,35.88494]],[[-76.83117,35.87796],[-76.82917,35.87724],[-76.82732,35.87817],[-76.82747,35.87981],[-76.82948,35.88053],[-76.83133,35.8796],[-76.83117,35.87796]]]}},{"type":"Feature","properties":{"sqmi":0.78},"geometry":{"type":"Polygon","coordinates":[[[-79.46032,33.26031],[-79.45527,33.26034],[-79.45252,33.2563],[-79.4539,33.25513],[-79.45573,33.2557],[-79.45711,33.25453],[-79.45665,33.25279],[-79.45482,33.25223],[-79.45022,33.254],[-79.44839,33.25343],[-79.44793,33.25169],[-79.44609,33.25113],[-79.44563,33.24939],[-79.4415,33.24652],[-79.44104,33.24478],[-79.44242,33.24361],[-79.44426,33.24418],[-79.44564,33.24301],[-79.44518,33.24127],[-79.44656,33.2401],[-79.44839,33.24067],[-79.44977,33.2395],[-79.45528,33.2412],[-79.45069,33.24297],[-79.44885,33.24241],[-79.44747,33.24358],[-79.45023,33.24762],[-79.45206,33.24818],[-79.45344,33.24701],[-79.45298,33.24528],[-79.45436,33.24411],[-79.4562,33.24468],[-79.45758,33.24351],[-79.45727,33.24235],[-79.46173,33.2436],[-79.46016,33.24548],[-79.45693,33.24646],[-79.45795,33.24774],[-79.462,33.24826],[-79.46079,33.24928],[-79.46125,33.25102],[-79.45987,33.25219],[-79.46033,33.25393],[-79.45895,33.2551],[-79.4617,33.25914],[-79.46032,33.26031]]]}},{"type":"Feature","properties":{"sqmi":0.77},"geometry":{"type":"Polygon","coordinates":[[[-81.49807,31.57533],[-81.49857,31.57709],[-81.49719,31.57832],[-81.49295,31.57551],[-81.49158,31.57674],[-81.48647,31.57692],[-81.48597,31.57516],[-81.48734,31.57393],[-81.48685,31.57217],[-81.48497,31.57164],[-81.48448,31.56989],[-81.48585,31.56865],[-81.48535,31.5669],[-81.48348,31.56637],[-81.48298,31.56461],[-81.48436,31.56338],[-81.48623,31.56391],[-81.48672,31.56567],[-81.48859,31.56619],[-81.48909,31.56795],[-81.49096,31.56848],[-81.49233,31.56725],[-81.49184,31.56549],[-81.49321,31.56426],[-81.49745,31.56707],[-81.49795,31.56883],[-81.50306,31.56865],[-81.50356,31.57041],[-81.50543,31.57093],[-81.5068,31.5697],[-81.50867,31.57023],[-81.50917,31.57199],[-81.5078,31.57322],[-81.50593,31.57269],[-81.50455,31.57392],[-81.50505,31.57568],[-81.50368,31.57691],[-81.50418,31.57867],[-81.50605,31.5792],[-81.50655,31.58095],[-81.50517,31.58218],[-81.50093,31.57937],[-81.50044,31.57762],[-81.50181,31.57638],[-81.50131,31.57463],[-81.50268,31.57339],[-81.50218,31.57164],[-81.49707,31.57182],[-81.4957,31.57305],[-81.4962,31.5748],[-81.49807,31.57533]]]}},{"type":"Feature","properties":{"sqmi":0.74},"geometry":{"type":"Polygon","coordinates":[[[-78.19613,34.12696],[-78.19633,34.12855],[-78.19457,34.12947],[-78.19477,34.13106],[-78.19673,34.13174],[-78.19849,34.13082],[-78.20416,34.13125],[-78.20436,34.13284],[-78.2026,34.13376],[-78.20279,34.13535],[-78.20475,34.13603],[-78.20495,34.13762],[-78.20319,34.13854],[-78.19752,34.13811],[-78.19576,34.13902],[-78.19596,34.14062],[-78.1942,34.14153],[-78.1944,34.14313],[-78.19264,34.14404],[-78.19283,34.14564],[-78.19107,34.14655],[-78.18912,34.14588],[-78.18892,34.14428],[-78.19068,34.14337],[-78.19048,34.14177],[-78.18853,34.1411],[-78.18833,34.13951],[-78.19009,34.13859],[-78.19204,34.13927],[-78.1938,34.13835],[-78.1936,34.13676],[-78.18793,34.13632],[-78.18617,34.13724],[-78.18637,34.13883],[-78.18461,34.13975],[-78.18266,34.13907],[-78.18246,34.13748],[-78.18422,34.13656],[-78.18402,34.13497],[-78.18578,34.13405],[-78.18558,34.13246],[-78.19106,34.1313],[-78.19086,34.12971],[-78.19262,34.12879],[-78.19242,34.1272],[-78.19046,34.12653],[-78.19027,34.12493],[-78.19202,34.12402],[-78.19398,34.12469],[-78.19418,34.12628],[-78.19613,34.12696]]]}},{"type":"Feature","properties":{"sqmi":0.74},"geometry":{"type":"Polygon","coordinates":[[[-81.7462,30.72259],[-81.74484,30.72384],[-81.74534,30.7256],[-81.7472,30.72612],[-81.7477,30.72788],[-81.74634,30.72912],[-81.74684,30.73088],[-81.75193,30.73067],[-81.75243,30.73243],[-81.75106,30.73367],[-81.75156,30.73543],[-81.7502,30.73668],[-81.7507,30.73844],[-81.74934,30.73969],[-81.74984,30.74145],[-81.74847,30.7427],[-81.74661,30.74218],[-81.74525,30.74343],[-81.74338,30.74291],[-81.74202,30.74416],[-81.74016,30.74364],[-81.73966,30.74188],[-81.73457,30.7421],[-81.73407,30.74034],[-81.73543,30.73909],[-81.73493,30.73733],[-81.73629,30.73609],[-81.74138,30.73587],[-81.74275,30.73462],[-81.74225,30.73286],[-81.74361,30.73162],[-81.74311,30.72986],[-81.74447,30.72861],[-81.74397,30.72685],[-81.74211,30.72633],[-81.74161,30.72457],[-81.74297,30.72333],[-81.74247,30.72157],[-81.74384,30.72032],[-81.7457,30.72083],[-81.7462,30.72259]]]}},{"type":"Feature","properties":{"sqmi":0.73},"geometry":{"type":"Polygon","coordinates":[[[-80.23742,32.53764],[-80.23605,32.53883],[-80.23652,32.54058],[-80.23514,32.54177],[-80.23007,32.54186],[-80.2287,32.54306],[-80.22917,32.5448],[-80.22779,32.546],[-80.22594,32.54545],[-80.22457,32.54664],[-80.22359,32.54635],[-80.2247,32.54519],[-80.22359,32.54453],[-80.22141,32.54753],[-80.21586,32.5498],[-80.2072,32.54801],[-80.24658,32.52994],[-80.24935,32.53054],[-80.24658,32.53384],[-80.24677,32.53247],[-80.24371,32.53434],[-80.24155,32.53405],[-80.24017,32.53525],[-80.24065,32.53699],[-80.23927,32.53819],[-80.23742,32.53764]]]}},{"type":"Feature","properties":{"sqmi":0.73},"geometry":{"type":"Polygon","coordinates":[[[-80.81236,32.70255],[-80.80724,32.70266],[-80.80675,32.70091],[-80.80814,32.69971],[-80.80765,32.69796],[-80.80578,32.69741],[-80.8044,32.69861],[-80.80253,32.69807],[-80.80115,32.69927],[-80.79928,32.69872],[-80.79879,32.69697],[-80.80017,32.69577],[-80.79968,32.69402],[-80.79782,32.69347],[-80.79643,32.69468],[-80.79456,32.69413],[-80.79318,32.69533],[-80.79131,32.69479],[-80.79083,32.69304],[-80.7866,32.69019],[-80.78612,32.68844],[-80.79007,32.68718],[-80.79203,32.68824],[-80.79492,32.68688],[-80.79649,32.68877],[-80.79992,32.68798],[-80.80338,32.69206],[-80.80619,32.69271],[-80.80757,32.6915],[-80.80901,32.69193],[-80.80707,32.6937],[-80.80737,32.69464],[-80.80973,32.69468],[-80.81027,32.69668],[-80.81116,32.69764],[-80.81287,32.69755],[-80.81325,32.69638],[-80.81464,32.69839],[-80.81651,32.69894],[-80.817,32.70069],[-80.81561,32.70189],[-80.81374,32.70135],[-80.81236,32.70255]]]}},{"type":"Feature","properties":{"sqmi":0.73},"geometry":{"type":"Polygon","coordinates":[[[-81.21853,32.20664],[-81.22366,32.20649],[-81.22415,32.20825],[-81.22277,32.20946],[-81.21765,32.20961],[-81.21627,32.21083],[-81.21677,32.21258],[-81.21539,32.2138],[-81.21351,32.21326],[-81.21213,32.21448],[-81.21263,32.21623],[-81.21125,32.21745],[-81.20938,32.21691],[-81.20888,32.21516],[-81.21026,32.21394],[-81.20977,32.21219],[-81.20789,32.21165],[-81.2074,32.2099],[-81.20878,32.20868],[-81.20828,32.20692],[-81.20641,32.20639],[-81.20592,32.20463],[-81.2073,32.20342],[-81.20917,32.20395],[-81.21055,32.20273],[-81.21005,32.20098],[-81.21143,32.19976],[-81.21094,32.19801],[-81.21232,32.19679],[-81.21182,32.19504],[-81.2132,32.19382],[-81.21271,32.19206],[-81.21408,32.19085],[-81.21596,32.19138],[-81.21645,32.19314],[-81.21507,32.19435],[-81.21557,32.19611],[-81.21744,32.19665],[-81.21793,32.1984],[-81.21656,32.19962],[-81.21705,32.20137],[-81.21567,32.20259],[-81.21617,32.20434],[-81.21804,32.20488],[-81.21853,32.20664]]]}},{"type":"Feature","properties":{"sqmi":0.71},"geometry":{"type":"Polygon","coordinates":[[[-76.44167,35.9667],[-76.44152,35.96506],[-76.43951,35.96433],[-76.43937,35.96269],[-76.44123,35.96177],[-76.44323,35.9625],[-76.44338,35.96414],[-76.44539,35.96486],[-76.44725,35.96395],[-76.4471,35.9623],[-76.44896,35.96138],[-76.44881,35.95974],[-76.45067,35.95882],[-76.45053,35.95718],[-76.45239,35.95626],[-76.45826,35.95679],[-76.4584,35.95843],[-76.46041,35.95915],[-76.46227,35.95823],[-76.46427,35.95896],[-76.46613,35.95804],[-76.46599,35.95639],[-76.46785,35.95548],[-76.46985,35.9562],[-76.47,35.95784],[-76.46814,35.95876],[-76.46829,35.96041],[-76.46643,35.96133],[-76.46657,35.96297],[-76.46806,35.96351],[-76.46476,35.96443],[-76.46271,35.96316],[-76.46085,35.96408],[-76.45884,35.96336],[-76.45698,35.96428],[-76.45713,35.96592],[-76.45527,35.96684],[-76.45326,35.96612],[-76.45312,35.96447],[-76.45111,35.96375],[-76.44925,35.96467],[-76.4494,35.96631],[-76.44754,35.96723],[-76.44768,35.96888],[-76.44582,35.9698],[-76.44382,35.96907],[-76.44196,35.96999],[-76.43995,35.96927],[-76.43981,35.96762],[-76.44167,35.9667]]]}},{"type":"Feature","properties":{"sqmi":0.7},"geometry":{"type":"Polygon","coordinates":[[[-76.95071,35.65657],[-76.95087,35.6582],[-76.95287,35.65892],[-76.95471,35.65799],[-76.95455,35.65636],[-76.95639,35.65544],[-76.95839,35.65615],[-76.95855,35.65778],[-76.96055,35.6585],[-76.96072,35.66013],[-76.95888,35.66105],[-76.95904,35.66269],[-76.9572,35.66361],[-76.9552,35.6629],[-76.95504,35.66126],[-76.95304,35.66055],[-76.9512,35.66147],[-76.95136,35.66311],[-76.95336,35.66382],[-76.95352,35.66546],[-76.95552,35.66617],[-76.95569,35.66781],[-76.95385,35.66873],[-76.94801,35.66823],[-76.94617,35.66915],[-76.94417,35.66844],[-76.94233,35.66936],[-76.94033,35.66865],[-76.94016,35.66701],[-76.93816,35.6663],[-76.938,35.66466],[-76.93216,35.66416],[-76.932,35.66252],[-76.93768,35.66139],[-76.93968,35.6621],[-76.93984,35.66374],[-76.94184,35.66445],[-76.942,35.66609],[-76.944,35.6668],[-76.94584,35.66588],[-76.94568,35.66424],[-76.94368,35.66353],[-76.94352,35.66189],[-76.94536,35.66097],[-76.9452,35.65934],[-76.94319,35.65862],[-76.94303,35.65699],[-76.94871,35.65586],[-76.95071,35.65657]]]}},{"type":"Feature","properties":{"sqmi":0.65},"geometry":{"type":"Polygon","coordinates":[[[-80.44435,32.69061],[-80.44573,32.68942],[-80.44992,32.69227],[-80.4513,32.69107],[-80.45316,32.69162],[-80.45454,32.69042],[-80.45874,32.69327],[-80.45921,32.69502],[-80.45784,32.69621],[-80.45831,32.69796],[-80.45694,32.69916],[-80.45508,32.69861],[-80.4537,32.6998],[-80.45184,32.69925],[-80.45046,32.70045],[-80.45094,32.7022],[-80.4528,32.70275],[-80.45328,32.7045],[-80.4519,32.70569],[-80.4477,32.70284],[-80.44632,32.70404],[-80.4468,32.70579],[-80.44542,32.70698],[-80.44356,32.70643],[-80.44308,32.70469],[-80.44446,32.70349],[-80.44398,32.70174],[-80.44213,32.70119],[-80.44165,32.69944],[-80.44303,32.69825],[-80.44488,32.6988],[-80.44536,32.70055],[-80.44722,32.7011],[-80.4486,32.6999],[-80.44812,32.69815],[-80.4495,32.69696],[-80.44902,32.69521],[-80.44716,32.69466],[-80.44578,32.69586],[-80.44393,32.6953],[-80.44345,32.69356],[-80.43835,32.69365],[-80.43787,32.69191],[-80.43925,32.69071],[-80.44435,32.69061]]]}},{"type":"Feature","properties":{"sqmi":0.64},"geometry":{"type":"Polygon","coordinates":[[[-76.80719,35.90887],[-76.80717,35.9106],[-76.80532,35.91152],[-76.80548,35.91316],[-76.79977,35.91429],[-76.79992,35.91594],[-76.79807,35.91686],[-76.79606,35.91614],[-76.79421,35.91707],[-76.79437,35.91871],[-76.79252,35.91963],[-76.79051,35.91891],[-76.79035,35.91727],[-76.78834,35.91655],[-76.78649,35.91748],[-76.78665,35.91912],[-76.7848,35.92004],[-76.78279,35.91933],[-76.78554,35.91794],[-76.78763,35.91377],[-76.79205,35.91256],[-76.79264,35.90794],[-76.795,35.90462],[-76.80067,35.90352],[-76.80268,35.90424],[-76.80284,35.90588],[-76.80719,35.90887]],[[-76.79929,35.90937],[-76.79728,35.90865],[-76.79543,35.90957],[-76.79559,35.91122],[-76.7976,35.91193],[-76.79945,35.91101],[-76.79929,35.90937]]]}},{"type":"Feature","properties":{"sqmi":0.63},"geometry":{"type":"Polygon","coordinates":[[[-76.23964,35.85051],[-76.24163,35.85124],[-76.24177,35.85288],[-76.24377,35.85361],[-76.24391,35.85525],[-76.24591,35.85598],[-76.24605,35.85762],[-76.24804,35.85834],[-76.24818,35.85999],[-76.25018,35.86071],[-76.25032,35.86235],[-76.24846,35.86327],[-76.24646,35.86254],[-76.24632,35.8609],[-76.24433,35.86017],[-76.24419,35.85853],[-76.24219,35.85781],[-76.24205,35.85616],[-76.24005,35.85544],[-76.23819,35.85635],[-76.23619,35.85562],[-76.23605,35.85398],[-76.23406,35.85326],[-76.2322,35.85417],[-76.23234,35.85581],[-76.23048,35.85673],[-76.22462,35.85619],[-76.22276,35.8571],[-76.22076,35.85637],[-76.2189,35.85729],[-76.2169,35.85656],[-76.21677,35.85492],[-76.21863,35.85401],[-76.22062,35.85473],[-76.22248,35.85382],[-76.22235,35.85218],[-76.22421,35.85126],[-76.2262,35.85199],[-76.22806,35.85108],[-76.22792,35.84944],[-76.23364,35.84833],[-76.2335,35.84669],[-76.23536,35.84578],[-76.23736,35.8465],[-76.2375,35.84815],[-76.23564,35.84906],[-76.23578,35.8507],[-76.23778,35.85143],[-76.23964,35.85051]]]}},{"type":"Feature","properties":{"sqmi":0.63},"geometry":{"type":"Polygon","coordinates":[[[-76.22703,35.86184],[-76.22889,35.86092],[-76.23475,35.86146],[-76.23489,35.8631],[-76.23689,35.86383],[-76.23702,35.86547],[-76.23902,35.8662],[-76.23916,35.86784],[-76.24116,35.86857],[-76.2413,35.87021],[-76.2433,35.87094],[-76.24344,35.87258],[-76.24158,35.87349],[-76.23958,35.87277],[-76.23944,35.87112],[-76.23744,35.8704],[-76.2373,35.86876],[-76.2353,35.86803],[-76.23344,35.86894],[-76.23358,35.87059],[-76.23558,35.87131],[-76.23572,35.87295],[-76.23386,35.87387],[-76.234,35.87551],[-76.23214,35.87643],[-76.23228,35.87807],[-76.23041,35.87898],[-76.22842,35.87826],[-76.22828,35.87661],[-76.23014,35.8757],[-76.23,35.87406],[-76.228,35.87333],[-76.22614,35.87424],[-76.22414,35.87352],[-76.224,35.87188],[-76.222,35.87115],[-76.22187,35.86951],[-76.22373,35.86859],[-76.22359,35.86695],[-76.22159,35.86622],[-76.22145,35.86458],[-76.22331,35.86367],[-76.22531,35.86439],[-76.22545,35.86604],[-76.22745,35.86676],[-76.22759,35.8684],[-76.22958,35.86913],[-76.23144,35.86822],[-76.23131,35.86658],[-76.23317,35.86566],[-76.23303,35.86402],[-76.22717,35.86348],[-76.22703,35.86184]]]}},{"type":"Feature","properties":{"sqmi":0.6},"geometry":{"type":"Polygon","coordinates":[[[-81.5075,31.35953],[-81.50937,31.36006],[-81.51074,31.35882],[-81.51024,31.35706],[-81.51134,31.35654],[-81.51789,31.35829],[-81.52097,31.36071],[-81.52449,31.36593],[-81.52303,31.36709],[-81.52225,31.36723],[-81.52198,31.36627],[-81.51949,31.36543],[-81.5172,31.36624],[-81.51534,31.36454],[-81.51421,31.36526],[-81.51571,31.36591],[-81.51496,31.36677],[-81.50946,31.36414],[-81.50755,31.36454],[-81.50303,31.36317],[-81.50012,31.36398],[-81.49966,31.36219],[-81.50103,31.36095],[-81.50053,31.35919],[-81.5019,31.35796],[-81.507,31.35777],[-81.5075,31.35953]]]}},{"type":"Feature","properties":{"sqmi":0.59},"geometry":{"type":"Polygon","coordinates":[[[-75.95919,35.80538],[-75.95932,35.80702],[-75.95745,35.80793],[-75.95546,35.80719],[-75.9536,35.8081],[-75.95161,35.80737],[-75.95148,35.80573],[-75.94949,35.805],[-75.94377,35.80609],[-75.94178,35.80536],[-75.93992,35.80627],[-75.94004,35.80791],[-75.93818,35.80882],[-75.93619,35.80809],[-75.93606,35.80645],[-75.93792,35.80554],[-75.9378,35.8039],[-75.9358,35.80317],[-75.93568,35.80153],[-75.93754,35.80062],[-75.93741,35.79898],[-75.93542,35.79825],[-75.93356,35.79915],[-75.93157,35.79842],[-75.93144,35.79678],[-75.93715,35.7957],[-75.93915,35.79643],[-75.93927,35.79807],[-75.94126,35.7988],[-75.94313,35.79789],[-75.94512,35.79862],[-75.94525,35.80026],[-75.94338,35.80117],[-75.94139,35.80044],[-75.93953,35.80135],[-75.93966,35.80299],[-75.94165,35.80372],[-75.94351,35.80281],[-75.9455,35.80354],[-75.94737,35.80263],[-75.94724,35.80099],[-75.95296,35.7999],[-75.95495,35.80063],[-75.95508,35.80227],[-75.95707,35.80301],[-75.95893,35.8021],[-75.96092,35.80283],[-75.96105,35.80447],[-75.95919,35.80538]]]}},{"type":"Feature","properties":{"sqmi":0.59},"geometry":{"type":"Polygon","coordinates":[[[-81.59947,30.69495],[-81.59996,30.69671],[-81.60182,30.69723],[-81.60232,30.69899],[-81.60095,30.70023],[-81.5991,30.69972],[-81.59773,30.70096],[-81.59823,30.70272],[-81.59687,30.70397],[-81.59737,30.70572],[-81.59922,30.70624],[-81.60059,30.705],[-81.60009,30.70324],[-81.60145,30.70199],[-81.60331,30.70251],[-81.60381,30.70427],[-81.60244,30.70551],[-81.60294,30.70727],[-81.60802,30.70706],[-81.60852,30.70882],[-81.60715,30.71006],[-81.6053,30.70955],[-81.60393,30.71079],[-81.59972,30.708],[-81.59836,30.70924],[-81.59885,30.711],[-81.59749,30.71225],[-81.59563,30.71173],[-81.59514,30.70997],[-81.5965,30.70873],[-81.596,30.70697],[-81.59414,30.70645],[-81.59365,30.70469],[-81.59179,30.70418],[-81.59129,30.70242],[-81.59266,30.70117],[-81.59451,30.70169],[-81.59588,30.70045],[-81.59538,30.69869],[-81.59674,30.69744],[-81.59625,30.69568],[-81.59117,30.6959],[-81.59067,30.69414],[-81.58881,30.69362],[-81.58832,30.69186],[-81.58968,30.69062],[-81.59154,30.69113],[-81.5929,30.68989],[-81.59476,30.6904],[-81.59525,30.69216],[-81.59947,30.69495]]]}},{"type":"Feature","properties":{"sqmi":0.58},"geometry":{"type":"Polygon","coordinates":[[[-77.05455,35.23464],[-77.05273,35.23556],[-77.05289,35.23718],[-77.05107,35.2381],[-77.04909,35.2374],[-77.04892,35.23577],[-77.05074,35.23485],[-77.05058,35.23323],[-77.0524,35.23231],[-77.05819,35.23281],[-77.06382,35.23168],[-77.0658,35.23238],[-77.06597,35.23401],[-77.06795,35.23471],[-77.06812,35.23634],[-77.0701,35.23704],[-77.07027,35.23867],[-77.07225,35.23937],[-77.07242,35.241],[-77.0706,35.24191],[-77.07076,35.24354],[-77.06894,35.24446],[-77.06911,35.24608],[-77.06728,35.247],[-77.0653,35.24629],[-77.06513,35.24467],[-77.06315,35.24396],[-77.06133,35.24488],[-77.05934,35.24418],[-77.05918,35.24255],[-77.05719,35.24185],[-77.05703,35.24022],[-77.05885,35.2393],[-77.06083,35.24001],[-77.061,35.24163],[-77.06298,35.24234],[-77.06481,35.24142],[-77.06464,35.2398],[-77.06266,35.23909],[-77.06249,35.23747],[-77.06051,35.23676],[-77.06034,35.23514],[-77.05836,35.23443],[-77.05654,35.23535],[-77.05455,35.23464]]]}},{"type":"Feature","properties":{"sqmi":0.58},"geometry":{"type":"Polygon","coordinates":[[[-81.01479,32.31403],[-81.01617,32.31281],[-81.01804,32.31335],[-81.01942,32.31214],[-81.01893,32.31039],[-81.02031,32.30918],[-81.01981,32.30742],[-81.02119,32.30621],[-81.02631,32.30608],[-81.02769,32.30487],[-81.03192,32.3077],[-81.0333,32.30648],[-81.03517,32.30702],[-81.03566,32.30878],[-81.03753,32.30932],[-81.03802,32.31107],[-81.03664,32.31228],[-81.03241,32.30945],[-81.03103,32.31066],[-81.02916,32.31012],[-81.02779,32.31136],[-81.0251,32.31039],[-81.02488,32.31161],[-81.02588,32.3119],[-81.02553,32.31115],[-81.02626,32.31106],[-81.03014,32.31363],[-81.03063,32.31538],[-81.02925,32.31659],[-81.02738,32.31605],[-81.02601,32.31727],[-81.02414,32.31673],[-81.02276,32.31794],[-81.02089,32.3174],[-81.01951,32.31861],[-81.01528,32.31578],[-81.01479,32.31403]],[[-81.02365,32.31497],[-81.02502,32.31376],[-81.02453,32.31201],[-81.02266,32.31147],[-81.02129,32.31268],[-81.02178,32.31443],[-81.02365,32.31497]]]}},{"type":"Feature","properties":{"sqmi":0.57},"geometry":{"type":"Polygon","coordinates":[[[-77.17699,35.23912],[-77.17565,35.2384],[-77.17733,35.23755],[-77.17716,35.23592],[-77.17518,35.23522],[-77.17336,35.23614],[-77.17346,35.23716],[-77.16968,35.2376],[-77.16955,35.23635],[-77.16757,35.23565],[-77.1663,35.23629],[-77.16536,35.23335],[-77.1674,35.23403],[-77.16922,35.23311],[-77.16905,35.23148],[-77.17087,35.23056],[-77.17666,35.23105],[-77.17848,35.23013],[-77.17831,35.22851],[-77.18013,35.22759],[-77.18211,35.22829],[-77.18393,35.22737],[-77.18972,35.22786],[-77.18989,35.22948],[-77.18807,35.2304],[-77.18824,35.23203],[-77.18262,35.23316],[-77.18279,35.23479],[-77.18858,35.23528],[-77.18875,35.2369],[-77.18753,35.23752],[-77.18397,35.23603],[-77.17699,35.23912]]]}},{"type":"Feature","properties":{"sqmi":0.55},"geometry":{"type":"Polygon","coordinates":[[[-80.82057,32.68888],[-80.82244,32.68942],[-80.82293,32.69117],[-80.82155,32.69238],[-80.82204,32.69413],[-80.82716,32.69402],[-80.82765,32.69577],[-80.82626,32.69697],[-80.82439,32.69642],[-80.82317,32.69749],[-80.81879,32.69478],[-80.8174,32.69599],[-80.81318,32.69314],[-80.81179,32.69435],[-80.81282,32.69633],[-80.81182,32.69747],[-80.81071,32.69671],[-80.81047,32.69437],[-80.8076,32.69437],[-80.81082,32.69085],[-80.81033,32.6891],[-80.80877,32.68864],[-80.81261,32.68494],[-80.81448,32.68549],[-80.81586,32.68428],[-80.81773,32.68483],[-80.81911,32.68363],[-80.82098,32.68417],[-80.82147,32.68592],[-80.82009,32.68713],[-80.82057,32.68888]]]}},{"type":"Feature","properties":{"sqmi":0.54},"geometry":{"type":"Polygon","coordinates":[[[-77.16128,34.98988],[-77.16144,34.9915],[-77.15963,34.99241],[-77.15766,34.99171],[-77.15749,34.99009],[-77.15551,34.98939],[-77.1537,34.99031],[-77.15173,34.98961],[-77.15156,34.98799],[-77.1458,34.9875],[-77.14563,34.98589],[-77.14365,34.98518],[-77.14349,34.98357],[-77.14908,34.98244],[-77.14892,34.98082],[-77.15073,34.9799],[-77.1527,34.98061],[-77.15451,34.97969],[-77.15435,34.97807],[-77.15616,34.97716],[-77.16192,34.97765],[-77.16208,34.97926],[-77.15649,34.98039],[-77.15666,34.98201],[-77.15485,34.98292],[-77.15501,34.98454],[-77.15699,34.98524],[-77.1588,34.98433],[-77.15863,34.98271],[-77.16044,34.98179],[-77.16242,34.9825],[-77.16258,34.98411],[-77.16078,34.98503],[-77.16094,34.98665],[-77.15913,34.98756],[-77.1593,34.98918],[-77.16128,34.98988]]]}},{"type":"Feature","properties":{"sqmi":0.52},"geometry":{"type":"Polygon","coordinates":[[[-76.48242,35.94483],[-76.48056,35.94575],[-76.48071,35.94739],[-76.47885,35.94831],[-76.479,35.94996],[-76.47714,35.95088],[-76.47729,35.95252],[-76.47543,35.95344],[-76.47342,35.95272],[-76.47156,35.95364],[-76.46956,35.95291],[-76.46941,35.95127],[-76.46741,35.95054],[-76.46726,35.9489],[-76.46912,35.94798],[-76.46897,35.94634],[-76.46697,35.94561],[-76.46682,35.94397],[-76.46868,35.94305],[-76.47455,35.94358],[-76.47641,35.94266],[-76.47626,35.94102],[-76.48198,35.9399],[-76.48399,35.94063],[-76.48413,35.94227],[-76.48228,35.94319],[-76.48242,35.94483]]]}},{"type":"Feature","properties":{"sqmi":0.52},"geometry":{"type":"Polygon","coordinates":[[[-81.768,30.87789],[-81.76987,30.87841],[-81.77037,30.88017],[-81.769,30.88141],[-81.7695,30.88318],[-81.76814,30.88442],[-81.76864,30.88618],[-81.76727,30.88743],[-81.76217,30.88764],[-81.76167,30.88588],[-81.75981,30.88536],[-81.75931,30.8836],[-81.76067,30.88236],[-81.76017,30.8806],[-81.7583,30.88008],[-81.7578,30.87832],[-81.75917,30.87707],[-81.76104,30.87759],[-81.76154,30.87935],[-81.7634,30.87987],[-81.76477,30.87862],[-81.76427,30.87686],[-81.7624,30.87635],[-81.7619,30.87458],[-81.76327,30.87334],[-81.76276,30.87158],[-81.76413,30.87033],[-81.766,30.87085],[-81.76736,30.8696],[-81.76923,30.87012],[-81.76973,30.87188],[-81.76836,30.87313],[-81.76886,30.87489],[-81.7675,30.87613],[-81.768,30.87789]]]}},{"type":"Feature","properties":{"sqmi":0.51},"geometry":{"type":"Polygon","coordinates":[[[-81.41351,31.25854],[-81.41186,31.25865],[-81.41176,31.25806],[-81.41164,31.25847],[-81.41191,31.25877],[-81.41574,31.25998],[-81.41593,31.26092],[-81.41629,31.25944],[-81.41863,31.26107],[-81.41667,31.26279],[-81.41481,31.26227],[-81.41344,31.2635],[-81.41394,31.26526],[-81.41313,31.26598],[-81.41248,31.26302],[-81.41203,31.26319],[-81.41307,31.26604],[-81.41071,31.26597],[-81.40934,31.2672],[-81.40983,31.26896],[-81.40901,31.2697],[-81.40616,31.26061],[-81.40691,31.25922],[-81.40604,31.26051],[-81.4055,31.25965],[-81.40687,31.25841],[-81.40873,31.25894],[-81.4101,31.2577],[-81.4096,31.25594],[-81.41097,31.25471],[-81.41047,31.25295],[-81.41184,31.25172],[-81.4137,31.25224],[-81.41507,31.25101],[-81.41458,31.24925],[-81.41272,31.24873],[-81.41234,31.24738],[-81.4174,31.24955],[-81.41993,31.25187],[-81.41929,31.25382],[-81.41743,31.25329],[-81.41606,31.25453],[-81.41656,31.25628],[-81.41519,31.25752],[-81.41615,31.25961],[-81.41351,31.25854]]]}},{"type":"Feature","properties":{"sqmi":0.49},"geometry":{"type":"Polygon","coordinates":[[[-78.28929,34.09357],[-78.28909,34.09198],[-78.28714,34.0913],[-78.28694,34.08971],[-78.28498,34.08904],[-78.28478,34.08745],[-78.28654,34.08653],[-78.29065,34.08947],[-78.2924,34.08855],[-78.2922,34.08696],[-78.29396,34.08604],[-78.29962,34.08647],[-78.30138,34.08555],[-78.30118,34.08396],[-78.29922,34.08329],[-78.29902,34.08169],[-78.30078,34.08078],[-78.30489,34.08371],[-78.30664,34.08279],[-78.3086,34.08347],[-78.3088,34.08506],[-78.30334,34.08622],[-78.30354,34.08781],[-78.29807,34.08898],[-78.29827,34.09057],[-78.30023,34.09124],[-78.30043,34.09283],[-78.29867,34.09375],[-78.293,34.09332],[-78.29125,34.09424],[-78.29145,34.09583],[-78.28969,34.09675],[-78.28774,34.09608],[-78.28754,34.09448],[-78.28929,34.09357]]]}},{"type":"Feature","properties":{"sqmi":0.48},"geometry":{"type":"Polygon","coordinates":[[[-76.4923,35.83877],[-76.49416,35.83785],[-76.50002,35.83838],[-76.50573,35.83726],[-76.50773,35.83798],[-76.50787,35.83962],[-76.50988,35.84035],[-76.51173,35.83943],[-76.51373,35.84015],[-76.51388,35.84179],[-76.51203,35.84271],[-76.51217,35.84435],[-76.51032,35.84527],[-76.50832,35.84455],[-76.50646,35.84546],[-76.50446,35.84474],[-76.50431,35.8431],[-76.50231,35.84238],[-76.50046,35.8433],[-76.50061,35.84494],[-76.49875,35.84586],[-76.49675,35.84513],[-76.4966,35.84349],[-76.49074,35.84297],[-76.4906,35.84133],[-76.49245,35.84041],[-76.4923,35.83877]]]}},{"type":"Feature","properties":{"sqmi":0.48},"geometry":{"type":"Polygon","coordinates":[[[-76.55308,35.93215],[-76.55323,35.93379],[-76.55524,35.93452],[-76.55539,35.93616],[-76.55739,35.93688],[-76.55754,35.93852],[-76.55182,35.93964],[-76.54595,35.93912],[-76.5458,35.93748],[-76.54766,35.93655],[-76.54751,35.93491],[-76.54937,35.93399],[-76.54922,35.93235],[-76.55107,35.93143],[-76.55092,35.92979],[-76.54892,35.92906],[-76.54877,35.92742],[-76.54676,35.9267],[-76.54661,35.92505],[-76.54847,35.92413],[-76.55048,35.92486],[-76.55063,35.9265],[-76.55263,35.92722],[-76.55449,35.9263],[-76.56036,35.92683],[-76.56051,35.92847],[-76.56251,35.92919],[-76.56266,35.93083],[-76.56081,35.93175],[-76.5588,35.93103],[-76.55308,35.93215]]]}},{"type":"Feature","properties":{"sqmi":0.48},"geometry":{"type":"Polygon","coordinates":[[[-77.02783,35.77082],[-77.02582,35.7701],[-77.02566,35.76847],[-77.0275,35.76754],[-77.02734,35.7659],[-77.02533,35.76519],[-77.02349,35.76611],[-77.02148,35.7654],[-77.02132,35.76376],[-77.01931,35.76305],[-77.01747,35.76398],[-77.01763,35.76561],[-77.01579,35.76654],[-77.01379,35.76583],[-77.01362,35.76419],[-77.01546,35.76326],[-77.0153,35.76163],[-77.00944,35.76113],[-77.00928,35.75949],[-77.00727,35.75877],[-77.00711,35.75714],[-77.00895,35.75621],[-77.01096,35.75692],[-77.01112,35.75856],[-77.01313,35.75928],[-77.01497,35.75835],[-77.02082,35.75885],[-77.02099,35.76049],[-77.02299,35.7612],[-77.02316,35.76284],[-77.02516,35.76355],[-77.02701,35.76263],[-77.03286,35.76313],[-77.03302,35.76476],[-77.03118,35.76569],[-77.03135,35.76733],[-77.03336,35.76804],[-77.03352,35.76968],[-77.03168,35.7706],[-77.02967,35.76989],[-77.02783,35.77082]]]}},{"type":"Feature","properties":{"sqmi":0.47},"geometry":{"type":"Polygon","coordinates":[[[-80.43864,32.83175],[-80.4405,32.8323],[-80.44098,32.83405],[-80.4396,32.83524],[-80.44008,32.83699],[-80.4387,32.83819],[-80.43684,32.83763],[-80.43546,32.83883],[-80.43594,32.84057],[-80.43456,32.84177],[-80.43036,32.83892],[-80.42898,32.84011],[-80.42388,32.8402],[-80.4234,32.83845],[-80.4192,32.8356],[-80.41872,32.83386],[-80.4201,32.83266],[-80.42196,32.83321],[-80.42334,32.83202],[-80.4252,32.83257],[-80.42658,32.83138],[-80.43078,32.83423],[-80.43126,32.83598],[-80.43312,32.83653],[-80.4345,32.83533],[-80.43636,32.83589],[-80.43774,32.83469],[-80.43726,32.83295],[-80.43864,32.83175]]]}},{"type":"Feature","properties":{"sqmi":0.45},"geometry":{"type":"Polygon","coordinates":[[[-79.33771,33.29413],[-79.33816,33.29586],[-79.33679,33.29703],[-79.33724,33.29877],[-79.33908,33.29934],[-79.33953,33.30107],[-79.34458,33.30104],[-79.34503,33.30278],[-79.34366,33.30395],[-79.34411,33.30568],[-79.34273,33.30685],[-79.3409,33.30628],[-79.33952,33.30745],[-79.33998,33.30918],[-79.3386,33.31035],[-79.33447,33.30747],[-79.33402,33.30574],[-79.3354,33.30457],[-79.33494,33.30284],[-79.33632,33.30167],[-79.33586,33.29993],[-79.33174,33.29706],[-79.32899,33.29302],[-79.33359,33.29125],[-79.33542,33.29182],[-79.33587,33.29356],[-79.33771,33.29413]]]}},{"type":"Feature","properties":{"sqmi":0.44},"geometry":{"type":"Polygon","coordinates":[[[-76.9794,35.59584],[-76.98123,35.59491],[-76.98323,35.59563],[-76.9834,35.59726],[-76.98539,35.59797],[-76.98556,35.5996],[-76.98756,35.60032],[-76.98772,35.60195],[-76.98972,35.60266],[-76.98988,35.60429],[-76.98805,35.60522],[-76.98605,35.60451],[-76.98588,35.60287],[-76.98005,35.60237],[-76.97821,35.60329],[-76.97838,35.60493],[-76.98037,35.60564],[-76.98054,35.60727],[-76.97487,35.60841],[-76.97287,35.60769],[-76.9727,35.60606],[-76.97071,35.60535],[-76.97054,35.60371],[-76.97238,35.60279],[-76.97222,35.60116],[-76.97405,35.60024],[-76.97389,35.5986],[-76.97573,35.59768],[-76.97772,35.59839],[-76.97789,35.60003],[-76.97989,35.60074],[-76.98172,35.59982],[-76.98156,35.59818],[-76.97956,35.59747],[-76.9794,35.59584]]]}},{"type":"Feature","properties":{"sqmi":0.43},"geometry":{"type":"Polygon","coordinates":[[[-75.92559,35.79623],[-75.92758,35.79696],[-75.92771,35.7986],[-75.9297,35.79933],[-75.92983,35.80097],[-75.92797,35.80188],[-75.92212,35.80133],[-75.92026,35.80224],[-75.91827,35.80151],[-75.91814,35.79987],[-75.91615,35.79913],[-75.91429,35.80004],[-75.915,35.8019],[-75.90849,35.80344],[-75.90504,35.80136],[-75.9043,35.79873],[-75.90665,35.79726],[-75.90831,35.79785],[-75.91018,35.79694],[-75.91217,35.79767],[-75.91403,35.79676],[-75.91602,35.79749],[-75.91789,35.79659],[-75.92373,35.79714],[-75.92559,35.79623]]]}},{"type":"Feature","properties":{"sqmi":0.42},"geometry":{"type":"Polygon","coordinates":[[[-76.51103,35.93925],[-76.50903,35.93853],[-76.50888,35.93688],[-76.50687,35.93616],[-76.50672,35.93452],[-76.50858,35.9336],[-76.51059,35.93432],[-76.51074,35.93596],[-76.51274,35.93669],[-76.5146,35.93577],[-76.51445,35.93413],[-76.51245,35.9334],[-76.5123,35.93176],[-76.51415,35.93084],[-76.51616,35.93156],[-76.51631,35.93321],[-76.51831,35.93393],[-76.51846,35.93557],[-76.5166,35.93649],[-76.51675,35.93813],[-76.51876,35.93886],[-76.51891,35.9405],[-76.52478,35.94103],[-76.52493,35.94267],[-76.5192,35.94379],[-76.51935,35.94543],[-76.52136,35.94615],[-76.52322,35.94523],[-76.52362,35.94538],[-76.521,35.94676],[-76.51265,35.94875],[-76.51378,35.94819],[-76.51363,35.94655],[-76.51549,35.94563],[-76.51534,35.94398],[-76.5172,35.94306],[-76.51705,35.94142],[-76.51118,35.94089],[-76.51103,35.93925]]]}},{"type":"Feature","properties":{"sqmi":0.42},"geometry":{"type":"Polygon","coordinates":[[[-78.21268,34.07935],[-78.21248,34.07776],[-78.21423,34.07684],[-78.21404,34.07525],[-78.21579,34.07434],[-78.21775,34.07501],[-78.21795,34.0766],[-78.21619,34.07752],[-78.21639,34.07911],[-78.21834,34.07978],[-78.21854,34.08137],[-78.21678,34.08229],[-78.21698,34.08388],[-78.21894,34.08456],[-78.21913,34.08615],[-78.21738,34.08706],[-78.21758,34.08865],[-78.21953,34.08933],[-78.21973,34.09092],[-78.21797,34.09184],[-78.21386,34.0889],[-78.21211,34.08981],[-78.208,34.08687],[-78.2078,34.08528],[-78.21327,34.08412],[-78.21307,34.08253],[-78.20741,34.0821],[-78.20721,34.08051],[-78.20897,34.07959],[-78.21092,34.08027],[-78.21268,34.07935]]]}},{"type":"Feature","properties":{"sqmi":0.41},"geometry":{"type":"Polygon","coordinates":[[[-76.49171,35.94023],[-76.48971,35.93951],[-76.48956,35.93787],[-76.48369,35.93734],[-76.48355,35.9357],[-76.4854,35.93478],[-76.48741,35.9355],[-76.48927,35.93458],[-76.48912,35.93294],[-76.49484,35.93182],[-76.49469,35.93018],[-76.49655,35.92926],[-76.4964,35.92762],[-76.4944,35.92689],[-76.49425,35.92525],[-76.49611,35.92433],[-76.49811,35.92505],[-76.49826,35.9267],[-76.50027,35.92742],[-76.50041,35.92906],[-76.49856,35.92998],[-76.4987,35.93163],[-76.49685,35.93255],[-76.49699,35.93419],[-76.499,35.93491],[-76.49915,35.93655],[-76.49729,35.93747],[-76.49744,35.93912],[-76.49171,35.94023]]]}},{"type":"Feature","properties":{"sqmi":0.41},"geometry":{"type":"Polygon","coordinates":[[[-76.72866,35.79851],[-76.7285,35.79687],[-76.7265,35.79616],[-76.72635,35.79452],[-76.72819,35.7936],[-76.72804,35.79196],[-76.72604,35.79124],[-76.72588,35.7896],[-76.72773,35.78868],[-76.72757,35.78704],[-76.72942,35.78612],[-76.72927,35.78448],[-76.72726,35.78376],[-76.72711,35.78212],[-76.72896,35.7812],[-76.73096,35.78192],[-76.73111,35.78356],[-76.73312,35.78428],[-76.73496,35.78336],[-76.73697,35.78407],[-76.73712,35.78571],[-76.73528,35.78663],[-76.73543,35.78827],[-76.73743,35.78899],[-76.73759,35.79063],[-76.73574,35.79155],[-76.7359,35.79319],[-76.73405,35.79411],[-76.73204,35.79339],[-76.7302,35.79431],[-76.73035,35.79595],[-76.73236,35.79667],[-76.73251,35.79831],[-76.73066,35.79923],[-76.72866,35.79851]],[[-76.73189,35.79175],[-76.73374,35.79083],[-76.73358,35.78919],[-76.73158,35.78848],[-76.72973,35.7894],[-76.72989,35.79104],[-76.73189,35.79175]]]}},{"type":"Feature","properties":{"sqmi":0.41},"geometry":{"type":"Polygon","coordinates":[[[-79.89713,32.74786],[-79.89562,32.74618],[-79.89305,32.74638],[-79.88993,32.74374],[-79.89239,32.74596],[-79.8926,32.74667],[-79.89166,32.74639],[-79.89028,32.74757],[-79.89075,32.74932],[-79.89264,32.74983],[-79.89213,32.75041],[-79.88993,32.75189],[-79.87943,32.75156],[-79.88061,32.74965],[-79.88062,32.74414],[-79.88407,32.74249],[-79.88567,32.74298],[-79.88704,32.74179],[-79.88889,32.74235],[-79.89026,32.74116],[-79.8921,32.74172],[-79.89257,32.74346],[-79.89441,32.74402],[-79.89488,32.74576],[-79.89672,32.74632],[-79.89713,32.74786]],[[-79.88385,32.74883],[-79.88523,32.74764],[-79.88476,32.7459],[-79.88292,32.74535],[-79.88154,32.74653],[-79.88201,32.74827],[-79.88385,32.74883]]]}},{"type":"Feature","properties":{"sqmi":0.41},"geometry":{"type":"Polygon","coordinates":[[[-81.71274,30.51373],[-81.71695,30.51651],[-81.71831,30.51526],[-81.72017,30.51578],[-81.72067,30.51754],[-81.71931,30.51878],[-81.71981,30.52055],[-81.71845,30.52179],[-81.71659,30.52128],[-81.71609,30.51952],[-81.71188,30.51674],[-81.71052,30.51798],[-81.71101,30.51974],[-81.70965,30.52099],[-81.70779,30.52048],[-81.7073,30.51872],[-81.70866,30.51747],[-81.70816,30.51571],[-81.7063,30.5152],[-81.70494,30.51645],[-81.70073,30.51366],[-81.70023,30.5119],[-81.70159,30.51065],[-81.70109,30.50889],[-81.70245,30.50764],[-81.70431,30.50816],[-81.70481,30.50992],[-81.70667,30.51043],[-81.70716,30.51219],[-81.71138,30.51497],[-81.71274,30.51373]]]}},{"type":"Feature","properties":{"sqmi":0.4},"geometry":{"type":"Polygon","coordinates":[[[-76.98923,35.59776],[-76.99106,35.59684],[-76.9909,35.5952],[-76.9889,35.59449],[-76.98874,35.59286],[-76.99058,35.59194],[-76.99041,35.5903],[-76.99225,35.58938],[-76.99208,35.58775],[-76.99392,35.58683],[-76.99592,35.58754],[-76.99608,35.58917],[-76.99425,35.59009],[-76.99441,35.59173],[-76.99641,35.59244],[-76.99657,35.59407],[-76.99857,35.59478],[-76.99873,35.59642],[-76.9969,35.59734],[-76.99706,35.59897],[-76.99906,35.59968],[-76.99922,35.60132],[-76.99739,35.60224],[-76.99755,35.60387],[-76.99572,35.6048],[-76.99372,35.60408],[-76.99355,35.60245],[-76.99155,35.60174],[-76.99139,35.60011],[-76.98939,35.59939],[-76.98923,35.59776]]]}},{"type":"Feature","properties":{"sqmi":0.4},"geometry":{"type":"Polygon","coordinates":[[[-77.06078,35.31519],[-77.06062,35.31356],[-77.06244,35.31264],[-77.06228,35.31101],[-77.0641,35.3101],[-77.06393,35.30847],[-77.06576,35.30755],[-77.06559,35.30592],[-77.06742,35.30501],[-77.0694,35.30571],[-77.06957,35.30734],[-77.07156,35.30804],[-77.07172,35.30967],[-77.07371,35.31038],[-77.07388,35.312],[-77.07205,35.31292],[-77.07222,35.31455],[-77.07039,35.31547],[-77.07056,35.31709],[-77.06873,35.31801],[-77.06675,35.31731],[-77.06658,35.31568],[-77.06459,35.31497],[-77.06277,35.31589],[-77.06293,35.31752],[-77.06111,35.31844],[-77.05912,35.31773],[-77.05896,35.3161],[-77.06078,35.31519]]]}},{"type":"Feature","properties":{"sqmi":0.4},"geometry":{"type":"Polygon","coordinates":[[[-77.24636,34.82096],[-77.24456,34.82188],[-77.24473,34.82349],[-77.24293,34.82441],[-77.24096,34.82371],[-77.24079,34.82209],[-77.23882,34.8214],[-77.23865,34.81978],[-77.23668,34.81909],[-77.23651,34.81747],[-77.23454,34.81678],[-77.23437,34.81516],[-77.2324,34.81446],[-77.23223,34.81285],[-77.23026,34.81215],[-77.23009,34.81054],[-77.23189,34.80963],[-77.23173,34.80802],[-77.23353,34.8071],[-77.2355,34.8078],[-77.23567,34.80941],[-77.23386,34.81033],[-77.23403,34.81194],[-77.23978,34.81242],[-77.23994,34.81403],[-77.23814,34.81495],[-77.23831,34.81656],[-77.24028,34.81726],[-77.24045,34.81887],[-77.24242,34.81957],[-77.24422,34.81865],[-77.24619,34.81935],[-77.248,34.81844],[-77.25374,34.81892],[-77.25391,34.82053],[-77.25211,34.82145],[-77.25014,34.82075],[-77.24833,34.82166],[-77.24636,34.82096]]]}},{"type":"Feature","properties":{"sqmi":0.39},"geometry":{"type":"Polygon","coordinates":[[[-81.53614,31.38637],[-81.53598,31.38509],[-81.53544,31.38608],[-81.53445,31.38575],[-81.53511,31.38508],[-81.53524,31.3823],[-81.53432,31.38192],[-81.53278,31.38371],[-81.53225,31.38265],[-81.53363,31.38196],[-81.53338,31.38129],[-81.53033,31.38306],[-81.52725,31.38304],[-81.52882,31.38138],[-81.52692,31.37902],[-81.52658,31.37628],[-81.52371,31.37696],[-81.52356,31.37375],[-81.52129,31.37358],[-81.52158,31.3729],[-81.52517,31.37184],[-81.52977,31.37556],[-81.53456,31.37623],[-81.53901,31.37882],[-81.53861,31.38022],[-81.53768,31.37946],[-81.53716,31.38195],[-81.53895,31.38562],[-81.53745,31.38538],[-81.53614,31.38637]]]}},{"type":"Feature","properties":{"sqmi":0.38},"geometry":{"type":"Polygon","coordinates":[[[-81.41725,31.23729],[-81.41608,31.23839],[-81.41638,31.23987],[-81.41589,31.24093],[-81.41596,31.24192],[-81.41485,31.24267],[-81.41599,31.24212],[-81.41656,31.23982],[-81.41636,31.23841],[-81.41745,31.23713],[-81.41571,31.23501],[-81.41991,31.23165],[-81.42031,31.23306],[-81.42217,31.23358],[-81.42354,31.23235],[-81.42305,31.23059],[-81.42441,31.22936],[-81.42951,31.22917],[-81.43087,31.22794],[-81.43038,31.22618],[-81.43175,31.22495],[-81.43304,31.22531],[-81.43219,31.22767],[-81.43001,31.22919],[-81.42515,31.23151],[-81.42216,31.23498],[-81.42129,31.23736],[-81.42147,31.24451],[-81.41975,31.24687],[-81.41331,31.24473],[-81.41446,31.24275],[-81.41397,31.24099],[-81.41533,31.23975],[-81.41484,31.238],[-81.41624,31.23601],[-81.41725,31.23729]],[[-81.41769,31.24204],[-81.41632,31.24327],[-81.41682,31.24503],[-81.41868,31.24555],[-81.42005,31.24432],[-81.41955,31.24256],[-81.41769,31.24204]]]}},{"type":"Feature","properties":{"sqmi":0.37},"geometry":{"type":"Polygon","coordinates":[[[-76.52961,35.93005],[-76.52946,35.92841],[-76.52745,35.92769],[-76.5273,35.92604],[-76.5253,35.92532],[-76.52515,35.92368],[-76.52314,35.92295],[-76.52299,35.92131],[-76.52485,35.92039],[-76.5247,35.91875],[-76.5227,35.91803],[-76.52255,35.91638],[-76.52441,35.91546],[-76.52641,35.91619],[-76.52656,35.91783],[-76.52857,35.91855],[-76.52871,35.92019],[-76.52686,35.92111],[-76.52701,35.92276],[-76.53287,35.92328],[-76.53302,35.92492],[-76.53503,35.92565],[-76.53688,35.92473],[-76.53889,35.92545],[-76.53904,35.92709],[-76.53718,35.92801],[-76.53733,35.92966],[-76.53161,35.93077],[-76.52961,35.93005]]]}},{"type":"Feature","properties":{"sqmi":0.37},"geometry":{"type":"Polygon","coordinates":[[[-76.65717,35.7998],[-76.66302,35.80031],[-76.66318,35.80195],[-76.66518,35.80267],[-76.66533,35.80431],[-76.66348,35.80523],[-76.66364,35.80687],[-76.66179,35.80779],[-76.65978,35.80707],[-76.65963,35.80543],[-76.65763,35.80471],[-76.65578,35.80563],[-76.65593,35.80727],[-76.65408,35.80819],[-76.64823,35.80768],[-76.64807,35.80604],[-76.64992,35.80512],[-76.65193,35.80583],[-76.65378,35.80491],[-76.65362,35.80328],[-76.65547,35.80235],[-76.65532,35.80072],[-76.64947,35.8002],[-76.64931,35.79856],[-76.65116,35.79764],[-76.65702,35.79816],[-76.65717,35.7998]]]}},{"type":"Feature","properties":{"sqmi":0.37},"geometry":{"type":"Polygon","coordinates":[[[-76.9458,35.62643],[-76.94396,35.62735],[-76.94412,35.62899],[-76.94612,35.6297],[-76.94628,35.63133],[-76.94828,35.63204],[-76.94844,35.63368],[-76.94661,35.6346],[-76.94461,35.63389],[-76.94444,35.63225],[-76.94245,35.63154],[-76.94061,35.63246],[-76.94077,35.6341],[-76.93893,35.63502],[-76.93909,35.63666],[-76.93725,35.63758],[-76.93525,35.63686],[-76.93509,35.63523],[-76.93693,35.63431],[-76.93677,35.63267],[-76.93477,35.63196],[-76.93461,35.63033],[-76.93645,35.6294],[-76.93629,35.62777],[-76.94196,35.62664],[-76.9418,35.625],[-76.9398,35.62429],[-76.93964,35.62266],[-76.94148,35.62173],[-76.94347,35.62245],[-76.94364,35.62408],[-76.94564,35.62479],[-76.9458,35.62643]]]}},{"type":"Feature","properties":{"sqmi":0.37},"geometry":{"type":"Polygon","coordinates":[[[-76.98073,35.66725],[-76.97873,35.66654],[-76.97857,35.66491],[-76.97656,35.66419],[-76.97473,35.66512],[-76.97489,35.66675],[-76.97689,35.66747],[-76.97705,35.6691],[-76.97137,35.67024],[-76.97154,35.67187],[-76.9697,35.67279],[-76.9677,35.67208],[-76.96753,35.67045],[-76.96937,35.66952],[-76.96921,35.66789],[-76.97105,35.66696],[-76.97089,35.66533],[-76.97272,35.66441],[-76.97256,35.66277],[-76.9744,35.66185],[-76.9764,35.66256],[-76.97824,35.66164],[-76.97808,35.66],[-76.97991,35.65908],[-76.98192,35.65979],[-76.98208,35.66143],[-76.98024,35.66235],[-76.9804,35.66398],[-76.98241,35.6647],[-76.98424,35.66377],[-76.98408,35.66214],[-76.98592,35.66121],[-76.98792,35.66193],[-76.98808,35.66356],[-76.98625,35.66449],[-76.98641,35.66612],[-76.98457,35.66704],[-76.98257,35.66633],[-76.98073,35.66725]]]}},{"type":"Feature","properties":{"sqmi":0.37},"geometry":{"type":"Polygon","coordinates":[[[-77.21156,35.43766],[-77.21339,35.43673],[-77.21322,35.4351],[-77.21505,35.43418],[-77.21704,35.43489],[-77.21721,35.43652],[-77.21921,35.43722],[-77.21938,35.43885],[-77.21755,35.43977],[-77.21772,35.4414],[-77.2159,35.44233],[-77.2139,35.44162],[-77.21373,35.43999],[-77.20791,35.4395],[-77.20609,35.44043],[-77.20626,35.44206],[-77.20443,35.44298],[-77.20244,35.44227],[-77.20227,35.44064],[-77.20409,35.43972],[-77.20392,35.43809],[-77.19811,35.4376],[-77.19628,35.43853],[-77.19428,35.43782],[-77.19412,35.43619],[-77.19594,35.43527],[-77.20176,35.43576],[-77.20358,35.43483],[-77.20558,35.43554],[-77.20575,35.43717],[-77.20774,35.43787],[-77.20957,35.43695],[-77.21156,35.43766]]]}},{"type":"Feature","properties":{"sqmi":0.34},"geometry":{"type":"Polygon","coordinates":[[[-77.97132,34.17273],[-77.97151,34.17432],[-77.96974,34.17523],[-77.96993,34.17683],[-77.96817,34.17774],[-77.96836,34.17934],[-77.96659,34.18025],[-77.96678,34.18185],[-77.96595,34.1821],[-77.96236,34.17823],[-77.96176,34.17609],[-77.96433,34.1664],[-77.96568,34.16667],[-77.96684,34.16863],[-77.96937,34.1674],[-77.9694,34.16869],[-77.96871,34.16854],[-77.96957,34.1726],[-77.97132,34.17273]]]}},{"type":"Feature","properties":{"sqmi":0.33},"geometry":{"type":"Polygon","coordinates":[[[-76.68829,35.80146],[-76.68629,35.80074],[-76.68444,35.80166],[-76.68459,35.8033],[-76.68274,35.80422],[-76.68074,35.80351],[-76.68059,35.80187],[-76.67473,35.80135],[-76.67458,35.79971],[-76.67643,35.79879],[-76.67843,35.79951],[-76.68028,35.79859],[-76.68614,35.7991],[-76.68799,35.79818],[-76.68783,35.79654],[-76.69353,35.79542],[-76.69338,35.79378],[-76.69523,35.79286],[-76.69723,35.79358],[-76.69738,35.79522],[-76.69553,35.79614],[-76.69569,35.79778],[-76.69384,35.7987],[-76.69399,35.80034],[-76.68829,35.80146]]]}},{"type":"Feature","properties":{"sqmi":0.33},"geometry":{"type":"Polygon","coordinates":[[[-77.00576,35.2251],[-77.00559,35.22348],[-77.00741,35.22256],[-77.0094,35.22327],[-77.00956,35.22489],[-77.00774,35.22581],[-77.0079,35.22743],[-77.01369,35.22793],[-77.01385,35.22955],[-77.00823,35.23068],[-77.00839,35.2323],[-77.00657,35.23322],[-77.00673,35.23485],[-77.00491,35.23576],[-77.00507,35.23739],[-77.00325,35.2383],[-77.00341,35.23993],[-77.00159,35.24084],[-76.99961,35.24014],[-76.99944,35.23851],[-77.00127,35.2376],[-77.0011,35.23597],[-77.00292,35.23506],[-77.00276,35.23343],[-77.00458,35.23251],[-77.00442,35.23089],[-77.00244,35.23018],[-77.00228,35.22856],[-77.0041,35.22764],[-77.00393,35.22602],[-77.00576,35.2251]]]}},{"type":"Feature","properties":{"sqmi":0.33},"geometry":{"type":"Polygon","coordinates":[[[-81.76295,30.90245],[-81.76108,30.90194],[-81.75972,30.90318],[-81.75785,30.90267],[-81.75735,30.9009],[-81.75872,30.89966],[-81.75822,30.8979],[-81.75958,30.89665],[-81.76145,30.89717],[-81.76281,30.89593],[-81.76231,30.89417],[-81.76368,30.89292],[-81.76554,30.89344],[-81.76605,30.8952],[-81.76468,30.89644],[-81.76518,30.8982],[-81.77028,30.89799],[-81.77078,30.89975],[-81.76942,30.901],[-81.76992,30.90276],[-81.76855,30.904],[-81.76905,30.90576],[-81.76769,30.90701],[-81.76582,30.90649],[-81.76532,30.90473],[-81.76668,30.90349],[-81.76618,30.90173],[-81.76432,30.90121],[-81.76295,30.90245]]]}},{"type":"Feature","properties":{"sqmi":0.32},"geometry":{"type":"Polygon","coordinates":[[[-78.21647,34.12483],[-78.21842,34.1255],[-78.21862,34.1271],[-78.22058,34.12777],[-78.22078,34.12936],[-78.21902,34.13028],[-78.21491,34.12734],[-78.21315,34.12826],[-78.21335,34.12985],[-78.21159,34.13077],[-78.21179,34.13236],[-78.21746,34.13279],[-78.21766,34.13438],[-78.21218,34.13554],[-78.21023,34.13487],[-78.21003,34.13328],[-78.20592,34.13033],[-78.20572,34.12874],[-78.21119,34.12758],[-78.21099,34.12599],[-78.20904,34.12531],[-78.20884,34.12372],[-78.2106,34.1228],[-78.21471,34.12575],[-78.21647,34.12483]]]}},{"type":"Feature","properties":{"sqmi":0.32},"geometry":{"type":"Polygon","coordinates":[[[-80.62724,32.78961],[-80.62862,32.78841],[-80.63374,32.78831],[-80.63422,32.79006],[-80.63284,32.79126],[-80.63332,32.79301],[-80.63844,32.79291],[-80.63892,32.79465],[-80.63754,32.79585],[-80.63567,32.7953],[-80.63429,32.7965],[-80.63477,32.79825],[-80.63339,32.79945],[-80.63153,32.7989],[-80.63014,32.8001],[-80.62593,32.79725],[-80.62545,32.7955],[-80.62683,32.7943],[-80.62869,32.79485],[-80.63007,32.79366],[-80.62959,32.79191],[-80.62773,32.79136],[-80.62724,32.78961]]]}},{"type":"Feature","properties":{"sqmi":0.31},"geometry":{"type":"Polygon","coordinates":[[[-77.78844,34.22221],[-77.78972,34.22266],[-77.79173,34.22094],[-77.79355,34.22068],[-77.79344,34.2242],[-77.79278,34.22312],[-77.79201,34.22293],[-77.79489,34.22675],[-77.79647,34.22667],[-77.79752,34.22566],[-77.79636,34.22637],[-77.7938,34.22456],[-77.79422,34.22127],[-77.79958,34.22398],[-77.80256,34.22228],[-77.8076,34.22119],[-77.79989,34.22941],[-77.79791,34.22858],[-77.79614,34.22949],[-77.79633,34.23109],[-77.79786,34.23162],[-77.79698,34.232],[-77.79068,34.22723],[-77.79205,34.22653],[-77.79186,34.22493],[-77.78855,34.22425],[-77.78844,34.22221]],[[-77.7995,34.22607],[-77.80145,34.22675],[-77.80322,34.22584],[-77.80304,34.22424],[-77.80108,34.22356],[-77.79931,34.22447],[-77.7995,34.22607]]]}},{"type":"Feature","properties":{"sqmi":0.31},"geometry":{"type":"Polygon","coordinates":[[[-80.82216,32.55039],[-80.82166,32.54946],[-80.82121,32.54927],[-80.82004,32.55035],[-80.82134,32.54944],[-80.82208,32.55062],[-80.82091,32.55186],[-80.82021,32.5514],[-80.81876,32.55342],[-80.81976,32.55416],[-80.81887,32.55444],[-80.81848,32.55569],[-80.81957,32.55494],[-80.81909,32.55446],[-80.82217,32.55396],[-80.81971,32.55601],[-80.81953,32.55671],[-80.81799,32.55626],[-80.8175,32.55451],[-80.81564,32.55397],[-80.81426,32.55517],[-80.81239,32.55463],[-80.8119,32.55288],[-80.80679,32.55299],[-80.8063,32.55124],[-80.80768,32.55004],[-80.80955,32.55058],[-80.81093,32.54938],[-80.8128,32.54992],[-80.81418,32.54872],[-80.81432,32.54642],[-80.81431,32.5473],[-80.81553,32.54853],[-80.81469,32.54683],[-80.81613,32.5481],[-80.81747,32.54852],[-80.82259,32.54691],[-80.82216,32.55039]]]}},{"type":"Feature","properties":{"sqmi":0.31},"geometry":{"type":"Polygon","coordinates":[[[-81.37457,31.34478],[-81.37594,31.34355],[-81.3778,31.34407],[-81.37829,31.34583],[-81.37693,31.34706],[-81.37742,31.34882],[-81.37605,31.35005],[-81.37655,31.35181],[-81.37841,31.35233],[-81.37978,31.3511],[-81.37928,31.34935],[-81.38065,31.34811],[-81.38251,31.34864],[-81.38301,31.3504],[-81.38164,31.35163],[-81.38213,31.35339],[-81.38077,31.35462],[-81.381,31.35544],[-81.37914,31.35512],[-81.37777,31.35615],[-81.37567,31.3548],[-81.3743,31.35603],[-81.37482,31.35791],[-81.37156,31.35849],[-81.37107,31.35674],[-81.37244,31.3555],[-81.37194,31.35375],[-81.37331,31.35252],[-81.37282,31.35076],[-81.37419,31.34953],[-81.37369,31.34777],[-81.37506,31.34654],[-81.37457,31.34478]]]}},{"type":"Feature","properties":{"sqmi":0.3},"geometry":{"type":"Polygon","coordinates":[[[-81.46197,30.21718],[-81.46062,30.21843],[-81.46111,30.22019],[-81.45975,30.22144],[-81.45791,30.22092],[-81.45741,30.21917],[-81.45557,30.21865],[-81.45508,30.2169],[-81.45643,30.21565],[-81.45828,30.21616],[-81.45963,30.21491],[-81.46148,30.21543],[-81.46283,30.21418],[-81.46234,30.21242],[-81.4637,30.21117],[-81.46875,30.21095],[-81.46924,30.21271],[-81.46788,30.21395],[-81.46604,30.21344],[-81.46468,30.21469],[-81.46517,30.21645],[-81.47022,30.21622],[-81.47071,30.21798],[-81.46936,30.21923],[-81.46751,30.21872],[-81.46615,30.21997],[-81.46197,30.21718]]]}},{"type":"Feature","properties":{"sqmi":0.3},"geometry":{"type":"Polygon","coordinates":[[[-81.68901,30.55101],[-81.68715,30.55049],[-81.68666,30.54873],[-81.68802,30.54748],[-81.69309,30.54726],[-81.69446,30.54602],[-81.69867,30.5488],[-81.70003,30.54755],[-81.70189,30.54807],[-81.70239,30.54983],[-81.70103,30.55108],[-81.69595,30.5513],[-81.69459,30.55254],[-81.69509,30.55431],[-81.69372,30.55555],[-81.68951,30.55277],[-81.68901,30.55101]],[[-81.69209,30.55285],[-81.69215,30.5525],[-81.69174,30.55251],[-81.69209,30.55285]],[[-81.69389,30.55081],[-81.69419,30.55029],[-81.69392,30.55016],[-81.69389,30.55081]],[[-81.69703,30.551],[-81.69707,30.55122],[-81.69727,30.55084],[-81.69703,30.551]]]}},{"type":"Feature","properties":{"sqmi":0.3},"geometry":{"type":"Polygon","coordinates":[[[-81.69731,31.01251],[-81.69577,31.0152],[-81.69473,31.01329],[-81.69286,31.01277],[-81.69236,31.01101],[-81.69373,31.00977],[-81.69345,31.00878],[-81.69594,31.00833],[-81.69353,31.00773],[-81.69459,31.00677],[-81.69409,31.00501],[-81.69546,31.00376],[-81.69496,31.002],[-81.69633,31.00076],[-81.69819,31.00128],[-81.69869,31.00304],[-81.69733,31.00428],[-81.69783,31.00604],[-81.69646,31.00729],[-81.69696,31.00905],[-81.69883,31.00956],[-81.70019,31.00832],[-81.70206,31.00884],[-81.70343,31.0076],[-81.70529,31.00812],[-81.70579,31.00988],[-81.70443,31.01112],[-81.70473,31.0122],[-81.69731,31.01251]]]}},{"type":"Feature","properties":{"sqmi":0.29},"geometry":{"type":"Polygon","coordinates":[[[-76.86092,35.7256],[-76.86276,35.72467],[-76.8626,35.72304],[-76.8606,35.72232],[-76.85876,35.72324],[-76.85891,35.72488],[-76.85707,35.7258],[-76.85723,35.72744],[-76.85539,35.72836],[-76.85555,35.73],[-76.8537,35.73092],[-76.85386,35.73256],[-76.85202,35.73348],[-76.85002,35.73277],[-76.84986,35.73113],[-76.8517,35.73021],[-76.85154,35.72857],[-76.85339,35.72765],[-76.85323,35.72601],[-76.85507,35.72509],[-76.85491,35.72345],[-76.85675,35.72253],[-76.85659,35.72089],[-76.85844,35.71997],[-76.86428,35.72048],[-76.86444,35.72211],[-76.86645,35.72283],[-76.86661,35.72447],[-76.86476,35.72539],[-76.86492,35.72702],[-76.86308,35.72795],[-76.86108,35.72723],[-76.86092,35.7256]]]}},{"type":"Feature","properties":{"sqmi":0.29},"geometry":{"type":"Polygon","coordinates":[[[-77.02117,35.20711],[-77.02315,35.20782],[-77.02332,35.20944],[-77.02149,35.21036],[-77.02166,35.21198],[-77.02364,35.21268],[-77.0238,35.21431],[-77.01818,35.21544],[-77.0162,35.21473],[-77.01437,35.21565],[-77.01454,35.21727],[-77.01272,35.21819],[-77.01073,35.21748],[-77.01057,35.21586],[-77.01239,35.21494],[-77.01223,35.21332],[-77.01785,35.21219],[-77.01769,35.21057],[-77.01571,35.20986],[-77.01554,35.20824],[-77.01736,35.20732],[-77.0172,35.2057],[-77.01902,35.20478],[-77.02101,35.20549],[-77.02117,35.20711]]]}},{"type":"Feature","properties":{"sqmi":0.29},"geometry":{"type":"Polygon","coordinates":[[[-77.07573,35.23591],[-77.07556,35.23429],[-77.07358,35.23358],[-77.07341,35.23196],[-77.07143,35.23125],[-77.07127,35.22963],[-77.06928,35.22892],[-77.06912,35.2273],[-77.07474,35.22617],[-77.07673,35.22688],[-77.07689,35.2285],[-77.07888,35.2292],[-77.07904,35.23083],[-77.08483,35.23132],[-77.085,35.23294],[-77.07937,35.23408],[-77.07954,35.2357],[-77.07772,35.23662],[-77.07573,35.23591]]]}},{"type":"Feature","properties":{"sqmi":0.29},"geometry":{"type":"Polygon","coordinates":[[[-77.23161,35.29901],[-77.23178,35.30064],[-77.22996,35.30156],[-77.23013,35.30318],[-77.23212,35.30389],[-77.23229,35.30551],[-77.23047,35.30643],[-77.23064,35.30806],[-77.23264,35.30876],[-77.23281,35.31039],[-77.23099,35.31131],[-77.22899,35.31061],[-77.22882,35.30898],[-77.22683,35.30828],[-77.22666,35.30665],[-77.22467,35.30595],[-77.2245,35.30432],[-77.22251,35.30362],[-77.22234,35.30199],[-77.22416,35.30107],[-77.22399,35.29945],[-77.22962,35.29831],[-77.23161,35.29901]]]}},{"type":"Feature","properties":{"sqmi":0.29},"geometry":{"type":"Polygon","coordinates":[[[-80.44338,32.84278],[-80.44386,32.84453],[-80.44248,32.84572],[-80.44062,32.84517],[-80.44014,32.84343],[-80.44152,32.84223],[-80.44104,32.84048],[-80.44242,32.83929],[-80.44194,32.83754],[-80.44332,32.83635],[-80.44518,32.8369],[-80.44657,32.83571],[-80.44843,32.83626],[-80.44891,32.83801],[-80.45077,32.83856],[-80.45125,32.8403],[-80.44987,32.8415],[-80.45035,32.84325],[-80.45221,32.8438],[-80.45269,32.84554],[-80.4513,32.84674],[-80.44944,32.84619],[-80.44896,32.84444],[-80.44476,32.84159],[-80.44338,32.84278]]]}},{"type":"Feature","properties":{"sqmi":0.29},"geometry":{"type":"Polygon","coordinates":[[[-80.61094,32.78641],[-80.6128,32.78696],[-80.61329,32.78871],[-80.61191,32.78991],[-80.61239,32.79165],[-80.6175,32.79156],[-80.61798,32.7933],[-80.61985,32.79385],[-80.62033,32.7956],[-80.61895,32.7968],[-80.61943,32.79855],[-80.6213,32.7991],[-80.62178,32.80085],[-80.6204,32.80204],[-80.61854,32.8015],[-80.61805,32.79975],[-80.61619,32.7992],[-80.6157,32.79745],[-80.61384,32.7969],[-80.61335,32.79515],[-80.60914,32.7923],[-80.60866,32.79055],[-80.61004,32.78936],[-80.60956,32.78761],[-80.61094,32.78641]]]}},{"type":"Feature","properties":{"sqmi":0.28},"geometry":{"type":"Polygon","coordinates":[[[-78.17173,34.1719],[-78.17193,34.17349],[-78.17017,34.17441],[-78.16821,34.17374],[-78.16801,34.17214],[-78.16977,34.17123],[-78.16958,34.16963],[-78.16762,34.16896],[-78.16586,34.16987],[-78.1639,34.1692],[-78.1637,34.1676],[-78.16546,34.16669],[-78.17114,34.16712],[-78.1729,34.1662],[-78.1727,34.16461],[-78.17446,34.16369],[-78.18014,34.16413],[-78.18033,34.16572],[-78.17857,34.16664],[-78.17877,34.16823],[-78.17329,34.16939],[-78.17349,34.17098],[-78.17173,34.1719]]]}},{"type":"Feature","properties":{"sqmi":0.28},"geometry":{"type":"Polygon","coordinates":[[[-81.40234,31.28072],[-81.40026,31.27759],[-81.40163,31.27636],[-81.40672,31.27617],[-81.40721,31.27793],[-81.40585,31.27916],[-81.40634,31.28092],[-81.40497,31.28215],[-81.40547,31.28391],[-81.4041,31.28514],[-81.40459,31.2869],[-81.40007,31.28844],[-81.39797,31.28774],[-81.39764,31.28656],[-81.39901,31.28533],[-81.39851,31.28357],[-81.39988,31.28234],[-81.39938,31.28058],[-81.40093,31.27946],[-81.40234,31.28072]]]}},{"type":"Feature","properties":{"sqmi":0.27},"geometry":{"type":"Polygon","coordinates":[[[-79.46769,33.23705],[-79.46585,33.23649],[-79.46447,33.23766],[-79.46493,33.23939],[-79.46355,33.24056],[-79.46401,33.2423],[-79.46263,33.24347],[-79.46309,33.24521],[-79.46171,33.24638],[-79.462,33.24749],[-79.45768,33.24676],[-79.46086,33.24558],[-79.46265,33.24413],[-79.46198,33.24295],[-79.45829,33.2419],[-79.46,33.24007],[-79.46109,33.23578],[-79.46342,33.23366],[-79.46539,33.23475],[-79.46677,33.23358],[-79.46637,33.23207],[-79.47332,33.23014],[-79.4732,33.23237],[-79.46861,33.23415],[-79.4687,33.23616],[-79.46769,33.23705]]]}},{"type":"Feature","properties":{"sqmi":0.26},"geometry":{"type":"Polygon","coordinates":[[[-76.21773,35.86641],[-76.21973,35.86714],[-76.21987,35.86878],[-76.21415,35.86988],[-76.20829,35.86934],[-76.20815,35.8677],[-76.20616,35.86697],[-76.20602,35.86533],[-76.20402,35.8646],[-76.20388,35.86296],[-76.20574,35.86205],[-76.20774,35.86277],[-76.20788,35.86442],[-76.20988,35.86514],[-76.21174,35.86423],[-76.2116,35.86259],[-76.21346,35.86167],[-76.21546,35.8624],[-76.2156,35.86404],[-76.21374,35.86496],[-76.21387,35.8666],[-76.21587,35.86733],[-76.21773,35.86641]]]}},{"type":"Feature","properties":{"sqmi":0.26},"geometry":{"type":"Polygon","coordinates":[[[-76.52055,35.82991],[-76.5207,35.83155],[-76.51885,35.83247],[-76.51299,35.83195],[-76.51114,35.83287],[-76.50528,35.83234],[-76.50343,35.83326],[-76.50143,35.83254],[-76.50128,35.8309],[-76.50313,35.82998],[-76.50513,35.8307],[-76.50699,35.82978],[-76.50684,35.82814],[-76.50869,35.82722],[-76.51455,35.82775],[-76.5147,35.82939],[-76.52055,35.82991]]]}},{"type":"Feature","properties":{"sqmi":0.26},"geometry":{"type":"Polygon","coordinates":[[[-77.05383,35.30331],[-77.05201,35.30423],[-77.05217,35.30585],[-77.05035,35.30677],[-77.04836,35.30607],[-77.0482,35.30444],[-77.05002,35.30352],[-77.04985,35.3019],[-77.04787,35.30119],[-77.0477,35.29956],[-77.04953,35.29864],[-77.05151,35.29935],[-77.05168,35.30098],[-77.05367,35.30168],[-77.05549,35.30076],[-77.05532,35.29914],[-77.05715,35.29822],[-77.05914,35.29893],[-77.0593,35.30055],[-77.06129,35.30126],[-77.06145,35.30289],[-77.05963,35.3038],[-77.05979,35.30543],[-77.05797,35.30635],[-77.05598,35.30564],[-77.05582,35.30402],[-77.05383,35.30331]]]}},{"type":"Feature","properties":{"sqmi":0.26},"geometry":{"type":"Polygon","coordinates":[[[-77.15864,35.24187],[-77.15665,35.24117],[-77.15648,35.23954],[-77.1545,35.23884],[-77.15433,35.23721],[-77.15615,35.2363],[-77.15598,35.23467],[-77.1578,35.23375],[-77.15979,35.23446],[-77.16161,35.23354],[-77.16428,35.2339],[-77.16591,35.23819],[-77.1641,35.23911],[-77.16426,35.24074],[-77.16244,35.24166],[-77.16046,35.24095],[-77.15864,35.24187]]]}},{"type":"Feature","properties":{"sqmi":0.25},"geometry":{"type":"Polygon","coordinates":[[[-75.50624,35.74329],[-75.50612,35.74165],[-75.50414,35.74091],[-75.50403,35.73927],[-75.50674,35.73869],[-75.50632,35.73998],[-75.50754,35.74075],[-75.50891,35.73861],[-75.50936,35.74016],[-75.51177,35.73962],[-75.51457,35.74467],[-75.51326,35.74616],[-75.51438,35.74802],[-75.51374,35.75029],[-75.51493,35.75023],[-75.51516,35.7482],[-75.51806,35.74794],[-75.51592,35.74931],[-75.51681,35.74987],[-75.51614,35.75028],[-75.51718,35.75018],[-75.51619,35.75103],[-75.51706,35.75161],[-75.51524,35.7521],[-75.51723,35.75211],[-75.51702,35.75305],[-75.51771,35.75294],[-75.5166,35.75353],[-75.51462,35.75279],[-75.51451,35.75116],[-75.51252,35.75042],[-75.51241,35.74878],[-75.51043,35.74804],[-75.51031,35.7464],[-75.50833,35.74567],[-75.50822,35.74403],[-75.50624,35.74329]],[[-75.51026,35.74324],[-75.50934,35.74171],[-75.50755,35.74258],[-75.50807,35.74356],[-75.50992,35.74297],[-75.50853,35.74412],[-75.51026,35.74324]]]}},{"type":"Feature","properties":{"sqmi":0.25},"geometry":{"type":"Polygon","coordinates":[[[-76.26566,35.83771],[-76.26752,35.83679],[-76.26952,35.83752],[-76.27137,35.83661],[-76.27123,35.83497],[-76.27309,35.83405],[-76.27509,35.83478],[-76.27791,35.83421],[-76.27681,35.83573],[-76.27895,35.83459],[-76.27909,35.83623],[-76.27723,35.83714],[-76.27523,35.83642],[-76.27337,35.83733],[-76.27351,35.83897],[-76.27551,35.8397],[-76.27565,35.84134],[-76.27379,35.84225],[-76.26794,35.84172],[-76.26608,35.84263],[-76.26408,35.84191],[-76.26394,35.84026],[-76.2658,35.83935],[-76.26566,35.83771]]]}},{"type":"Feature","properties":{"sqmi":0.25},"geometry":{"type":"Polygon","coordinates":[[[-78.31602,34.08298],[-78.31407,34.0823],[-78.31386,34.08071],[-78.31562,34.07979],[-78.31542,34.0782],[-78.31717,34.07729],[-78.31697,34.0757],[-78.31501,34.07502],[-78.31481,34.07343],[-78.3107,34.0705],[-78.3105,34.06891],[-78.31225,34.06799],[-78.31637,34.07092],[-78.31657,34.07251],[-78.31852,34.07319],[-78.31872,34.07478],[-78.32068,34.07545],[-78.32088,34.07704],[-78.32284,34.07771],[-78.32304,34.0793],[-78.31757,34.08047],[-78.31778,34.08206],[-78.31602,34.08298]]]}},{"type":"Feature","properties":{"sqmi":0.25},"geometry":{"type":"Polygon","coordinates":[[[-79.68132,33.04876],[-79.6827,33.04759],[-79.68224,33.04585],[-79.6804,33.04528],[-79.67993,33.04355],[-79.68131,33.04237],[-79.68546,33.04523],[-79.68592,33.04697],[-79.68776,33.04754],[-79.68822,33.04928],[-79.68363,33.05107],[-79.68409,33.05281],[-79.68271,33.05398],[-79.68317,33.05572],[-79.68179,33.0569],[-79.67995,33.05634],[-79.67949,33.0546],[-79.68087,33.05342],[-79.68041,33.05168],[-79.67857,33.05112],[-79.6781,33.04938],[-79.67948,33.0482],[-79.68132,33.04876]]]}},{"type":"Feature","properties":{"sqmi":0.25},"geometry":{"type":"Polygon","coordinates":[[[-80.64438,32.78341],[-80.64486,32.78516],[-80.64673,32.78571],[-80.64811,32.78451],[-80.64998,32.78506],[-80.65136,32.78386],[-80.65323,32.78441],[-80.65371,32.78616],[-80.65233,32.78736],[-80.65046,32.78681],[-80.64908,32.78801],[-80.64396,32.78811],[-80.64258,32.78931],[-80.64307,32.79106],[-80.64168,32.79226],[-80.63982,32.79171],[-80.63933,32.78996],[-80.64072,32.78876],[-80.64023,32.78701],[-80.63837,32.78646],[-80.63788,32.78471],[-80.63927,32.78351],[-80.64438,32.78341]]]}},{"type":"Feature","properties":{"sqmi":0.25},"geometry":{"type":"Polygon","coordinates":[[[-81.6174,30.86628],[-81.61893,30.86636],[-81.61789,30.86602],[-81.61701,30.86634],[-81.61667,30.86514],[-81.61804,30.8639],[-81.6199,30.86442],[-81.6204,30.86618],[-81.62462,30.86897],[-81.62512,30.87073],[-81.62698,30.87125],[-81.62748,30.87301],[-81.62934,30.87353],[-81.62984,30.87528],[-81.62847,30.87653],[-81.62661,30.87601],[-81.62611,30.87425],[-81.62425,30.87373],[-81.62375,30.87197],[-81.61866,30.87218],[-81.61817,30.87042],[-81.6163,30.8699],[-81.6174,30.86628]]]}},{"type":"Feature","properties":{"sqmi":0.24},"geometry":{"type":"Polygon","coordinates":[[[-76.84272,35.86703],[-76.84179,35.86749],[-76.84195,35.86913],[-76.84396,35.86985],[-76.84405,35.87081],[-76.83965,35.87373],[-76.8356,35.8673],[-76.83577,35.86534],[-76.83443,35.86487],[-76.83332,35.86071],[-76.83318,35.85862],[-76.83328,35.8597],[-76.83529,35.86042],[-76.83545,35.86206],[-76.83746,35.86278],[-76.83762,35.86442],[-76.83962,35.86514],[-76.84147,35.86421],[-76.84236,35.86453],[-76.84272,35.86703]]]}},{"type":"Feature","properties":{"sqmi":0.24},"geometry":{"type":"Polygon","coordinates":[[[-81.14173,32.20072],[-81.14297,32.20108],[-81.14435,32.19987],[-81.14386,32.19811],[-81.14524,32.1969],[-81.14711,32.19743],[-81.1476,32.19919],[-81.14622,32.2004],[-81.14672,32.20216],[-81.14534,32.20337],[-81.14583,32.20513],[-81.14445,32.20634],[-81.14495,32.2081],[-81.14682,32.20864],[-81.14731,32.21039],[-81.14593,32.21161],[-81.14081,32.21175],[-81.14032,32.20999],[-81.1417,32.20878],[-81.14173,32.20072]]]}},{"type":"Feature","properties":{"sqmi":0.23},"geometry":{"type":"Polygon","coordinates":[[[-80.8283,32.56249],[-80.82692,32.56369],[-80.82741,32.56544],[-80.82603,32.56665],[-80.82416,32.56611],[-80.82376,32.56428],[-80.82505,32.56315],[-80.82457,32.5614],[-80.82595,32.56019],[-80.82546,32.55844],[-80.82359,32.5579],[-80.8214,32.55887],[-80.82207,32.55775],[-80.82003,32.55618],[-80.82269,32.55356],[-80.81975,32.55306],[-80.82388,32.55014],[-80.82489,32.55023],[-80.82538,32.55199],[-80.824,32.55319],[-80.82449,32.55494],[-80.82871,32.55778],[-80.8292,32.55953],[-80.82781,32.56074],[-80.8283,32.56249]]]}},{"type":"Feature","properties":{"sqmi":0.23},"geometry":{"type":"Polygon","coordinates":[[[-81.32819,30.01282],[-81.32849,30.01217],[-81.32668,30.01274],[-81.32637,30.01082],[-81.32772,30.00957],[-81.32723,30.00781],[-81.32858,30.00657],[-81.32809,30.00481],[-81.32945,30.00356],[-81.33128,30.00407],[-81.33177,30.00583],[-81.33042,30.00708],[-81.33091,30.00884],[-81.33275,30.00935],[-81.33323,30.0111],[-81.33188,30.01235],[-81.33004,30.01184],[-81.32869,30.01309],[-81.32918,30.01485],[-81.33102,30.01536],[-81.3315,30.01711],[-81.33334,30.01762],[-81.33383,30.01938],[-81.33248,30.02063],[-81.33064,30.02012],[-81.32833,30.01649],[-81.33036,30.01647],[-81.33011,30.01576],[-81.32807,30.0151],[-81.32785,30.01625],[-81.32593,30.01412],[-81.32819,30.01282]]]}},{"type":"Feature","properties":{"sqmi":0.23},"geometry":{"type":"Polygon","coordinates":[[[-81.60609,31.24627],[-81.60422,31.24575],[-81.60285,31.24699],[-81.60335,31.24875],[-81.60198,31.24998],[-81.60248,31.25174],[-81.60111,31.25298],[-81.60161,31.25474],[-81.60024,31.25598],[-81.59813,31.25568],[-81.59665,31.25335],[-81.59788,31.2537],[-81.59925,31.25246],[-81.59875,31.2507],[-81.59688,31.25018],[-81.59638,31.24842],[-81.59775,31.24718],[-81.59962,31.2477],[-81.60099,31.24647],[-81.60049,31.24471],[-81.60186,31.24347],[-81.60696,31.24328],[-81.60746,31.24504],[-81.60609,31.24627]]]}},{"type":"Feature","properties":{"sqmi":0.22},"geometry":{"type":"Polygon","coordinates":[[[-77.01919,35.62733],[-77.01903,35.62569],[-77.01319,35.62519],[-77.01302,35.62356],[-77.01486,35.62263],[-77.0207,35.62313],[-77.02086,35.62477],[-77.02286,35.62548],[-77.02303,35.62711],[-77.02503,35.62782],[-77.02519,35.62946],[-77.02719,35.63017],[-77.02736,35.6318],[-77.02168,35.63294],[-77.01968,35.63223],[-77.01952,35.63059],[-77.02135,35.62967],[-77.02119,35.62804],[-77.01919,35.62733]]]}},{"type":"Feature","properties":{"sqmi":0.22},"geometry":{"type":"Polygon","coordinates":[[[-77.10304,35.3161],[-77.10487,35.31518],[-77.10686,35.31588],[-77.10702,35.31751],[-77.1052,35.31843],[-77.10537,35.32005],[-77.10354,35.32097],[-77.10371,35.3226],[-77.10189,35.32352],[-77.0999,35.32281],[-77.09807,35.32373],[-77.09608,35.32303],[-77.09592,35.3214],[-77.09393,35.32069],[-77.09376,35.31907],[-77.09559,35.31815],[-77.09758,35.31885],[-77.10321,35.31772],[-77.10304,35.3161]]]}},{"type":"Feature","properties":{"sqmi":0.22},"geometry":{"type":"Polygon","coordinates":[[[-77.17995,35.3183],[-77.17978,35.31668],[-77.17779,35.31597],[-77.17763,35.31435],[-77.17945,35.31343],[-77.18144,35.31413],[-77.18161,35.31576],[-77.1836,35.31646],[-77.18923,35.31532],[-77.19122,35.31603],[-77.19139,35.31765],[-77.19338,35.31836],[-77.1952,35.31744],[-77.19719,35.31814],[-77.19736,35.31977],[-77.19173,35.32091],[-77.18974,35.3202],[-77.18957,35.31858],[-77.18758,35.31787],[-77.18576,35.31879],[-77.17995,35.3183]]]}},{"type":"Feature","properties":{"sqmi":0.22},"geometry":{"type":"Polygon","coordinates":[[[-77.55065,34.6387],[-77.55082,34.6403],[-77.54903,34.64122],[-77.54707,34.64053],[-77.54528,34.64144],[-77.54546,34.64305],[-77.54367,34.64397],[-77.5417,34.64328],[-77.54152,34.64167],[-77.54331,34.64075],[-77.54313,34.63915],[-77.54116,34.63845],[-77.54098,34.63685],[-77.54277,34.63593],[-77.54689,34.63892],[-77.54868,34.63801],[-77.5485,34.6364],[-77.54653,34.63571],[-77.54635,34.6341],[-77.54814,34.63318],[-77.55226,34.63617],[-77.55243,34.63778],[-77.55065,34.6387]]]}},{"type":"Feature","properties":{"sqmi":0.22},"geometry":{"type":"Polygon","coordinates":[[[-80.36538,32.54519],[-80.37046,32.54509],[-80.37094,32.54684],[-80.36956,32.54804],[-80.36771,32.54749],[-80.3631,32.54933],[-80.36125,32.54878],[-80.36077,32.54704],[-80.35569,32.54713],[-80.35521,32.54539],[-80.35659,32.54419],[-80.35844,32.54474],[-80.36305,32.5429],[-80.3649,32.54345],[-80.36538,32.54519]]]}},{"type":"Feature","properties":{"sqmi":0.22},"geometry":{"type":"Polygon","coordinates":[[[-80.47491,32.8393],[-80.47629,32.8381],[-80.47581,32.83636],[-80.47719,32.83516],[-80.47905,32.83571],[-80.47953,32.83746],[-80.47815,32.83865],[-80.47863,32.8404],[-80.47725,32.8416],[-80.47773,32.84334],[-80.47635,32.84454],[-80.47448,32.84399],[-80.4731,32.84518],[-80.47124,32.84463],[-80.46986,32.84582],[-80.468,32.84527],[-80.46662,32.84647],[-80.46476,32.84592],[-80.46428,32.84417],[-80.46566,32.84297],[-80.47076,32.84288],[-80.47214,32.84169],[-80.474,32.84224],[-80.47539,32.84104],[-80.47491,32.8393]]]}},{"type":"Feature","properties":{"sqmi":0.22},"geometry":{"type":"Polygon","coordinates":[[[-80.52172,32.68621],[-80.5222,32.68796],[-80.52082,32.68916],[-80.51896,32.68861],[-80.51758,32.68981],[-80.51338,32.68696],[-80.5129,32.68521],[-80.51428,32.68401],[-80.5138,32.68227],[-80.51518,32.68107],[-80.5147,32.67932],[-80.51608,32.67812],[-80.51794,32.67867],[-80.51842,32.68042],[-80.51704,32.68162],[-80.51752,32.68337],[-80.51938,32.68392],[-80.51986,32.68566],[-80.52172,32.68621]]]}},{"type":"Feature","properties":{"sqmi":0.22},"geometry":{"type":"Polygon","coordinates":[[[-80.99267,32.56043],[-80.99405,32.55922],[-80.99356,32.55746],[-80.99169,32.55692],[-80.9912,32.55517],[-80.99258,32.55396],[-80.99347,32.55496],[-80.9934,32.5542],[-80.9985,32.55269],[-81.00096,32.55317],[-81.00234,32.55196],[-81.00422,32.55251],[-81.00471,32.55426],[-81.00333,32.55547],[-80.9982,32.55559],[-80.99682,32.5568],[-80.99731,32.55855],[-80.99593,32.55976],[-80.99642,32.56151],[-80.99504,32.56272],[-80.99316,32.56218],[-80.99267,32.56043]]]}},{"type":"Feature","properties":{"sqmi":0.22},"geometry":{"type":"Polygon","coordinates":[[[-81.39443,29.76677],[-81.39394,29.76501],[-81.39211,29.7645],[-81.39076,29.76575],[-81.38892,29.76525],[-81.38844,29.76349],[-81.38978,29.76224],[-81.39162,29.76275],[-81.39297,29.76149],[-81.39248,29.75974],[-81.39383,29.75849],[-81.39567,29.75899],[-81.39615,29.76075],[-81.39481,29.762],[-81.39529,29.76376],[-81.39713,29.76427],[-81.39762,29.76602],[-81.39627,29.76728],[-81.39676,29.76903],[-81.39859,29.76954],[-81.39908,29.7713],[-81.39773,29.77255],[-81.39589,29.77204],[-81.39541,29.77028],[-81.39357,29.76978],[-81.39308,29.76802],[-81.39443,29.76677]]]}},{"type":"Feature","properties":{"sqmi":0.21},"geometry":{"type":"Polygon","coordinates":[[[-77.42901,34.62618],[-77.43032,34.62689],[-77.42987,34.62789],[-77.43084,34.62743],[-77.43021,34.62568],[-77.43205,34.62633],[-77.43223,34.62794],[-77.4342,34.62863],[-77.43599,34.62771],[-77.43795,34.62841],[-77.43813,34.63001],[-77.43634,34.63093],[-77.43061,34.63046],[-77.42882,34.63137],[-77.429,34.63298],[-77.43096,34.63367],[-77.43114,34.63528],[-77.42934,34.63619],[-77.42524,34.6332],[-77.42506,34.63159],[-77.42686,34.63068],[-77.42668,34.62907],[-77.42847,34.62816],[-77.42901,34.62618]]]}},{"type":"Feature","properties":{"sqmi":0.21},"geometry":{"type":"Polygon","coordinates":[[[-77.46067,34.62868],[-77.45888,34.6296],[-77.45691,34.62891],[-77.45674,34.6273],[-77.45477,34.62661],[-77.4546,34.625],[-77.45639,34.62408],[-77.46049,34.62708],[-77.46229,34.62616],[-77.46425,34.62685],[-77.46604,34.62594],[-77.46587,34.62433],[-77.46766,34.62342],[-77.46962,34.62411],[-77.4698,34.62572],[-77.46801,34.62663],[-77.46818,34.62824],[-77.47015,34.62893],[-77.47033,34.63054],[-77.46854,34.63145],[-77.46657,34.63076],[-77.46639,34.62915],[-77.46067,34.62868]]]}},{"type":"Feature","properties":{"sqmi":0.21},"geometry":{"type":"Polygon","coordinates":[[[-77.97149,34.00194],[-77.97325,34.00103],[-77.9752,34.00171],[-77.97539,34.0033],[-77.97363,34.00421],[-77.97382,34.0058],[-77.97206,34.00671],[-77.97225,34.0083],[-77.97049,34.00921],[-77.96483,34.00877],[-77.96308,34.00968],[-77.96113,34.009],[-77.96094,34.00741],[-77.9627,34.0065],[-77.96251,34.00491],[-77.96427,34.004],[-77.96835,34.00695],[-77.97011,34.00603],[-77.96992,34.00444],[-77.97168,34.00353],[-77.97149,34.00194]]]}},{"type":"Feature","properties":{"sqmi":0.21},"geometry":{"type":"Polygon","coordinates":[[[-78.05246,34.10015],[-78.05266,34.10174],[-78.0509,34.10265],[-78.05109,34.10425],[-78.05519,34.10719],[-78.05538,34.10878],[-78.04991,34.10994],[-78.04424,34.1095],[-78.04405,34.1079],[-78.04952,34.10675],[-78.04933,34.10516],[-78.04737,34.10448],[-78.04718,34.10289],[-78.04894,34.10198],[-78.04875,34.10038],[-78.05051,34.09947],[-78.05246,34.10015]]]}},{"type":"Feature","properties":{"sqmi":0.21},"geometry":{"type":"Polygon","coordinates":[[[-78.09785,34.0275],[-78.0959,34.02682],[-78.09571,34.02523],[-78.09005,34.0248],[-78.08986,34.02321],[-78.08791,34.02253],[-78.08771,34.02094],[-78.08947,34.02003],[-78.09356,34.02297],[-78.09532,34.02205],[-78.10098,34.02249],[-78.10117,34.02408],[-78.10312,34.02476],[-78.10332,34.02634],[-78.10156,34.02726],[-78.09961,34.02658],[-78.09785,34.0275]]]}},{"type":"Feature","properties":{"sqmi":0.21},"geometry":{"type":"Polygon","coordinates":[[[-78.44114,34.03774],[-78.43939,34.03866],[-78.4396,34.04025],[-78.43785,34.04117],[-78.43805,34.04276],[-78.44001,34.04343],[-78.44021,34.04502],[-78.43476,34.04619],[-78.43496,34.04778],[-78.43321,34.0487],[-78.43125,34.04803],[-78.43105,34.04644],[-78.4328,34.04552],[-78.4326,34.04393],[-78.43435,34.04301],[-78.43414,34.04142],[-78.43589,34.0405],[-78.43569,34.03891],[-78.43744,34.03799],[-78.43723,34.0364],[-78.43898,34.03548],[-78.44094,34.03615],[-78.44114,34.03774]]]}},{"type":"Feature","properties":{"sqmi":0.21},"geometry":{"type":"Polygon","coordinates":[[[-79.33969,33.21181],[-79.34106,33.21064],[-79.34519,33.21351],[-79.34656,33.21235],[-79.3484,33.21291],[-79.34885,33.21465],[-79.34747,33.21582],[-79.34793,33.21756],[-79.34976,33.21812],[-79.35022,33.21986],[-79.34884,33.22103],[-79.3438,33.22106],[-79.34334,33.21932],[-79.34472,33.21816],[-79.34426,33.21642],[-79.34014,33.21355],[-79.33969,33.21181]]]}},{"type":"Feature","properties":{"sqmi":0.21},"geometry":{"type":"Polygon","coordinates":[[[-79.47826,33.21319],[-79.47964,33.21202],[-79.48148,33.21258],[-79.48194,33.21432],[-79.48607,33.21719],[-79.48653,33.21893],[-79.48194,33.2207],[-79.4801,33.22014],[-79.4755,33.22191],[-79.47367,33.22134],[-79.47321,33.21961],[-79.47459,33.21844],[-79.47964,33.2184],[-79.48102,33.21723],[-79.48056,33.21549],[-79.47872,33.21492],[-79.47826,33.21319]]]}},{"type":"Feature","properties":{"sqmi":0.21},"geometry":{"type":"Polygon","coordinates":[[[-81.13234,32.20609],[-81.13047,32.20555],[-81.12909,32.20677],[-81.1276,32.20634],[-81.12673,32.20448],[-81.12811,32.20326],[-81.12998,32.2038],[-81.13136,32.20258],[-81.13086,32.20083],[-81.13224,32.19961],[-81.13736,32.19947],[-81.13863,32.19787],[-81.14146,32.20213],[-81.14101,32.20697],[-81.13933,32.20649],[-81.13884,32.20473],[-81.14022,32.20352],[-81.13973,32.20176],[-81.13461,32.2019],[-81.13323,32.20312],[-81.13372,32.20487],[-81.13234,32.20609]]]}},{"type":"Feature","properties":{"sqmi":0.2},"geometry":{"type":"Polygon","coordinates":[[[-80.75725,32.55492],[-80.76389,32.5579],[-80.76427,32.55906],[-80.76423,32.55796],[-80.76538,32.5587],[-80.7641,32.55982],[-80.76459,32.56157],[-80.76609,32.56201],[-80.76525,32.56259],[-80.76605,32.56275],[-80.76572,32.5644],[-80.76516,32.56355],[-80.76392,32.56305],[-80.76292,32.56405],[-80.76496,32.56369],[-80.76563,32.56481],[-80.76353,32.566],[-80.7647,32.56683],[-80.76433,32.56792],[-80.7628,32.56748],[-80.76231,32.56573],[-80.76045,32.56518],[-80.75996,32.56343],[-80.76134,32.56223],[-80.76086,32.56048],[-80.75899,32.55993],[-80.75725,32.55492]]]}},{"type":"Feature","properties":{"sqmi":0.19},"geometry":{"type":"Polygon","coordinates":[[[-77.10011,35.19114],[-77.0964,35.18732],[-77.09509,35.18178],[-77.09294,35.17945],[-77.09476,35.17853],[-77.09674,35.17924],[-77.09691,35.18086],[-77.09889,35.18156],[-77.09906,35.18319],[-77.09724,35.1841],[-77.0974,35.18573],[-77.09939,35.18643],[-77.09955,35.18805],[-77.10154,35.18876],[-77.1017,35.19038],[-77.10369,35.19109],[-77.10931,35.18995],[-77.11095,35.19054],[-77.11025,35.19181],[-77.11183,35.19341],[-77.11068,35.19418],[-77.1077,35.19167],[-77.10011,35.19114]]]}}]}